鄉鎮市區,交易標的,土地位置建物門牌,土地面積平方公尺,都市土地使用分區,非都市土地使用分區,非都市土地使用編定,租賃年月日,租賃筆棟數,租賃層次,總樓層數,建物型態,主要用途,主要建材,建築完成年月,建物總面積平方公尺,建物現況格局-房,建物現況格局-廳,建物現況格局-衛,建物現況格局-隔間,有無管理組織,有無附傢俱,總額元,單價元平方公尺,車位類別,車位面積平方公尺,車位總額元,備註,編號,出租型態,有無管理員,租賃期間,有無電梯,附屬設備,租賃住宅服務
The villages and towns urban district,transaction sign,land sector position building sector house number plate,land shifting total area square meter,the use zoning or compiles and checks,the non-metropolis land use district,non-metropolis land use,transaction year month and day,transaction pen number,shifting level,total floor number,building state,main use,main building materials,construction to complete the years,building shifting total area,Building present situation pattern - room,building present situation pattern - hall,building present situation pattern - health,building present situation pattern - compartmented,Whether there is manages the organization,Whether there is attaches the furniture,total price NTD,the unit price (NTD / square meter),the berth category,berth shifting total area square meter,the berth total price NTD,the note,serial number,Rental type,Residential Manager,Rental period,elevator,equipment,Rental residential services
屏東市,租賃房屋,屏東縣屏東市民和二路４８之１０號７樓,0.0,,,,1141112,土地0建物1車位0,七層,8,華廈(10層含以下有電梯),辦公室,鋼筋混凝土造,0960530,16.2,1,1,1,有,有,有,5500,340,,0.0,0,,RPPNMLMKJIKGFAT88CC,獨立套房,有,1141115~1151114,有,冷氣、熱水器、洗衣機、電視機、冰箱,社會住宅代管
內埔鄉,租賃房屋,屏東縣內埔鄉惠陽街３４號四樓,0.0,,,,1141111,土地0建物1車位0,四層,6,華廈(10層含以下有電梯),住家用,鋼筋混凝土造,0830915,133.5,3,1,2,有,有,有,11000,82,,0.0,0,,RPPNMLMKJIKGFCT09CC,整棟(戶)出租,有,1141114~1151113,有,冷氣、熱水器、洗衣機、電視機、冰箱、瓦斯或天然氣、網路,社會住宅包租轉租
長治鄉,租賃房屋,屏東縣長治鄉長春街一段５２號４樓之１,0.0,,,,1141111,土地0建物1車位0,四層,6,華廈(10層含以下有電梯),辦公室,鋼筋混凝土造,0930630,22.43,1,0,1,有,有,有,4300,192,,0.0,0,含增建或未登記建物；續租案件；,RPPNMLNKJIKGFAT98CC,獨立套房,有,1141225~1150624,有,冷氣、熱水器、電視機、冰箱、網路,一般代管
屏東市,租賃房屋,屏東縣屏東市光復路３５８巷１２之１號,0.0,,,,1141113,土地0建物1車位0,全,2,透天厝,住家用,加強磚造,0700930,95.86,3,2,2,有,無,有,10000,104,,0.0,0,,RPRNMLNKJIKGFAT56CC,整棟(戶)出租,無,1141115~1151114,無,冷氣、熱水器、洗衣機、電視機、冰箱,社會住宅代管
屏東市,租賃房屋,屏東縣屏東市廣東路１５８６巷１弄２號,0.0,,,,1141111,土地0建物1車位0,全,4,透天厝,住宅、機械房,鋼筋混凝土造,0891230,179.81,4,1,2,有,有,有,18000,100,,0.0,0,,RPPNMLRKJIKGFAT76CC,整棟(戶)出租,無,1141112~1151111,無,冷氣、熱水器、瓦斯或天然氣,社會住宅代管
屏東市,租賃房屋,屏東縣屏東市民教路８２號２樓之１,0.0,,,,1141118,土地0建物1車位0,二層,5,華廈(10層含以下有電梯),集合住宅,鋼筋混凝土造,1140117,56.489999999999995,22,1,1,有,無,有,18500,327,,0.0,0,,RPSNMLSKJIKGFAT17CC,整棟(戶)出租,無,1141120~1151119,有,冷氣、熱水器、洗衣機、電視機、冰箱,社會住宅代管
屏東市,租賃房屋,屏東縣屏東市安心四橫巷２４１號１樓,0.0,,,,1141117,土地0建物1車位0,一層,2,店面(店鋪),住家用,加強磚造,0681218,51.03,1,1,1,有,無,無,8000,157,,0.0,0,114/11/17裝修期開始至115/2/19止租金總額含網路費；,RPUNMLSKJIKGFAT37CC,,無,1150220~1170220,無,冷氣、網路,
林邊鄉,租賃房屋,屏東縣林邊鄉中山路４６之１號,0.0,,,,1141111,土地0建物1車位0,全,3,透天厝,店鋪　住宅,鋼筋混凝土造,0710927,154.13,3,2,2,有,無,有,10000,65,,0.0,0,續租案件；,RPPNMLSKJIKGFDT17CC,整棟(戶)出租,無,1141215~1151214,無,,社會住宅包租轉租
屏東市,租賃房屋,屏東縣屏東市清寧街３２號５樓之２,0.0,,,,1141119,土地0建物1車位0,五層,12,住宅大樓(11層含以上有電梯),住家用,鋼筋混凝土造,0840525,136.48000000000002,3,2,2,有,有,無,12000,88,,0.0,0,,RPPNMLTKJIKGFAT96CC,整棟(戶)出租,有,1141201~1151130,有,熱水器、洗衣機,社會住宅包租轉租
屏東市,租賃房屋,屏東縣屏東市建和街１３號,0.0,,,,1141118,土地0建物1車位0,見其他登記事項,1,工廠,工場﹝廠﹞,鋼骨造,1130503,180.48,0,0,0,無,無,無,43000,,,0.0,0,,RPRNMLTKJIKGFAT17CC,,無,1141118~1191219,無,,
長治鄉,租賃房屋,屏東縣長治鄉長春街一段５２號６樓之７,0.0,,,,1141111,土地0建物1車位0,六層,6,華廈(10層含以下有電梯),辦公室,鋼筋混凝土造,0930630,21.7,1,0,1,有,有,有,4150,191,,0.0,0,含增建或未登記建物；續租案件；,RPSNMLTKJIKGFAT27CC,獨立套房,有,1141120~1150519,有,冷氣、熱水器、電視機、冰箱、網路,一般代管
屏東市,租賃房屋,屏東縣屏東市機場北路４５８號１２樓,0.0,,,,1141116,土地0建物1車位0,十二層,14,住宅大樓(11層含以上有電梯),集合住宅,鋼筋混凝土造,0881204,120.94,3,2,2,有,有,無,19000,157,,0.0,0,,RPPNMLKLJIKGFAT78CC,整棟(戶)出租,有,1141121~1151120,有,冷氣、熱水器、洗衣機、電視機、瓦斯或天然氣,
屏東市,租賃房屋,屏東縣屏東市建國路１１９巷１之９號,0.0,,,,1141119,土地0建物0車位0,四層,4,公寓(5樓含以下無電梯),住家用,鋼筋混凝土造,0790806,18.0,7,0,7,有,無,有,7000,389,,0.0,0,租金總額含網路費；含增建或未登記建物；租賃建物部分範圍，且未計入共有部分面積；,RPQNMLKLJIKGFAT88CC,分租套房,無,1141125~1150224,無,冷氣、熱水器、電視機、冰箱、網路,一般轉租
屏東市,租賃房屋,屏東縣屏東市自立路１６８巷４弄４３號,63.0,住,,,1141120,土地1建物1車位0,全,3,透天厝,住家用,鋼筋混凝土造,0731108,93.6,4,2,2,有,無,有,19500,208,,0.0,0,,RPRNMLKLJIKGFAT98CC,整棟(戶)出租,無,1141201~1151130,無,冷氣、熱水器,
長治鄉,租賃房屋,屏東縣長治鄉香楊路３３號五樓之１２,0.0,,,,1141120,土地0建物1車位0,五層,12,住宅大樓(11層含以上有電梯),住家用,鋼筋混凝土造,0841006,26.810000000000002,1,1,1,有,有,有,6500,242,,0.0,0,,RPSNMLKLJIKGFAT09CC,獨立套房,有,1141120~1151119,有,冷氣、熱水器、洗衣機,社會住宅代管
潮州鎮,租賃房屋,屏東縣潮州鎮三德路２５號四樓之二十六,0.0,,,,1141117,土地0建物1車位0,四層,8,華廈(10層含以下有電梯),住家用,鋼筋混凝土造,0830120,98.12,2,1,1,有,有,有,10000,102,,0.0,0,未租賃車位，建物登記含有車位面積；,RPPNMLKLJIKGFCT98CC,整棟(戶)出租,有,1141120~1151119,有,冷氣、熱水器、電視機、冰箱、瓦斯或天然氣,社會住宅代管
屏東市,租賃房屋,屏東縣屏東市民教路８２號３樓之２,0.0,,,,1141121,土地0建物1車位0,三層,5,華廈(10層含以下有電梯),集合住宅,鋼筋混凝土造,1140117,46.129999999999995,1,1,1,有,無,有,15000,325,,0.0,0,,RPPNMLLLJIKGFAT88CC,獨立套房,無,1141122~1151121,有,冷氣、熱水器、洗衣機、電視機,社會住宅代管
屏東市,租賃房屋,屏東縣屏東市建國路１１９巷１之９號,0.0,,,,1141124,土地0建物0車位0,四層,4,公寓(5樓含以下無電梯),住家用,鋼筋混凝土造,0790806,18.0,7,0,7,有,無,有,7500,417,,0.0,0,租金總額含網路費；含增建或未登記建物；租賃建物部分範圍，且未計入共有部分面積；,RPPNMLOLJIKGFAT56CC,分租套房,無,1141129~1150128,無,冷氣、熱水器、電視機、冰箱、網路,一般轉租
屏東市,租賃房屋,屏東縣屏東市崇德一路８０之７號二樓之六,0.0,,,,1141119,土地0建物1車位0,二層,5,華廈(10層含以下有電梯),集合住宅,鋼筋混凝土造,1111223,113.24000000000001,2,1,2,有,有,有,13500,119,,0.0,0,未租賃車位，建物登記含有車位面積；,RPQNMLOLJIKGFAT66CC,整棟(戶)出租,有,1141125~1151124,有,冷氣、熱水器、瓦斯或天然氣,社會住宅包租轉租
屏東市,租賃房屋,屏東縣屏東市機場北路５００號十四樓之九,0.0,,,,1141120,土地0建物1車位0,十四層,16,住宅大樓(11層含以上有電梯),集合住宅,鋼筋混凝土造,0890202,56.87,1,0,1,有,有,有,9600,169,,0.0,0,,RPRNMLOLJIKGFAT76CC,獨立套房,有,1141122~1151121,有,冷氣、熱水器、洗衣機、冰箱、瓦斯或天然氣,社會住宅代管
屏東市,租賃房屋,屏東縣屏東市武昌街８５號四樓之二,0.0,,,,1141121,土地0建物1車位0,四層,5,公寓(5樓含以下無電梯),住家用,鋼筋混凝土造,0831219,115.69,3,2,2,有,無,有,11500,99,,0.0,0,,RPSNMLOLJIKGFAT86CC,整棟(戶)出租,無,1141125~1151124,無,冷氣、熱水器、洗衣機、電視機、冰箱、瓦斯或天然氣,社會住宅包租轉租
內埔鄉,租賃房屋,屏東縣內埔鄉壽比路２３０號４樓之２,0.0,,,,1141120,土地0建物0車位0,四層,7,華廈(10層含以下有電梯),集合住宅,鋼筋混凝土構造,1051104,30.47,2,0,2,有,有,有,5500,181,,0.0,0,租金總額含管理費；網路費；,RPPNMLOLJIKGFCT76CC,分租套房,有,1141201~1160630,有,冷氣、熱水器、洗衣機、電視機、冰箱、有線電視、網路,一般代管
潮州鎮,租賃房屋,屏東縣潮州鎮福樂街３０號,97.55,住,,,1141123,土地1建物1車位0,全,4,透天厝,住宅,鋼筋混凝土構造,0810901,163.53,4,2,3,有,無,有,16000,98,,0.0,0,,RPQNMLOLJIKGFCT86CC,分層出租,無,1141201~1151130,無,冷氣、熱水器、洗衣機、電視機、冰箱,
內埔鄉,租賃房屋,屏東縣內埔鄉南山路８８號５樓之４１,0.0,,,,1141117,土地0建物1車位0,五層,6,華廈(10層含以下有電梯),見使用執照,鋼筋混凝土造,0930712,19.15,1,0,1,有,有,有,3200,167,,0.0,0,含增建或未登記建物；,RPRNMLOLJIKGFCT96CC,獨立套房,有,1141201~1151130,有,冷氣、熱水器、電視機、冰箱、網路,一般代管
東港鎮,租賃房屋,屏東縣東港鎮興東一街５５巷２０號二樓之一,0.0,,,,1141124,土地0建物1車位0,二層,5,華廈(10層含以下有電梯),集合住宅,鋼筋混凝土構造,1090713,86.1,2,2,1,有,有,有,11500,134,,0.0,0,,RPPNMLPLJIKGFDT96CC,整棟(戶)出租,有,1141125~1151124,有,冷氣、熱水器、瓦斯或天然氣,社會住宅包租轉租
屏東市,租賃房屋,屏東縣屏東市台糖一街１６巷２１之３號,0.0,,,,1141114,土地0建物1車位0,四層,5,公寓(5樓含以下無電梯),集合住宅,鋼筋混凝土造,0731120,94.72999999999999,3,2,1,有,無,有,8800,93,,0.0,0,續租案件；,RPPNMLQLJIKGFAT76CC,整棟(戶)出租,無,1141222~1151221,無,冷氣、熱水器、洗衣機、電視機、冰箱、瓦斯或天然氣,社會住宅包租轉租
屏東市,租賃房屋,屏東縣屏東市民和二路４８之２２號五樓,0.0,,,,1141124,土地0建物1車位0,五層,8,華廈(10層含以下有電梯),辦公室,鋼筋混凝土造,0960530,16.13,1,1,1,有,有,有,3800,236,,0.0,0,,RPQNMLQLJIKGFAT86CC,獨立套房,有,1141125~1151124,有,冷氣、熱水器、電視機、冰箱,社會住宅包租轉租
屏東市,租賃房屋,屏東縣屏東市機場北路６３８號十樓,0.0,,,,1141114,土地0建物1車位0,十層,14,住宅大樓(11層含以上有電梯),集合住宅,鋼筋混凝土造,0881204,61.54,2,2,1,有,有,有,9500,154,,0.0,0,續租案件；,RPRNMLQLJIKGFAT96CC,整棟(戶)出租,有,1141118~1151117,有,冷氣、熱水器、洗衣機、電視機、冰箱、瓦斯或天然氣,社會住宅包租轉租
屏東市,租賃房屋,屏東縣屏東市公正街９３巷６號,0.0,,,,1141119,土地0建物1車位0,全,2,透天厝,住家用,加強磚造,0681029,81.6,3,2,1,有,無,無,10000,123,,0.0,0,續租案件；,RPSNMLQLJIKGFAT07CC,整棟(戶)出租,無,1150110~1160109,無,,社會住宅包租轉租
屏東市,租賃房屋,屏東縣屏東市香揚巷２之１０號,0.0,,,,1141114,土地0建物1車位0,全,2,透天厝,住家用,加強磚造,0770307,85.26,4,2,2,有,無,有,16000,188,,0.0,0,續租案件；,RPTNMLQLJIKGFAT17CC,整棟(戶)出租,無,1141203~1151202,無,冷氣、熱水器、洗衣機、冰箱、瓦斯或天然氣,社會住宅包租轉租
屏東市,租賃房屋,屏東縣屏東市清進路８２８巷３號三樓,0.0,,,,1141114,土地0建物1車位0,三層,4,公寓(5樓含以下無電梯),住家用,鋼筋混凝土造,0850110,34.239999999999995,1,1,1,有,無,有,4500,131,,0.0,0,續租案件；,RPUNMLQLJIKGFAT27CC,獨立套房,無,1141218~1151217,無,冷氣、熱水器,社會住宅代管
屏東市,租賃房屋,屏東縣屏東市徐州路１４８之２號,0.0,,,,1141118,土地0建物1車位0,三層,5,公寓(5樓含以下無電梯),住家用,鋼筋混凝土造,0790417,92.73,3,2,2,有,無,無,9000,97,,0.0,0,續租案件；,RPVNMLQLJIKGFAT37CC,整棟(戶)出租,無,1141217~1151216,無,冷氣、熱水器、瓦斯或天然氣,社會住宅代管
屏東市,租賃房屋,屏東縣屏東市長春街２５之７號,0.0,,,,1141117,土地0建物1車位0,五層,5,公寓(5樓含以下無電梯),住家用,鋼筋混凝土造,0781124,105.91,4,2,2,有,無,有,8500,80,,0.0,0,續租案件；,RPWNMLQLJIKGFAT47CC,整棟(戶)出租,無,1141210~1151209,無,熱水器、洗衣機、冰箱、瓦斯或天然氣,社會住宅代管
屏東市,租賃房屋,屏東縣屏東市莊敬街一段１０６巷２４之４號,0.0,,,,1141118,土地0建物1車位0,五層,5,公寓(5樓含以下無電梯),公寓,鋼筋混凝土造,0701230,78.14,3,2,2,有,無,有,15000,192,,0.0,0,續租案件；,RPPOMLQLJIKGFAT86CC,整棟(戶)出租,無,1141206~1151205,無,冷氣、熱水器、洗衣機、電視機、冰箱、瓦斯或天然氣,社會住宅代管
屏東市,租賃房屋,屏東縣屏東市大武路１０之３號,0.0,,,,1141121,土地0建物1車位0,四層,5,公寓(5樓含以下無電梯),住家用,鋼筋混凝土造,0720330,79.75,3,2,2,有,無,無,8800,110,,0.0,0,續租案件；,RPQOMLQLJIKGFAT96CC,整棟(戶)出租,無,1141225~1151229,無,冷氣、熱水器、冰箱、瓦斯或天然氣,社會住宅包租轉租
屏東市,租賃房屋,屏東縣屏東市機場北路４６２號四樓,0.0,,,,1141121,土地0建物1車位0,四層,14,住宅大樓(11層含以上有電梯),集合住宅,鋼筋混凝土造,0881204,59.25,2,1,1,有,有,有,9500,160,,0.0,0,續租案件；,RPROMLQLJIKGFAT07CC,整棟(戶)出租,有,1141225~1151224,有,冷氣、熱水器、洗衣機、電視機、冰箱、瓦斯或天然氣,社會住宅代管
內埔鄉,租賃房屋,屏東縣內埔鄉永光路１０之４號四樓,0.0,,,,1141120,土地0建物1車位0,四層,9,華廈(10層含以下有電梯),住家用,鋼筋混凝土造,0830207,135.10999999999999,4,2,2,有,有,無,13000,96,,0.0,0,續租案件；,RPPNMLQLJIKGFCT96CC,整棟(戶)出租,有,1141204~1151203,有,熱水器、瓦斯或天然氣,社會住宅包租轉租
潮州鎮,租賃房屋,屏東縣潮州鎮壽星路８號八樓之七,0.0,,,,1141126,土地0建物1車位0,八層,11,住宅大樓(11層含以上有電梯),住家用,鋼筋混凝土造,0840104,124.56,3,2,2,有,無,無,16500,132,,0.0,0,,RPQNMLQLJIKGFCT07CC,整棟(戶)出租,無,1141215~1151214,有,冷氣、熱水器、洗衣機、冰箱,社會住宅代管
長治鄉,租賃房屋,屏東縣長治鄉長春街一段５２號６樓之１５,0.0,,,,1141119,土地0建物1車位0,六層,6,華廈(10層含以下有電梯),辦公室,鋼筋混凝土造,0930630,43.260000000000005,1,0,1,有,有,有,4050,94,,0.0,0,含增建或未登記建物；,RPPNMLRLJIKGFAT86CC,獨立套房,有,1141120~1150519,有,冷氣、熱水器、電視機、冰箱、網路,一般代管
屏東市,租賃房屋,屏東縣屏東市公裕街３５３巷３８-６號二樓,0.0,,,,1141116,土地0建物1車位0,二層,4,華廈(10層含以下有電梯),辦公室,鋼筋混凝土造,0970305,13.73,1,0,1,有,有,有,3500,255,,0.0,0,含增建或未登記建物；續租案件；,RPQNMLRLJIKGFAT96CC,獨立套房,有,1141117~1150516,有,冷氣、熱水器、電視機、冰箱、網路,一般代管
屏東市,租賃房屋,屏東縣屏東市公裕街１６９巷４之４號,0.0,,,,1141114,土地0建物1車位0,五層,5,公寓(5樓含以下無電梯),公寓,鋼筋混凝土造,0701221,64.25,3,2,1,有,無,有,9000,140,,0.0,0,續租案件；,RPRNMLRLJIKGFAT07CC,整棟(戶)出租,無,1141201~1151130,無,冷氣、熱水器、洗衣機、電視機、冰箱,社會住宅包租轉租
萬丹鄉,租賃房屋,屏東縣萬丹鄉成功街二段３０２巷１０號四樓之三,0.0,,,,1141119,土地0建物1車位0,四層,5,華廈(10層含以下有電梯),集合住宅,鋼筋混凝土造,1120417,123.63,3,2,2,有,有,有,17200,139,,0.0,0,未租賃車位，建物登記含有車位面積；續租案件；,RPSNMLRLJIKGFAT17CC,整棟(戶)出租,有,1141221~1151220,有,冷氣、熱水器、洗衣機、冰箱、瓦斯或天然氣,社會住宅包租轉租
屏東市,租賃房屋,屏東縣屏東市中正路７９４號,20.0,住,,,1141112,土地1建物1車位0,全,3,透天厝,住商用,鋼筋混凝土造,0700501,28.0,5,0,5,有,無,有,6500,232,,0.0,0,,RPPNMLSLJIKGFAT96CC,獨立套房,無,1141115~1150514,無,冷氣、冰箱,一般轉租
屏東市,租賃房屋,屏東縣屏東市建和街１６號,0.0,,,,1141201,土地0建物1車位0,見其他登記事項,1,工廠,廠房,鋼骨構造,1110303,175.0,0,0,0,無,無,無,40000,,,0.0,0,,RPPNMLLJKIKGFAT78CC,,無,1141201~1191231,無,,
長治鄉,租賃房屋,屏東縣長治鄉香楊路３３號五樓之９,0.0,,,,1141128,土地0建物1車位0,五層,12,住宅大樓(11層含以上有電梯),住家用,鋼筋混凝土造,0841006,47.04,1,1,1,有,有,有,11000,234,,0.0,0,租金總額含管理費；,RPQNMLLJKIKGFAT88CC,獨立套房,有,1141201~1151130,有,冷氣、熱水器、洗衣機、電視機、冰箱,
長治鄉,租賃房屋,屏東縣長治鄉長春街一段５２號５樓之６,0.0,,,,1141121,土地0建物1車位0,五層,6,華廈(10層含以下有電梯),辦公室,鋼筋混凝土造,0930630,21.8,1,0,1,有,有,有,4150,190,,0.0,0,含增建或未登記建物；續租案件；,RPRNMLLJKIKGFAT98CC,獨立套房,有,1141121~1150520,有,冷氣、熱水器、電視機、冰箱、網路,一般代管
長治鄉,租賃房屋,屏東縣長治鄉長春街一段５２號６樓之１３,0.0,,,,1141201,土地0建物1車位0,六層,6,華廈(10層含以下有電梯),辦公室,鋼筋混凝土造,0930630,35.07,1,0,1,有,有,有,4000,114,,0.0,0,含增建或未登記建物；續租案件；,RPSNMLLJKIKGFAT09CC,獨立套房,有,1141225~1151224,有,冷氣、熱水器、電視機、冰箱、網路,一般代管
屏東市,租賃房屋,屏東縣屏東市民和二路４８-３號７樓,0.0,,,,1141130,土地0建物1車位0,七層,8,華廈(10層含以下有電梯),辦公室,鋼筋混凝土造,0960530,16.3,1,0,1,有,有,有,4000,245,,0.0,0,含增建或未登記建物；續租案件；,RPTNMLLJKIKGFAT56CC,獨立套房,有,1141201~1150531,有,冷氣、熱水器、電視機、冰箱、網路,一般代管
屏東市,租賃房屋,屏東縣屏東市公裕街３５３巷３８-１０號三樓,0.0,,,,1141125,土地0建物1車位0,三層,4,華廈(10層含以下有電梯),辦公室,鋼筋混凝土造,0970305,14.61,1,0,1,有,有,有,3600,246,,0.0,0,含增建或未登記建物；續租案件；,RPUNMLLJKIKGFAT66CC,獨立套房,有,1141201~1150531,有,冷氣、熱水器、電視機、冰箱、網路,一般代管
屏東市,租賃房屋,屏東縣屏東市公裕街３５３巷３８-２５號四樓,0.0,,,,1141125,土地0建物1車位0,四層,4,華廈(10層含以下有電梯),辦公室,鋼筋混凝土造,0970305,14.61,1,0,1,有,有,有,3600,246,,0.0,0,含增建或未登記建物；續租案件；,RPVNMLLJKIKGFAT76CC,獨立套房,有,1141204~1150603,有,冷氣、熱水器、電視機、冰箱、網路,一般代管
潮州鎮,租賃房屋,屏東縣潮州鎮自由路２００巷１７號,82.68,住,,,1141130,土地1建物1車位0,全,3,透天厝,住家用,鋼筋混凝土造,0960912,163.85,4,2,3,有,無,有,23000,140,,0.0,0,,RPPNMLLJKIKGFCT98CC,整棟(戶)出租,無,1141215~1151214,無,冷氣、熱水器、洗衣機、冰箱、瓦斯或天然氣,
屏東市,租賃房屋,屏東縣屏東市公成路４巷１３號,0.0,,,,1141121,土地0建物1車位0,全,1,透天厝,住家用,磚造,,62.75,4,1,2,有,無,有,12000,191,,0.0,0,續租案件；,RPQNMLMJKIKGFAT98CC,整棟(戶)出租,無,1141205~1151204,無,熱水器、洗衣機、電視機、冰箱、瓦斯或天然氣,社會住宅代管
屏東市,租賃房屋,屏東縣屏東市民富街６巷１０號六樓之三,0.0,,,,1141127,土地0建物1車位0,六層,6,華廈(10層含以下有電梯),住家用,鋼筋混凝土造,0820927,107.47,3,2,2,有,有,有,14300,133,,0.0,0,未租賃車位，建物登記含有車位面積；續租案件；,RPRNMLMJKIKGFAT09CC,整棟(戶)出租,有,1150102~1160101,有,冷氣、熱水器、洗衣機、冰箱、瓦斯或天然氣,社會住宅代管
屏東市,租賃房屋,屏東縣屏東市永信三巷１之２號,0.0,,,,1141124,土地0建物1車位0,全,3,透天厝,住商用,鋼筋混凝土加強磚造,0660620,131.46,4,2,1,有,無,有,12000,91,,0.0,0,續租案件；,RPSNMLMJKIKGFAT56CC,整棟(戶)出租,無,1141125~1151124,無,熱水器、瓦斯或天然氣,社會住宅包租轉租
屏東市,租賃房屋,屏東縣屏東市華盛街２１號二樓之一,0.0,,,,1141120,土地0建物1車位0,二層,14,住宅大樓(11層含以上有電梯),集合住宅,鋼筋混凝土造,0930909,161.25,3,2,2,有,有,無,15000,93,,0.0,0,續租案件；,RPTNMLMJKIKGFAT66CC,整棟(戶)出租,有,1141220~1151219,有,冷氣、熱水器、瓦斯或天然氣,社會住宅代管
屏東市,租賃房屋,屏東縣屏東市中華路２６６號,0.0,,,,1141124,土地0建物1車位0,全,3,透天厝,住家用,鋼筋混凝土造,,114.39,5,2,3,有,無,有,12000,105,,0.0,0,續租案件；,RPUNMLMJKIKGFAT76CC,整棟(戶)出租,無,1141231~1151230,無,冷氣、熱水器、瓦斯或天然氣,社會住宅包租轉租
長治鄉,租賃房屋,屏東縣長治鄉合興路５巷１８號三樓之二,0.0,,,,1141125,土地0建物1車位0,三層,5,華廈(10層含以下有電梯),集合住宅,鋼筋混凝土造,1110916,126.47,3,2,2,有,有,有,18800,149,,0.0,0,續租案件；,RPVNMLMJKIKGFAT86CC,整棟(戶)出租,有,1141129~1151004,有,冷氣、熱水器、洗衣機、冰箱、瓦斯或天然氣,社會住宅代管
屏東市,租賃房屋,屏東縣屏東市大武路２３７巷７之５號,0.0,,,,1141126,土地0建物1車位0,全,5,透天厝,停車空間、集合住宅,鋼筋混凝土造,0930102,187.08,4,2,3,有,無,有,13000,69,,0.0,0,續租案件；,RPWNMLMJKIKGFAT96CC,整棟(戶)出租,無,1141221~1151220,無,冷氣、熱水器、洗衣機、電視機、冰箱、瓦斯或天然氣,社會住宅包租轉租
萬丹鄉,租賃房屋,屏東縣萬丹鄉成功街二段３０２巷８號四樓之三,0.0,,,,1141128,土地0建物1車位0,四層,5,華廈(10層含以下有電梯),集合住宅,鋼筋混凝土造,1120417,126.18,3,2,2,有,有,有,17200,136,,0.0,0,未租賃車位，建物登記含有車位面積；續租案件；,RPXNMLMJKIKGFAT07CC,整棟(戶)出租,有,1141227~1151226,有,冷氣、熱水器、洗衣機、冰箱、瓦斯或天然氣,社會住宅包租轉租
內埔鄉,租賃房屋,屏東縣內埔鄉新豐路１７３號２樓之２,0.0,,,,1141202,土地0建物1車位0,二層,7,華廈(10層含以下有電梯),集合住宅,鋼筋混凝土造,1121101,90.16999999999999,3,2,2,有,無,有,13000,144,,0.0,0,,RPPNMLMJKIKGFCT09CC,整棟(戶)出租,無,1141202~1151201,有,冷氣、熱水器、洗衣機、冰箱,社會住宅包租轉租
屏東市,租賃房屋,屏東縣屏東市中華路３３８巷２號,0.0,,,,1141119,土地0建物0車位0,全,2,透天厝,住家用,鋼筋混凝土加強磚造,0630319,16.0,4,0,4,有,無,無,8000,500,,0.0,0,,RPQNMLNJKIKGFAT09CC,分租套房,無,1141119~1151118,無,熱水器,一般包租
長治鄉,租賃房屋,屏東縣長治鄉園南路５號,0.0,,,,1141120,土地0建物1車位0,見其他登記事項,1,工廠,工廠,鋼骨構造,1090911,1454.0,0,0,0,無,無,無,220000,,,0.0,0,租金總額含稅；,RPRNMLNJKIKGFAT56CC,,無,1141201~1151231,無,,
屏東市,租賃房屋,屏東縣屏東市建國路３２２號,0.0,,,,1141201,土地0建物1車位0,見其他登記事項,1,工廠,廠房,鋼骨構造,1110923,350.2,0,0,0,無,無,無,90000,,,0.0,0,,RPSNMLNJKIKGFAT66CC,,無,1141201~1240731,無,,
屏東市,租賃房屋,屏東縣屏東市民教路８２號２樓之２,0.0,,,,1141203,土地0建物1車位0,二層,5,華廈(10層含以下有電梯),集合住宅,鋼筋混凝土造,1140117,46.129999999999995,1,1,1,有,有,有,14000,303,,0.0,0,,RPTNMLNJKIKGFAT76CC,獨立套房,無,1141205~1151204,有,冷氣、熱水器、洗衣機、電視機,社會住宅代管
內埔鄉,租賃房屋,屏東縣內埔鄉壽比路２６１號４樓之１１,0.0,,,,1141201,土地0建物1車位0,四層,5,華廈(10層含以下有電梯),集合住宅,鋼筋混凝土造,0920501,21.64,1,0,1,有,有,有,3000,139,,0.0,0,含增建或未登記建物；續租案件；,RPPNMLNJKIKGFCT56CC,獨立套房,有,1141216~1150615,有,冷氣、熱水器、電視機、冰箱、網路,一般代管
內埔鄉,租賃房屋,屏東縣內埔鄉壽比路２６９號４樓之１０,0.0,,,,1141118,土地0建物1車位0,四層,5,華廈(10層含以下有電梯),見使用執照,鋼筋混凝土造,0920501,21.64,1,0,1,有,有,有,3000,139,,0.0,0,含增建或未登記建物；續租案件；,RPQNMLNJKIKGFCT66CC,獨立套房,有,1141119~1150518,有,冷氣、熱水器、電視機、冰箱、網路,一般代管
內埔鄉,租賃房屋,屏東縣內埔鄉壽比路２６９號４樓之２０,0.0,,,,1141127,土地0建物1車位0,四層,5,華廈(10層含以下有電梯),集合住宅,鋼筋混凝土造,0920501,20.189999999999998,1,0,1,有,有,有,3000,149,,0.0,0,含增建或未登記建物；續租案件；,RPRNMLNJKIKGFCT76CC,獨立套房,有,1141210~1150609,有,冷氣、熱水器、電視機、冰箱、網路,一般代管
東港鎮,租賃房屋,屏東縣東港鎮船頭路２５之２８４號４樓,0.0,,,,1141203,土地0建物1車位0,四層,5,公寓(5樓含以下無電梯),住家用,鋼筋混凝土造,0830625,147.38,3,2,2,有,無,有,12000,81,,0.0,0,,RPPNMLNJKIKGFDT66CC,整棟(戶)出租,無,1141210~1151209,無,冷氣、熱水器、洗衣機、電視機、冰箱、瓦斯或天然氣,社會住宅代管
屏東市,租賃房屋,屏東縣屏東市民教路８２號４樓之１,0.0,,,,1141129,土地0建物1車位0,四層,5,華廈(10層含以下有電梯),集合住宅,鋼筋混凝土造,1140117,36.69,2,1,1,有,無,有,19500,531,,0.0,0,,RPPNMLOJKIKGFAT09CC,整棟(戶)出租,無,1141201~1151130,有,冷氣、洗衣機、電視機、冰箱、網路,一般包租
長治鄉,租賃房屋,屏東縣長治鄉長春街一段５２號４樓之２,0.0,,,,1141201,土地0建物1車位0,四層,6,華廈(10層含以下有電梯),辦公室,鋼筋混凝土造,0930630,24.68,1,0,1,有,有,有,4850,197,,0.0,0,含增建或未登記建物；,RPPNMLPJKIKGFAT56CC,獨立套房,有,1141201~1150531,有,冷氣、熱水器、電視機、冰箱、網路,一般代管
屏東市,租賃房屋,屏東縣屏東市民和二路４８-９號６樓,0.0,,,,1141202,土地0建物1車位0,六層,8,華廈(10層含以下有電梯),辦公室,鋼筋混凝土造,0960530,15.899999999999999,1,0,1,有,有,有,3600,226,,0.0,0,含增建或未登記建物；續租案件；,RPQNMLPJKIKGFAT66CC,獨立套房,有,1141203~1150602,有,冷氣、熱水器、電視機、冰箱、網路,一般代管
潮州鎮,租賃房屋,屏東縣潮州鎮潮州鎮三德路２５號６樓之８,0.0,,,,1141204,土地0建物1車位0,六層,8,華廈(10層含以下有電梯),住家用,鋼筋混凝土造,0830120,117.49,3,2,2,有,有,有,13700,117,,0.0,0,,RPPNMLPJKIKGFCT76CC,整棟(戶)出租,有,1141210~1151209,有,冷氣、熱水器、洗衣機、電視機、冰箱,社會住宅包租轉租
屏東市,租賃房屋,屏東縣屏東市建國路１１９巷１之７號,0.0,,,,1141127,土地0建物0車位0,二層,4,公寓(5樓含以下無電梯),住家用,鋼筋混凝土造,0790806,22.0,6,0,6,有,無,有,8000,364,,0.0,0,租金總額含網路費；含增建或未登記建物；租賃建物部分範圍，且未計入共有部分面積；,RPPNMLSJKIKGFAT86CC,分租套房,無,1141201~1150228,無,冷氣、熱水器、電視機、冰箱、網路,一般轉租
屏東市,租賃房屋,屏東縣屏東市清溪里１５鄰建和街４１號,0.0,,,,1141113,土地0建物1車位0,見其他登記事項,1,工廠,工場﹝廠﹞,鋼骨造,1130503,185.81,0,0,0,無,無,無,42000,,,0.0,0,租金總額含稅；,RPQNMLSJKIKGFAT96CC,,無,1141201~1171130,無,,
內埔鄉,租賃房屋,屏東縣內埔鄉南山路８８號２樓,0.0,,,,1141122,土地0建物1車位0,二層,6,華廈(10層含以下有電梯),見使用執照,鋼筋混凝土造,0930712,18.490000000000002,1,0,1,有,有,有,2900,157,,0.0,0,含增建或未登記建物；,RPPNMLSJKIKGFCT07CC,獨立套房,有,1141122~1150521,有,冷氣、熱水器、電視機、冰箱、網路,一般代管
屏東市,租賃房屋,屏東縣屏東市古松西巷３３８弄９號,0.0,,,,1141127,土地0建物1車位0,全,4,透天厝,住宅、停車空間,鋼筋混凝土造,0890706,174.83,3,2,2,有,無,有,14000,80,,0.0,0,續租案件；,RPPNMLTJKIKGFAT96CC,整棟(戶)出租,無,1150122~1160121,無,冷氣、熱水器、洗衣機、冰箱、瓦斯或天然氣,社會住宅包租轉租
屏東市,租賃房屋,屏東縣屏東市日光巷４之２號,0.0,,,,1141205,土地0建物1車位0,全,1,透天厝,住家用,鋼筋混凝土加強磚造,,76.13,2,2,2,有,無,有,13500,177,,0.0,0,續租案件；,RPRNMLTJKIKGFAT17CC,整棟(戶)出租,無,1141210~1151209,無,冷氣、熱水器、洗衣機、電視機,社會住宅包租轉租
屏東市,租賃房屋,屏東縣屏東市清進路８２８巷５號二樓,0.0,,,,1141128,土地0建物1車位0,二層,4,公寓(5樓含以下無電梯),住家用,鋼筋混凝土造,0850110,34.239999999999995,1,0,1,有,無,有,6000,175,,0.0,0,續租案件；,RPSNMLTJKIKGFAT27CC,獨立套房,無,1150110~1151105,無,冷氣、熱水器、洗衣機、電視機、冰箱,社會住宅包租轉租
屏東市,租賃房屋,屏東縣屏東市民學路１２０巷３７之４號,0.0,,,,1141128,土地0建物1車位0,五層,5,公寓(5樓含以下無電梯),國民住宅,鋼筋混凝土造,0710615,86.87,3,2,2,有,無,有,13500,155,,0.0,0,續租案件；,RPTNMLTJKIKGFAT37CC,整棟(戶)出租,無,1141130~1151129,無,冷氣、熱水器、洗衣機、電視機、冰箱、瓦斯或天然氣,社會住宅代管
屏東市,租賃房屋,屏東縣屏東市公裕街３５３巷３５弄５號,0.0,,,,1141204,土地0建物1車位0,全,2,透天厝,住家用,加強磚造,0700514,76.8,3,2,2,有,無,無,12000,156,,0.0,0,續租案件；,RPUNMLTJKIKGFAT47CC,整棟(戶)出租,無,1141230~1151229,無,,社會住宅代管
內埔鄉,租賃房屋,屏東縣內埔鄉南山路８８號５樓之９,0.0,,,,1141124,土地0建物1車位0,五層,6,華廈(10層含以下有電梯),見使用執照,鋼筋混凝土造,0930712,19.38,1,0,1,有,有,有,3200,165,,0.0,0,含增建或未登記建物；,RPPNMLTJKIKGFCT17CC,獨立套房,有,1141124~1150523,有,冷氣、熱水器、電視機、冰箱、網路,一般代管
內埔鄉,租賃房屋,屏東縣內埔鄉南山路８８號５樓之３０,0.0,,,,1141127,土地0建物1車位0,五層,6,華廈(10層含以下有電梯),見使用執照,鋼筋混凝土造,0930712,19.87,1,0,1,有,有,有,3200,161,,0.0,0,含增建或未登記建物；續租案件；,RPQNMLTJKIKGFCT27CC,獨立套房,有,1141201~1150831,有,冷氣、熱水器、電視機、冰箱、網路,一般代管
潮州鎮,租賃房屋,屏東縣潮州鎮光興巷９號,0.0,,,,1141128,土地0建物1車位0,全,1,透天厝,住家用,磚瓦造,0580101,54.69,2,2,3,有,無,有,13500,247,,0.0,0,續租案件；,RPRNMLTJKIKGFCT37CC,整棟(戶)出租,無,1150101~1151231,無,冷氣、熱水器、洗衣機、電視機、冰箱、瓦斯或天然氣,社會住宅包租轉租
潮州鎮,租賃房屋,屏東縣潮州鎮愛國路１３１巷２號四樓,0.0,,,,1141205,土地0建物1車位0,四層,5,華廈(10層含以下有電梯),集合住宅,鋼筋混凝土構造,1120309,73.50999999999999,2,1,2,有,有,有,15000,204,,0.0,0,續租案件；,RPSNMLTJKIKGFCT47CC,整棟(戶)出租,無,1150105~1160104,有,冷氣、熱水器、洗衣機、冰箱、瓦斯或天然氣,社會住宅包租轉租
長治鄉,租賃房屋,屏東縣長治鄉長春街一段５２號６樓之１２,0.0,,,,1141201,土地0建物1車位0,六層,6,華廈(10層含以下有電梯),辦公室,鋼筋混凝土造,0930630,23.189999999999998,1,0,1,有,有,有,4000,172,,0.0,0,含增建或未登記建物；續租案件；,RPPNMLKKKIKGFAT78CC,獨立套房,有,1141216~1151215,有,冷氣、熱水器、電視機、冰箱、網路,一般代管
屏東市,租賃房屋,屏東縣屏東市公裕街３５３巷３８-７號二樓,0.0,,,,1141202,土地0建物1車位0,二層,4,華廈(10層含以下有電梯),辦公室,鋼筋混凝土造,0970305,13.73,1,0,1,有,有,有,3600,262,,0.0,0,含增建或未登記建物；,RPQNMLKKKIKGFAT88CC,獨立套房,有,1141202~1150601,有,冷氣、熱水器、電視機、冰箱、網路,一般代管
屏東市,租賃房屋,屏東縣屏東市公裕街３５３巷３８-１３號二樓,0.0,,,,1141205,土地0建物1車位0,二層,4,華廈(10層含以下有電梯),辦公室,鋼筋混凝土造,0970305,13.73,1,0,1,有,有,有,3500,255,,0.0,0,含增建或未登記建物；續租案件；,RPRNMLKKKIKGFAT98CC,獨立套房,有,1141206~1150605,有,冷氣、熱水器、電視機、冰箱、網路,一般代管
屏東市,租賃房屋,屏東縣屏東市公裕街３５３巷３６號三樓,0.0,,,,1141128,土地0建物1車位0,三層,4,華廈(10層含以下有電梯),辦公室,鋼筋混凝土造,0970305,14.61,1,0,1,有,有,有,3600,246,,0.0,0,含增建或未登記建物；,RPSNMLKKKIKGFAT09CC,獨立套房,有,1141201~1150531,有,冷氣、熱水器、電視機、冰箱、網路,一般代管
屏東市,租賃房屋,屏東縣屏東市公裕街３５３巷３８-２２號三樓,0.0,,,,1141205,土地0建物1車位0,三層,4,華廈(10層含以下有電梯),辦公室,鋼筋混凝土造,0970305,13.73,1,0,1,有,有,有,3600,262,,0.0,0,含增建或未登記建物；續租案件；,RPTNMLKKKIKGFAT56CC,獨立套房,有,1141213~1150612,有,冷氣、熱水器、電視機、冰箱、網路,一般代管
屏東市,租賃房屋,屏東縣屏東市復興南路一段３５巷３６弄１１號,0.0,,,,1141203,土地0建物1車位0,全,5,透天厝,住家用,鋼筋混凝土造,0820419,195.36,5,2,3,有,無,有,13500,69,,0.0,0,續租案件；,RPUNMLKKKIKGFAT66CC,整棟(戶)出租,無,1150223~1160222,無,冷氣、熱水器、洗衣機、電視機、冰箱、瓦斯或天然氣,社會住宅代管
屏東市,租賃房屋,屏東縣屏東市機場北路５１８號六樓,0.0,,,,1141210,土地0建物1車位0,六層,14,住宅大樓(11層含以上有電梯),集合住宅,鋼筋混凝土造,0881204,126.86,3,2,2,有,有,無,12500,99,,0.0,0,續租案件；,RPVNMLKKKIKGFAT76CC,整棟(戶)出租,有,1150110~1160109,有,熱水器、瓦斯或天然氣,社會住宅代管
內埔鄉,租賃房屋,屏東縣內埔鄉復興路３９之２號,0.0,,,,1141209,土地0建物1車位0,見其他登記事項,9,華廈(10層含以下有電梯),住商用,鋼筋混凝土造,0830207,157.38,4,2,3,有,有,無,15000,95,,0.0,0,租金總額含管理費；電費；瓦斯費；其他管理費出租人負擔，電費瓦斯費承租人負擔。；,RPPNMLKKKIKGFCT98CC,分層出租,有,1150105~1160104,有,冷氣、熱水器、瓦斯或天然氣,一般轉租
潮州鎮,租賃房屋,屏東縣潮州鎮永康街２６４號,0.0,,,,1141202,土地0建物1車位0,全,2,透天厝,住家用,加強磚造,0640113,92.0,5,2,2,有,無,無,10000,109,,0.0,0,續租案件；,RPQNMLKKKIKGFCT09CC,整棟(戶)出租,無,1141229~1151228,無,冷氣、熱水器、瓦斯或天然氣,社會住宅包租轉租
屏東市,租賃房屋,屏東縣屏東市建豐路２５３巷１１號四樓之一,0.0,,,,1141209,土地0建物1車位0,四層,5,華廈(10層含以下有電梯),住家用,鋼筋混凝土造,0820513,144.35,2,2,2,有,有,有,15500,107,,0.0,0,未租賃車位，建物登記含有車位面積；,RPQNMLLKKIKGFAT98CC,整棟(戶)出租,有,1141213~1151212,有,冷氣、熱水器、洗衣機、電視機、冰箱、瓦斯或天然氣,社會住宅代管
潮州鎮,租賃房屋,屏東縣潮州鎮曲江街８０號,81.4,住,,,1141211,土地1建物1車位0,全,3,透天厝,門廊、住宅、樓梯間,鋼筋混凝土構造,1040202,181.45,5,2,4,有,無,無,25000,138,,0.0,0,,RPPNMLLKKIKGFCT09CC,整棟(戶)出租,無,1141219~1151218,無,冷氣、熱水器,
潮州鎮,租賃房屋,屏東縣潮州鎮和興街６號三樓之四,0.0,,,,1141205,土地0建物1車位0,三層,7,華廈(10層含以下有電梯),住家用,鋼筋混凝土造,0830413,100.6,3,2,2,有,有,有,11300,112,,0.0,0,續租案件；,RPQNMLLKKIKGFCT56CC,整棟(戶)出租,無,1141225~1151224,有,冷氣、熱水器、洗衣機、電視機、瓦斯或天然氣,社會住宅包租轉租
潮州鎮,租賃房屋,屏東縣潮州鎮延平路４３２號,496.0,,一般農業區,農牧用地,1141117,土地1建物1車位0,見其他登記事項,2,農舍,農舍，梯間,鋼骨構造,1040310,271.92,6,1,7,有,無,無,70000,,,0.0,0,,RPRNMLLKKIKGFCT66CC,,無,1150201~1210131,無,,
屏東市,租賃房屋,屏東縣屏東市中正路１１５之５號,189.0,商,,,1141210,土地1建物1車位0,全,2,透天厝,住商用,鋼筋混凝土加強磚造,,149.26,0,2,2,有,無,無,35000,234,,0.0,0,,RPPNMLMKKIKGFAT98CC,,無,1141220~1151219,無,,
長治鄉,租賃房屋,屏東縣長治鄉長春街一段５２號６樓之１,0.0,,,,1141204,土地0建物1車位0,六層,6,華廈(10層含以下有電梯),辦公室,鋼筋混凝土造,0930630,22.43,1,0,1,有,有,有,4000,178,,0.0,0,含增建或未登記建物；續租案件；,RPQNMLMKKIKGFAT09CC,獨立套房,有,1141210~1151209,有,冷氣、熱水器、電視機、冰箱、網路,一般代管
長治鄉,租賃房屋,屏東縣長治鄉長春街一段５２號６樓之９,0.0,,,,1141208,土地0建物1車位0,六層,6,華廈(10層含以下有電梯),辦公室,鋼筋混凝土造,0930630,21.66,1,0,1,有,有,有,4150,192,,0.0,0,含增建或未登記建物；,RPRNMLMKKIKGFAT56CC,獨立套房,有,1141208~1150607,有,冷氣、熱水器、電視機、冰箱、網路,一般代管
屏東市,租賃房屋,屏東縣屏東市民和二路４８-１０號３樓,0.0,,,,1141210,土地0建物1車位0,三層,8,華廈(10層含以下有電梯),辦公室,鋼筋混凝土造,0960530,16.13,1,0,1,有,有,有,4000,248,,0.0,0,含增建或未登記建物；,RPSNMLMKKIKGFAT66CC,獨立套房,有,1141210~1150609,有,冷氣、熱水器、電視機、冰箱、網路,一般代管
屏東市,租賃房屋,屏東縣屏東市廣東路１５８６巷２９弄７號,0.0,,,,1141204,土地0建物1車位0,全,3,透天厝,住宅、梯間,鋼筋混凝土造,0891230,103.71,3,2,3,有,無,有,15000,145,,0.0,0,,RPTNMLMKKIKGFAT76CC,整棟(戶)出租,無,1150125~1160124,無,冷氣、熱水器、洗衣機、電視機、冰箱、瓦斯或天然氣,社會住宅包租轉租
屏東市,租賃房屋,屏東縣屏東市中華路３３８巷２號,0.0,,,,1141211,土地0建物0車位0,全,2,透天厝,住家用,鋼筋混凝土加強磚造,0630319,19.8,5,0,5,有,無,無,6300,318,,0.0,0,,RPUNMLMKKIKGFAT86CC,分租套房,無,1141218~1151217,無,冷氣、熱水器、網路,一般轉租
內埔鄉,租賃房屋,屏東縣內埔鄉學興路２４７號,0.0,,,,1141208,土地0建物1車位0,全,2,透天厝,住商用,加強磚造,0711127,112.1,0,2,2,有,無,無,12000,107,,0.0,0,,RPPNMLMKKIKGFCT56CC,,無,1150101~1151231,無,,
內埔鄉,租賃房屋,屏東縣內埔鄉南山路８８號４樓之２０,0.0,,,,1141201,土地0建物1車位0,四層,6,華廈(10層含以下有電梯),見使用執照,鋼筋混凝土造,0930712,20.33,1,0,1,有,有,有,3200,157,,0.0,0,含增建或未登記建物；續租案件；,RPQNMLMKKIKGFCT66CC,獨立套房,有,1141201~1150731,有,冷氣、熱水器、電視機、冰箱、網路,一般代管
屏東市,租賃房屋,屏東縣屏東市北平路９之２０號三樓,0.0,,,,1141215,土地0建物1車位0,三層,7,華廈(10層含以下有電梯),商業用,鋼筋混凝土造,0840224,48.65,1,1,1,有,有,有,6500,134,,0.0,0,,RPPNMLPKKIKGFAT66CC,獨立套房,無,1141215~1151214,有,冷氣、熱水器、洗衣機、電視機、冰箱,社會住宅包租轉租
萬丹鄉,租賃房屋,屏東縣萬丹鄉萬新路１４５５巷１７號２樓,0.0,,,,1141215,土地0建物1車位0,二層,5,華廈(10層含以下有電梯),住家用,鋼筋混凝土造,0840628,77.56,3,2,2,有,有,有,10500,135,,0.0,0,,RPQNMLPKKIKGFAT76CC,分層出租,無,1141215~1151214,有,熱水器、洗衣機、冰箱,社會住宅代管
內埔鄉,租賃房屋,屏東縣內埔鄉壽比路２６１號３樓之６,0.0,,,,1141208,土地0建物1車位0,三層,5,華廈(10層含以下有電梯),見使用執照,鋼筋混凝土造,0920501,21.71,1,0,1,有,有,有,3000,138,,0.0,0,含增建或未登記建物；續租案件；,RPPNMLQKKIKGFCT96CC,獨立套房,有,1150101~1150630,有,冷氣、熱水器、電視機、冰箱、網路,一般代管
內埔鄉,租賃房屋,屏東縣內埔鄉壽比路２６９號３樓之２８,0.0,,,,1141205,土地0建物1車位0,三層,5,華廈(10層含以下有電梯),見使用執照,鋼筋混凝土造,0920501,23.18,1,0,1,有,有,有,3500,151,,0.0,0,含增建或未登記建物；續租案件；,RPQNMLQKKIKGFCT07CC,獨立套房,有,1141222~1150621,有,冷氣、熱水器、電視機、冰箱、網路,一般代管
屏東市,租賃房屋+車位,屏東縣屏東市民教路８２號４樓之１,0.0,,,,1141217,土地0建物1車位2,四層,5,華廈(10層含以下有電梯),集合住宅,鋼筋混凝土造,1140117,56.489999999999995,2,1,1,有,有,有,13000,230,一樓平面,0.0,3500,,RPPNMLRKKIKGFAT86CC,整棟(戶)出租,無,1141220~1151219,有,冷氣、熱水器、洗衣機、電視機、冰箱,社會住宅代管
內埔鄉,租賃房屋,屏東縣內埔鄉南山路８８號３樓之５９,0.0,,,,1141210,土地0建物1車位0,三層,6,華廈(10層含以下有電梯),見使用執照,鋼筋混凝土造,0930712,20.3,1,0,1,有,有,有,3000,148,,0.0,0,含增建或未登記建物；續租案件；,RPPNMLRKKIKGFCT07CC,獨立套房,有,1141218~1150617,有,冷氣、熱水器、電視機、冰箱、網路,一般代管
內埔鄉,租賃房屋,屏東縣內埔鄉南山路８８號２樓之２９,0.0,,,,1141208,土地0建物1車位0,二層,6,華廈(10層含以下有電梯),見使用執照,鋼筋混凝土造,0930712,21.2,1,0,1,有,有,有,3200,151,,0.0,0,含增建或未登記建物；,RPQNMLRKKIKGFCT17CC,獨立套房,有,1141215~1150614,有,冷氣、熱水器、電視機、冰箱、網路,一般代管
屏東市,租賃房屋,屏東縣屏東市徐州路１６４之１號五樓之３,0.0,,,,1141217,土地0建物1車位0,五層,6,華廈(10層含以下有電梯),住家用,鋼筋混凝土造,0841030,37.33,1,1,1,有,有,有,6000,161,,0.0,0,,RPPNMLSKKIKGFAT96CC,整棟(戶)出租,無,1141220~1151219,有,冷氣、熱水器、洗衣機、電視機、冰箱,社會住宅包租轉租
潮州鎮,租賃房屋,屏東縣潮州鎮光明路８４巷１７號,0.0,,,,1141218,土地0建物1車位0,全,3,透天厝,住家用,鋼筋混凝土造,0960103,194.66,4,2,2,有,無,有,10000,51,,0.0,0,,RPPNMLSKKIKGFCT17CC,整棟(戶)出租,無,1141225~1151224,無,熱水器,社會住宅包租轉租
屏東市,租賃房屋,屏東縣屏東市民和二路４８-９號５樓,0.0,,,,1141219,土地0建物1車位0,五層,8,華廈(10層含以下有電梯),辦公室,鋼筋混凝土造,0960530,16.13,1,0,1,有,有,有,4000,248,,0.0,0,含增建或未登記建物；續租案件；,RPPNMLTKKIKGFAT07CC,獨立套房,有,1141220~1151219,有,冷氣、熱水器、電視機、冰箱、網路,一般代管
屏東市,租賃房屋,屏東縣屏東市建國路１１９巷１之８號,0.0,,,,1141214,土地0建物0車位0,三層,4,公寓(5樓含以下無電梯),住家用,鋼筋混凝土造,0790806,22.0,7,0,7,有,無,有,8500,386,,0.0,0,多人共同承租2；租金總額含網路費；含增建或未登記建物；租賃建物部分範圍，且未計入共有部分面積；,RPRNMLTKKIKGFAT27CC,分租套房,無,1141214~1151213,無,冷氣、熱水器、電視機、冰箱、網路,一般轉租
屏東市,租賃房屋,屏東縣屏東市民和二路４８-１３號７樓,0.0,,,,1141210,土地0建物1車位0,七層,8,華廈(10層含以下有電梯),辦公室,鋼筋混凝土造,0960530,16.07,1,0,1,有,有,有,4000,249,,0.0,0,含增建或未登記建物；,RPSNMLTKKIKGFAT37CC,獨立套房,有,1141210~1151209,有,冷氣、熱水器、電視機、冰箱、網路,一般代管
里港鄉,租賃房屋,屏東縣里港鄉塔樓路２１之３０號,0.0,,,,1141215,土地0建物1車位0,全,2,透天厝,住家用,鋼筋混凝土造,1040608,239.59,3,2,3,有,無,有,20000,83,,0.0,0,,RPPNMLTKKIKGFBT17CC,整棟(戶)出租,無,1141216~1151215,無,冷氣、熱水器、洗衣機、電視機、冰箱、瓦斯或天然氣,社會住宅代管
內埔鄉,租賃房屋,屏東縣內埔鄉學人路５４９號２樓之２,0.0,,,,1141219,土地0建物1車位0,全,5,透天厝,騎樓、停車空間、樓梯間、門廳及車道、集合住宅,鋼筋混凝土構造,0840119,30.2,1,1,1,有,無,有,5800,192,,0.0,0,,RPPNMLTKKIKGFCT27CC,獨立套房,無,1150101~1151231,無,冷氣、熱水器、電視機、冰箱,社會住宅包租轉租
屏東市,租賃房屋,屏東縣屏東市復興南路一段２３１巷３６之１號,0.0,,,,1141218,土地0建物1車位0,二層,5,公寓(5樓含以下無電梯),國民住宅,鋼筋混凝土造,0731013,87.91,3,1,2,有,無,有,9000,102,,0.0,0,,RPRNMLMLKIKGFAT66CC,整棟(戶)出租,無,1141221~1151105,無,冷氣、熱水器、洗衣機、電視機、冰箱、瓦斯或天然氣,社會住宅包租轉租
屏東市,租賃房屋,屏東縣屏東市濟南街１之３７號,0.0,,,,1141218,土地0建物1車位0,四層,5,公寓(5樓含以下無電梯),住家用,鋼筋混凝土造,0700420,193.94,3,2,1,有,無,有,14000,72,,0.0,0,,RPSNMLMLKIKGFAT76CC,整棟(戶)出租,無,1141218~1151217,無,冷氣、熱水器、瓦斯或天然氣,社會住宅包租轉租
屏東市,租賃房屋,屏東縣屏東市林森路１巷１３１之１號,0.0,,,,1141218,土地0建物1車位0,二層,15,住宅大樓(11層含以上有電梯),住家用,鋼筋混凝土造,0830207,121.55,3,1,2,有,有,有,12000,99,,0.0,0,,RPTNMLMLKIKGFAT86CC,整棟(戶)出租,有,1141222~1151221,有,冷氣、熱水器、洗衣機、冰箱、瓦斯或天然氣,社會住宅包租轉租
內埔鄉,租賃房屋,屏東縣內埔鄉壽比路２２８號６樓之２,0.0,,,,1141127,土地0建物0車位0,六層,7,華廈(10層含以下有電梯),集合住宅,鋼筋混凝土構造,1051104,32.59,2,0,2,有,有,有,6000,184,,0.0,0,租金總額含管理費；網路費；,RPPNMLMLKIKGFCT66CC,分租套房,有,1150201~1150731,有,冷氣、熱水器、洗衣機、電視機、冰箱、有線電視、網路,一般代管
內埔鄉,租賃房屋,屏東縣內埔鄉福泰路３之３號４樓,0.0,,,,1141213,土地0建物0車位0,四層,7,華廈(10層含以下有電梯),集合住宅,鋼筋混凝土構造,1031217,33.89,3,0,3,有,有,有,5500,162,,0.0,0,租金總額含管理費；網路費；,RPQNMLMLKIKGFCT76CC,分租套房,有,1150201~1160630,有,冷氣、熱水器、洗衣機、電視機、冰箱、有線電視、網路,一般代管
內埔鄉,租賃房屋,屏東縣內埔鄉福泰路３之１３號１樓,0.0,,,,1141205,土地0建物0車位0,一層,7,華廈(10層含以下有電梯),集合住宅,鋼筋混凝土構造,1031217,33.58,5,0,5,有,有,有,5500,164,,0.0,0,租金總額含管理費；網路費；,RPRNMLMLKIKGFCT86CC,分租套房,有,1150201~1150630,有,冷氣、熱水器、洗衣機、電視機、冰箱、有線電視、網路,一般代管
內埔鄉,租賃房屋,屏東縣內埔鄉福泰路３之５號１樓,0.0,,,,1141209,土地0建物0車位0,一層,7,華廈(10層含以下有電梯),集合住宅,鋼筋混凝土構造,1031217,34.59,3,0,3,有,有,有,5500,159,,0.0,0,租金總額含管理費；網路費；,RPSNMLMLKIKGFCT96CC,分租套房,有,1150201~1150630,有,冷氣、熱水器、洗衣機、電視機、冰箱、有線電視、網路,一般代管
內埔鄉,租賃房屋,屏東縣內埔鄉福泰路３之９號３樓,0.0,,,,1141210,土地0建物0車位0,三層,7,華廈(10層含以下有電梯),集合住宅,鋼筋混凝土構造,1031217,33.629999999999995,3,0,3,有,有,有,5500,164,,0.0,0,租金總額含管理費；網路費；,RPTNMLMLKIKGFCT07CC,分租套房,有,1150201~1150831,有,冷氣、熱水器、洗衣機、電視機、冰箱、有線電視、網路,一般代管
內埔鄉,租賃房屋,屏東縣內埔鄉福泰路３之１３號５樓,0.0,,,,1141213,土地0建物0車位0,五層,7,華廈(10層含以下有電梯),集合住宅,鋼筋混凝土構造,1031217,33.58,5,0,5,有,有,有,6000,179,,0.0,0,租金總額含管理費；網路費；,RPUNMLMLKIKGFCT17CC,分租套房,有,1150201~1150630,有,冷氣、熱水器、洗衣機、電視機、冰箱、有線電視、網路,一般代管
內埔鄉,租賃房屋,屏東縣內埔鄉福泰路３之１號７樓,0.0,,,,1141213,土地0建物0車位0,七層,7,華廈(10層含以下有電梯),集合住宅,鋼筋混凝土構造,1031217,33.67,3,0,3,有,有,有,5500,163,,0.0,0,租金總額含管理費；網路費；,RPVNMLMLKIKGFCT27CC,分租套房,有,1150201~1160630,有,冷氣、熱水器、洗衣機、電視機、冰箱、有線電視、網路,一般代管
內埔鄉,租賃房屋,屏東縣內埔鄉福泰路３之１２號７樓,0.0,,,,1141213,土地0建物0車位0,七層,7,華廈(10層含以下有電梯),集合住宅,鋼筋混凝土構造,1031217,34.21,5,0,5,有,有,有,5500,161,,0.0,0,租金總額含管理費；網路費；,RPWNMLMLKIKGFCT37CC,分租套房,有,1150201~1160630,有,冷氣、熱水器、洗衣機、電視機、冰箱、有線電視、網路,一般代管
內埔鄉,租賃房屋,屏東縣內埔鄉安和巷２４號五樓,0.0,,,,1141215,土地0建物1車位0,五層,5,公寓(5樓含以下無電梯),住家用,鋼筋混凝土造,0840719,129.31,3,1,2,有,無,有,10000,77,,0.0,0,,RPOOMLMLKIKGFCT66CC,整棟(戶)出租,無,1141218~1151217,無,冷氣、熱水器、洗衣機、電視機、冰箱、瓦斯或天然氣,社會住宅代管
長治鄉,租賃房屋,屏東縣長治鄉長春街一段５２號６樓之３,0.0,,,,1141215,土地0建物1車位0,六層,6,華廈(10層含以下有電梯),辦公室,鋼筋混凝土造,0930630,32.65,1,0,1,有,有,有,5550,170,,0.0,0,含增建或未登記建物；,RPPNMLNLKIKGFAT56CC,獨立套房,有,1141215~1150614,有,冷氣、熱水器、電視機、冰箱、網路,一般代管
屏東市,租賃房屋,屏東縣屏東市民生東路５６巷６弄３之３號,0.0,,,,1141209,土地0建物1車位0,四層,6,華廈(10層含以下有電梯),住家用,鋼筋混凝土造,0830516,122.77000000000001,3,2,2,有,有,有,7000,57,,0.0,0,未租賃車位，建物登記含有車位面積；續租案件；,RPRNMLNLKIKGFAT76CC,整棟(戶)出租,有,1141210~1151209,有,冷氣、熱水器、洗衣機、冰箱、瓦斯或天然氣,社會住宅代管
屏東市,租賃房屋,屏東縣屏東市建國路１１９巷１之７號,0.0,,,,1141220,土地0建物0車位0,二層,4,公寓(5樓含以下無電梯),住家用,鋼筋混凝土造,0790806,22.0,6,0,6,有,無,有,9000,409,,0.0,0,租金總額含網路費；含增建或未登記建物；租賃建物部分範圍，且未計入共有部分面積；,RPSNMLNLKIKGFAT86CC,分租套房,無,1141227~1150426,無,冷氣、熱水器、冰箱、網路,一般轉租
屏東市,租賃房屋,屏東縣屏東市公裕街１９５巷１２弄８之３號,0.0,,,,1141208,土地0建物1車位0,四層,5,公寓(5樓含以下無電梯),公寓,鋼筋混凝土造,0701221,72.98,3,2,1,有,無,有,9000,123,,0.0,0,續租案件；,RPUNMLNLKIKGFAT07CC,整棟(戶)出租,無,1150109~1160108,無,冷氣、熱水器、洗衣機、電視機、冰箱,社會住宅代管
屏東市,租賃房屋,屏東縣屏東市自由路８５號十樓之十,0.0,,,,1141211,土地0建物1車位0,十層,13,住宅大樓(11層含以上有電梯),住家用,鋼筋混凝土造,0831104,36.69,1,0,1,有,有,有,5700,155,,0.0,0,續租案件；,RPVNMLNLKIKGFAT17CC,獨立套房,有,1150115~1160114,有,冷氣、熱水器、洗衣機、電視機、冰箱,社會住宅代管
長治鄉,租賃房屋,屏東縣長治鄉長興路１１號四樓之二,0.0,,,,1141210,土地0建物1車位0,四層,7,華廈(10層含以下有電梯),集合住宅,鋼筋混凝土造,1120516,68.50999999999999,2,1,1,有,有,有,14500,212,,0.0,0,多人共同承租2；續租案件；,RPXNMLNLKIKGFAT37CC,整棟(戶)出租,有,1141225~1151224,有,冷氣、熱水器、洗衣機、瓦斯或天然氣,社會住宅包租轉租
屏東市,租賃房屋,屏東縣屏東市大連路２０巷３弄２之１號,0.0,,,,1141216,土地0建物1車位0,全,2,透天厝,住家用,加強磚造,0850702,141.84,4,2,2,有,無,有,13800,97,,0.0,0,續租案件；,RPOOMLNLKIKGFAT56CC,整棟(戶)出租,無,1141219~1151218,無,冷氣、熱水器、瓦斯或天然氣,社會住宅包租轉租
屏東市,租賃房屋,屏東縣屏東市民生路１４９巷５之４號,0.0,,,,1141212,土地0建物1車位0,五層,5,公寓(5樓含以下無電梯),住家用,鋼筋混凝土造,0721115,102.39,3,2,3,有,無,無,6500,63,,0.0,0,續租案件；,RPQOMLNLKIKGFAT76CC,整棟(戶)出租,無,1150207~1160206,無,熱水器,社會住宅代管
屏東市,租賃房屋,屏東縣屏東市大同北路１７１號八樓之一,0.0,,,,1141210,土地0建物1車位0,八層,9,華廈(10層含以下有電梯),集合住宅,鋼筋混凝土造,0840613,97.63,2,2,1,有,有,有,11000,113,,0.0,0,續租案件；,RPROMLNLKIKGFAT86CC,整棟(戶)出租,有,1150115~1160114,有,冷氣、熱水器、洗衣機、電視機、冰箱、瓦斯或天然氣,社會住宅包租轉租
麟洛鄉,租賃房屋,屏東縣麟洛鄉中正路２０３之２８號三樓之二,0.0,,,,1141218,土地0建物1車位0,三層,7,華廈(10層含以下有電梯),集合住宅,鋼筋混凝土造,1110907,131.13,3,2,2,有,有,無,15000,114,,0.0,0,未租賃車位，建物登記含有車位面積；續租案件；,RPSOMLNLKIKGFAT96CC,整棟(戶)出租,有,1150205~1160204,有,熱水器、瓦斯或天然氣,社會住宅包租轉租
長治鄉,租賃房屋,屏東縣長治鄉瑞源路２４０號四樓之十九,0.0,,,,1141217,土地0建物1車位0,四層,11,住宅大樓(11層含以上有電梯),集合住宅,鋼筋混凝土造,0850607,109.49000000000001,3,2,2,有,有,無,15000,137,,0.0,0,未租賃車位，建物登記含有車位面積；續租案件；,RPTOMLNLKIKGFAT07CC,整棟(戶)出租,有,1150121~1160120,有,冷氣、熱水器、瓦斯或天然氣,社會住宅代管
潮州鎮,租賃房屋,屏東縣潮州鎮公園路２巷１３號,0.0,,,,1141222,土地0建物1車位0,全,1,透天厝,住宅,磚造平房屋頂平頂屋頂蓋瓦,0620601,48.99,3,1,1,有,無,有,9000,184,,0.0,0,,RPPNMLNLKIKGFCT76CC,整棟(戶)出租,無,1141225~1151224,無,熱水器、洗衣機、冰箱,社會住宅代管
潮州鎮,租賃房屋,屏東縣潮州鎮光輪路１巷３７號,0.0,,,,1141217,土地0建物1車位0,全,2,透天厝,住家用,加強磚造,0650101,109.9,3,2,3,有,無,有,13500,123,,0.0,0,續租案件；,RPQNMLNLKIKGFCT86CC,整棟(戶)出租,無,1141221~1151220,無,冷氣、熱水器、洗衣機、電視機、冰箱、瓦斯或天然氣,社會住宅代管
屏東市,租賃房屋,屏東縣屏東市崁頂一路４５１號三樓之五,0.0,,,,1141212,土地0建物1車位0,三層,5,華廈(10層含以下有電梯),集合住宅,鋼筋混凝土造,1130527,82.09,2,2,2,有,有,有,16000,195,,0.0,0,未租賃車位，建物登記含有車位面積；續租案件；,RPPNMLOLKIKGFAT66CC,整棟(戶)出租,有,1150115~1160114,有,冷氣、熱水器、洗衣機、電視機、冰箱、瓦斯或天然氣,社會住宅包租轉租
屏東市,租賃房屋,屏東縣屏東市華盛街１７號十二樓之四,0.0,,,,1141219,土地0建物1車位0,十二層,14,住宅大樓(11層含以上有電梯),集合住宅,鋼筋混凝土造,0930909,181.01,3,2,2,有,有,有,15000,83,,0.0,0,未租賃車位，建物登記含有車位面積；,RPQNMLOLKIKGFAT76CC,整棟(戶)出租,有,1141223~1151222,有,冷氣、熱水器、洗衣機、電視機、冰箱、瓦斯或天然氣,社會住宅包租轉租
屏東市,租賃房屋,屏東縣屏東市建國路１１９巷１之７號,0.0,,,,1141221,土地0建物0車位0,二層,4,公寓(5樓含以下無電梯),住家用,鋼筋混凝土造,0790806,24.0,6,0,6,有,無,有,14000,583,,0.0,0,租金總額含網路費；含增建或未登記建物；租賃建物部分範圍，且未計入共有部分面積；,RPRNMLOLKIKGFAT86CC,分租套房,無,1141226~1150325,無,冷氣、熱水器、電視機、冰箱、網路,一般轉租
萬丹鄉,租賃房屋,屏東縣萬丹鄉丹榮路７３５號,0.0,,,,1141218,土地0建物1車位0,全,3,透天厝,住商用,鋼筋混凝土造,0770517,169.54,5,2,4,有,無,無,20000,118,,0.0,0,,RPSNMLOLKIKGFAT96CC,整棟(戶)出租,無,1150110~1170110,無,,
屏東市,租賃房屋,屏東縣屏東市重慶路１８號,0.0,,,,1141217,土地0建物1車位0,全,3,透天厝,住商用,鋼筋混凝土加強磚造,,179.73,4,2,3,有,無,無,25000,139,,0.0,0,,RPTNMLOLKIKGFAT07CC,,無,1150110~1170109,無,,
內埔鄉,租賃房屋,屏東縣內埔鄉壽比路２６１號２樓之１３,0.0,,,,1141217,土地0建物1車位0,二層,5,華廈(10層含以下有電梯),見使用執照,鋼筋混凝土造,0920501,20.97,1,0,1,有,有,有,3000,143,,0.0,0,含增建或未登記建物；,RPPNMLOLKIKGFCT86CC,獨立套房,有,1141220~1150619,有,冷氣、熱水器、電視機、冰箱、網路,一般代管
內埔鄉,租賃房屋,屏東縣內埔鄉壽比路２６９號４樓之６,0.0,,,,1141214,土地0建物1車位0,四層,5,華廈(10層含以下有電梯),集合住宅,鋼筋混凝土構造,0920501,21.63,1,0,1,有,有,有,3000,139,,0.0,0,含增建或未登記建物；續租案件；,RPQNMLOLKIKGFCT96CC,獨立套房,有,1141220~1150819,有,冷氣、熱水器、電視機、冰箱、網路,一般代管
內埔鄉,租賃房屋,屏東縣內埔鄉壽比路２６９號２樓之１５,0.0,,,,1141219,土地0建物1車位0,二層,5,華廈(10層含以下有電梯),見使用執照,鋼筋混凝土造,0920501,23.23,1,0,1,有,有,有,3000,129,,0.0,0,含增建或未登記建物；續租案件；,RPRNMLOLKIKGFCT07CC,獨立套房,有,1150101~1150630,有,冷氣、熱水器、電視機、冰箱、網路,一般代管
內埔鄉,租賃房屋,屏東縣內埔鄉南山路８８號３樓之５３,0.0,,,,1141217,土地0建物1車位0,三層,6,華廈(10層含以下有電梯),辦公室,鋼筋混凝土構造,0930712,19.36,1,0,1,有,有,有,3200,165,,0.0,0,含增建或未登記建物；,RPSNMLOLKIKGFCT17CC,獨立套房,有,1141219~1150618,有,冷氣、熱水器、電視機、冰箱、網路,一般代管
內埔鄉,租賃房屋,屏東縣內埔鄉南山路８８號４樓之５７,0.0,,,,1141213,土地0建物1車位0,四層,6,華廈(10層含以下有電梯),見使用執照,鋼筋混凝土造,0930712,19.39,1,0,1,有,有,有,3300,170,,0.0,0,含增建或未登記建物；續租案件；,RPTNMLOLKIKGFCT27CC,獨立套房,有,1141225~1150624,有,冷氣、熱水器、電視機、冰箱、網路,一般代管
內埔鄉,租賃房屋,屏東縣內埔鄉南山路８８號２樓之１５,0.0,,,,1141213,土地0建物1車位0,二層,6,華廈(10層含以下有電梯),見使用執照,鋼筋混凝土造,0930712,19.14,1,0,1,有,有,有,3200,167,,0.0,0,含增建或未登記建物；,RPUNMLOLKIKGFCT37CC,獨立套房,有,1141223~1150622,有,冷氣、熱水器、電視機、冰箱、網路,一般代管
內埔鄉,租賃房屋,屏東縣內埔鄉南山路８８號４樓,0.0,,,,1141204,土地0建物1車位0,四層,6,華廈(10層含以下有電梯),辦公室,鋼筋混凝土構造,0930712,18.490000000000002,1,0,1,有,有,有,2900,157,,0.0,0,含增建或未登記建物；,RPVNMLOLKIKGFCT47CC,獨立套房,有,1141204~1150603,有,冷氣、熱水器、電視機、冰箱、網路,一般代管
內埔鄉,租賃房屋,屏東縣內埔鄉南山路８８號３樓之２８,0.0,,,,1141204,土地0建物1車位0,三層,6,華廈(10層含以下有電梯),辦公室,鋼筋混凝土構造,0930712,18.439999999999998,1,0,1,有,有,有,3200,174,,0.0,0,含增建或未登記建物；,RPWNMLOLKIKGFCT57CC,獨立套房,有,1141204~1150603,有,冷氣、熱水器、電視機、冰箱、網路,一般代管
內埔鄉,租賃房屋,屏東縣內埔鄉南山路８８號４樓之３９,0.0,,,,1141213,土地0建物1車位0,四層,6,華廈(10層含以下有電梯),見使用執照,鋼筋混凝土造,0930712,18.869999999999997,1,0,1,有,有,有,3200,170,,0.0,0,含增建或未登記建物；,RPXNMLOLKIKGFCT67CC,獨立套房,有,1141221~1150620,有,冷氣、熱水器、電視機、冰箱、網路,一般代管
內埔鄉,租賃房屋,屏東縣內埔鄉南山路８８號５樓之４２,0.0,,,,1141211,土地0建物1車位0,五層,6,華廈(10層含以下有電梯),見使用執照,鋼筋混凝土造,0930712,20.78,1,0,1,有,有,有,3200,154,,0.0,0,含增建或未登記建物；,RPOOMLOLKIKGFCT86CC,獨立套房,有,1141215~1151214,有,冷氣、熱水器、電視機、冰箱、網路,一般代管
內埔鄉,租賃房屋,屏東縣內埔鄉學人路５４９號２樓,0.0,,,,1141223,土地0建物1車位0,全,5,透天厝,騎樓、停車空間、樓梯間、門廳及車道、集合住宅,鋼筋混凝土構造,0840119,37.5,1,1,1,有,無,有,7800,208,,0.0,0,,RPQOMLOLKIKGFCT07CC,獨立套房,無,1150101~1151231,無,冷氣、熱水器、電視機、冰箱、網路,社會住宅包租轉租
長治鄉,租賃房屋,屏東縣長治鄉長春街一段５２號５樓之１０,0.0,,,,1141215,土地0建物1車位0,五層,6,華廈(10層含以下有電梯),辦公室,鋼筋混凝土造,0930630,21.729999999999997,1,0,1,有,有,有,4150,191,,0.0,0,含增建或未登記建物；續租案件；,RPPNMLQLKIKGFAT86CC,獨立套房,有,1150101~1151231,有,冷氣、熱水器、電視機、冰箱、網路,一般代管
長治鄉,租賃房屋,屏東縣長治鄉長春街一段５２號６樓之６,0.0,,,,1141217,土地0建物1車位0,六層,6,華廈(10層含以下有電梯),辦公室,鋼筋混凝土造,0930630,21.8,1,0,1,有,有,有,4500,206,,0.0,0,含增建或未登記建物；續租案件；,RPQNMLQLKIKGFAT96CC,獨立套房,有,1150225~1150824,有,冷氣、熱水器、電視機、冰箱、網路,一般代管
內埔鄉,租賃房屋,屏東縣內埔鄉南山路８８號６樓之４８,0.0,,,,1141211,土地0建物1車位0,六層,6,華廈(10層含以下有電梯),辦公室,鋼筋混凝土構造,0930712,18.39,1,0,1,有,有,有,3200,174,,0.0,0,含增建或未登記建物；續租案件；,RPPNMLQLKIKGFCT07CC,獨立套房,有,1141212~1150911,有,冷氣、熱水器、電視機、冰箱、網路,一般代管
屏東市,租賃房屋+車位,屏東縣屏東市歸智路１１０巷３號六樓之六,0.0,,,,1141216,土地0建物1車位1,六層,15,住宅大樓(11層含以上有電梯),集合住宅,鋼筋混凝土造,1131211,99.97999999999999,2,1,1,有,有,無,21000,210,坡道平面,27.12,0,租金總額含管理費；其他含汽機車位清潔費；,RPPNMLTLKIKGFAT17CC,整棟(戶)出租,有,1150101~1151231,有,冷氣、熱水器、瓦斯或天然氣,
長治鄉,租賃房屋,屏東縣長治鄉長春街一段５２號２樓之８,0.0,,,,1141223,土地0建物1車位0,二層,6,華廈(10層含以下有電梯),辦公室,鋼筋混凝土造,0930630,21.7,1,0,1,有,有,有,4000,184,,0.0,0,含增建或未登記建物；續租案件；,RPQNMLTLKIKGFAT27CC,獨立套房,有,1150115~1150714,有,冷氣、熱水器、電視機、冰箱、網路,一般代管
屏東市,租賃房屋,屏東縣屏東市公裕街３５３巷３８-２０號四樓,0.0,,,,1141219,土地0建物1車位0,四層,4,華廈(10層含以下有電梯),辦公室,鋼筋混凝土造,0970305,13.73,1,0,1,有,有,有,3600,262,,0.0,0,含增建或未登記建物；續租案件；,RPRNMLTLKIKGFAT37CC,獨立套房,有,1141220~1150619,有,冷氣、熱水器、電視機、冰箱、網路,一般代管
屏東市,租賃房屋,屏東縣屏東市迪化街７５之７號８樓之１,0.0,,,,1141225,土地0建物1車位0,八層,11,住宅大樓(11層含以上有電梯),住家用,鋼筋混凝土造,0820302,131.43,3,2,2,有,有,無,13500,103,,0.0,0,,RPSNMLTLKIKGFAT47CC,整棟(戶)出租,有,1150105~1160105,有,,
潮州鎮,租賃房屋,屏東縣潮州鎮光澤巷８號,0.0,,,,1141224,土地0建物0車位0,全,3,透天厝,住商用,鋼筋混凝土造,0661027,60.75,4,1,3,有,無,有,5300,87,,0.0,0,,RPPNMLTLKIKGFCT37CC,分租套房,無,1150122~1160121,無,冷氣、熱水器、洗衣機、電視機、網路,社會住宅包租轉租
內埔鄉,租賃房屋,屏東縣內埔鄉壽比路２６１號４樓之１３,0.0,,,,1141221,土地0建物1車位0,四層,5,華廈(10層含以下有電梯),集合住宅,鋼筋混凝土造,0920501,20.97,1,0,1,有,有,有,3000,143,,0.0,0,含增建或未登記建物；,RPRNMLTLKIKGFCT57CC,獨立套房,有,1141225~1150624,有,冷氣、熱水器、電視機、冰箱、網路,一般代管
內埔鄉,租賃房屋,屏東縣內埔鄉南山路８８號６樓之６０,0.0,,,,1141218,土地0建物1車位0,六層,6,華廈(10層含以下有電梯),見使用執照,鋼筋混凝土造,0930712,18.869999999999997,1,0,1,有,有,有,2900,154,,0.0,0,含增建或未登記建物；續租案件；,RPSNMLTLKIKGFCT67CC,獨立套房,有,1150101~1150630,有,冷氣、熱水器、電視機、冰箱、網路,一般代管
內埔鄉,租賃房屋,屏東縣內埔鄉南山路８８號３樓之１５,0.0,,,,1141219,土地0建物1車位0,三層,6,華廈(10層含以下有電梯),辦公室,鋼筋混凝土造,0930712,19.14,1,0,1,有,有,有,3200,167,,0.0,0,含增建或未登記建物；續租案件；,RPTNMLTLKIKGFCT77CC,獨立套房,有,1141227~1150626,有,冷氣、熱水器、電視機、冰箱、網路,一般代管
內埔鄉,租賃房屋,屏東縣內埔鄉南山路８８號４樓之１,0.0,,,,1141215,土地0建物1車位0,四層,6,華廈(10層含以下有電梯),見使用執照,鋼筋混凝土造,0930712,19.060000000000002,1,0,1,有,有,有,2900,152,,0.0,0,含增建或未登記建物；,RPUNMLTLKIKGFCT87CC,獨立套房,有,1141216~1150615,有,冷氣、熱水器、電視機、冰箱、網路,一般代管
內埔鄉,租賃房屋,屏東縣內埔鄉南山路８８號４樓之１１,0.0,,,,1141218,土地0建物1車位0,四層,6,華廈(10層含以下有電梯),見使用執照,鋼筋混凝土造,0930712,19.39,1,0,1,有,有,有,3200,165,,0.0,0,含增建或未登記建物；續租案件；,RPVNMLTLKIKGFCT97CC,獨立套房,有,1150101~1150630,有,冷氣、熱水器、電視機、冰箱、網路,一般代管
內埔鄉,租賃房屋,屏東縣內埔鄉南山路８８號４樓之３８,0.0,,,,1141218,土地0建物1車位0,四層,6,華廈(10層含以下有電梯),辦公室,鋼筋混凝土構造,0930712,20.3,1,0,1,有,有,有,3200,158,,0.0,0,含增建或未登記建物；續租案件；,RPWNMLTLKIKGFCT08CC,獨立套房,有,1150101~1150630,有,冷氣、熱水器、電視機、冰箱、網路,一般代管
萬丹鄉,租賃房屋,屏東縣萬丹鄉竹林村竹林路４６３號,10265.0,,一般農業區,農牧用地,1141226,土地3建物1車位0,一層,1,倉庫,畜牧設施,鋼鐵構造無牆、磚木構造、鋼筋混凝土構造,0960525,5188.18,0,0,0,有,無,無,500000,,,0.0,0,租金總額含稅；含營業設備；,RPPNMLKMKIKGFAT98CC,,無,1150301~1200228,無,冷氣,
屏東市,租賃房屋+車位,屏東縣屏東市民富街６巷１０號４樓之３,0.0,,,,1141229,土地0建物1車位1,四層,6,華廈(10層含以下有電梯),住家用,鋼筋混凝土造,0820927,107.55,3,2,2,有,有,無,18000,167,一樓平面,0.0,0,租金總額含管理費；,RPQNMLKMKIKGFAT09CC,整棟(戶)出租,無,1150105~1160104,有,冷氣、熱水器、洗衣機、電視機、冰箱,
東港鎮,租賃房屋,屏東縣東港鎮中正路一段６１號,116.39,住,,,1141229,土地2建物1車位0,全,2,透天厝,商業用,鋼筋混凝土造,0560501,104.29,4,2,2,有,無,無,20000,192,,0.0,0,一樓後增建；二樓後增建；三樓屋頂突出物含增建或未登記建物；,RPQNMLKMKIKGFDT76CC,,無,1150125~1200124,無,,
長治鄉,租賃房屋,屏東縣長治鄉長春街一段５２號２樓之９,0.0,,,,1141222,土地0建物1車位0,二層,6,華廈(10層含以下有電梯),辦公室,鋼筋混凝土造,0930630,21.66,1,0,1,有,有,有,4150,192,,0.0,0,含增建或未登記建物；續租案件；,RPPNMLLMKIKGFAT09CC,獨立套房,有,1150215~1150814,有,冷氣、熱水器、電視機、冰箱、網路,一般代管
長治鄉,租賃房屋,屏東縣長治鄉長春街一段５２號３樓之９,0.0,,,,1141223,土地0建物1車位0,三層,6,華廈(10層含以下有電梯),辦公室,鋼筋混凝土造,0930630,21.66,1,0,1,有,有,有,4150,192,,0.0,0,含增建或未登記建物；續租案件；,RPQNMLLMKIKGFAT56CC,獨立套房,有,1150201~1150731,有,冷氣、熱水器、電視機、冰箱、網路,一般代管
屏東市,租賃房屋,屏東縣屏東市民和二路４８-２５號３樓,0.0,,,,1141225,土地0建物1車位0,三層,8,華廈(10層含以下有電梯),辦公室,鋼筋混凝土造,0960530,16.76,1,0,1,有,有,有,4000,239,,0.0,0,含增建或未登記建物；,RPRNMLLMKIKGFAT66CC,獨立套房,有,1141225~1150624,有,冷氣、熱水器、電視機、冰箱、網路,一般代管
屏東市,租賃房屋,屏東縣屏東市民和二路４８-２２號７樓,0.0,,,,1141231,土地0建物1車位0,七層,8,華廈(10層含以下有電梯),辦公室,鋼筋混凝土造,0960530,16.2,1,0,1,有,有,有,4000,247,,0.0,0,含增建或未登記建物；續租案件；,RPSNMLLMKIKGFAT76CC,獨立套房,有,1150101~1150630,有,冷氣、熱水器、電視機、冰箱、網路,一般代管
屏東市,租賃房屋,屏東縣屏東市公裕街３５３巷３８-１７號三樓,0.0,,,,1141220,土地0建物1車位0,三層,4,華廈(10層含以下有電梯),辦公室,鋼筋混凝土造,0970305,14.61,1,0,1,有,有,有,3200,219,,0.0,0,含增建或未登記建物；續租案件；,RPTNMLLMKIKGFAT86CC,獨立套房,有,1150101~1151231,有,冷氣、熱水器、電視機、冰箱、網路,一般代管
屏東市,租賃房屋,屏東縣屏東市復興路４７２之１號１２樓之２,0.0,,,,1141223,土地0建物1車位0,十二層,12,住宅大樓(11層含以上有電梯),住家用,鋼筋混凝土造,0851220,149.88,3,1,1,有,有,有,13500,90,,0.0,0,續租案件；,RPUNMLLMKIKGFAT96CC,整棟(戶)出租,有,1150101~1151231,有,冷氣、熱水器、冰箱、瓦斯或天然氣,社會住宅代管
屏東市,租賃房屋,屏東縣屏東市民教路１９４號２樓之６,0.0,,,,1141219,土地0建物1車位0,二層,6,華廈(10層含以下有電梯),住家用,鋼筋混凝土造,0840428,32.21,1,0,1,有,有,有,6000,186,,0.0,0,續租案件；,RPVNMLLMKIKGFAT07CC,獨立套房,有,1141228~1151227,有,冷氣、熱水器、洗衣機、冰箱,社會住宅包租轉租
屏東市,租賃房屋,屏東縣屏東市大同北路１７３號,0.0,,,,1141229,土地0建物1車位0,一層,9,華廈(10層含以下有電梯),集合住宅,鋼筋混凝土造,0840613,75.82000000000001,2,2,1,有,有,有,12000,158,,0.0,0,續租案件；,RPWNMLLMKIKGFAT17CC,整棟(戶)出租,有,1141231~1151230,有,冷氣、熱水器、洗衣機、冰箱、瓦斯或天然氣,社會住宅包租轉租
屏東市,租賃房屋,屏東縣屏東市武昌街８１號四樓之一,0.0,,,,1141224,土地0建物1車位0,四層,5,公寓(5樓含以下無電梯),國民住宅,鋼筋混凝土造,0831219,120.52000000000001,3,2,2,有,無,有,10000,83,,0.0,0,,RPXNMLLMKIKGFAT27CC,整棟(戶)出租,無,1141225~1151224,無,冷氣、熱水器、洗衣機、電視機、冰箱、瓦斯或天然氣,社會住宅包租轉租
屏東市,租賃房屋,屏東縣屏東市華盛街３號十三樓之三,0.0,,,,1141224,土地0建物1車位0,十三層,14,住宅大樓(11層含以上有電梯),集合住宅,鋼筋混凝土造,0930909,181.01,3,2,2,有,有,有,10000,55,,0.0,0,未租賃車位，建物登記含有車位面積；,RPOOMLLMKIKGFAT09CC,整棟(戶)出租,有,1141225~1151224,有,冷氣、熱水器、瓦斯或天然氣,社會住宅代管
里港鄉,租賃房屋,屏東縣里港鄉和平路６６號二樓之一,0.0,,,,1141219,土地0建物1車位0,二層,7,華廈(10層含以下有電梯),集合住宅,鋼筋混凝土造,1140507,65.7,2,2,1,有,有,有,15000,228,,0.0,0,多人共同承租2；,RPPNMLLMKIKGFBT56CC,整棟(戶)出租,有,1150101~1161231,有,冷氣、熱水器、電視機、冰箱、瓦斯或天然氣,
內埔鄉,租賃房屋,屏東縣內埔鄉學興路１００號,0.0,,,,1141226,土地0建物0車位0,全,3,透天厝,住宅、樓梯間,鋼筋混凝土構造,1071025,15.0,7,1,6,有,無,有,6500,433,,0.0,0,承租範圍含有機車位1個租金總額含水費；網路費；其他生活垃圾處理費500元；租賃建物部分範圍，且未計入共有部分面積；續租案件；,RPPNMLLMKIKGFCT66CC,分租套房,無,1150101~1151231,無,冷氣、熱水器、洗衣機、冰箱、網路,一般轉租
內埔鄉,租賃房屋,屏東縣內埔鄉壽比路２６９號２樓之５,0.0,,,,1141222,土地0建物1車位0,二層,5,華廈(10層含以下有電梯),集合住宅,鋼筋混凝土造,0920501,21.63,1,1,1,有,有,有,3500,162,,0.0,0,續租案件；,RPQNMLLMKIKGFCT76CC,獨立套房,有,1150123~1160122,有,冷氣、熱水器、電視機、冰箱,社會住宅代管
竹田鄉,租賃房屋,屏東縣竹田鄉南昌路５號五樓之６,0.0,,,,1141226,土地0建物1車位0,五層,5,華廈(10層含以下有電梯),集合住宅,鋼筋混凝土造,1121013,54.43,1,1,1,有,無,有,12000,220,,0.0,0,續租案件；,RPRNMLLMKIKGFCT86CC,獨立套房,無,1150220~1160219,有,冷氣、熱水器、洗衣機、電視機、冰箱、瓦斯或天然氣,社會住宅代管
內埔鄉,租賃房屋,屏東縣內埔鄉四維路１５巷２９號,0.0,,,,1141219,土地0建物1車位0,全,3,透天厝,住家用,鋼筋混凝土造,0830927,104.36,5,2,3,有,無,有,12000,115,,0.0,0,續租案件；,RPSNMLLMKIKGFCT96CC,整棟(戶)出租,無,1141220~1151219,無,冷氣、熱水器、洗衣機、冰箱、瓦斯或天然氣,社會住宅代管
東港鎮,租賃房屋,屏東縣東港鎮三和三路４５號四樓之七,0.0,,,,1141226,土地0建物1車位0,四層,6,華廈(10層含以下有電梯),集合住宅,鋼筋混凝土造,1130704,81.03999999999999,2,2,2,有,有,有,15000,185,,0.0,0,續租案件；,RPPNMLLMKIKGFDT76CC,整棟(戶)出租,有,1150205~1160204,有,冷氣、熱水器、洗衣機、電視機、冰箱、瓦斯或天然氣,社會住宅代管
東港鎮,租賃房屋,屏東縣東港鎮富漁路２００巷３號七樓,0.0,,,,1141223,土地0建物1車位0,七層,8,華廈(10層含以下有電梯),住家用,鋼筋混凝土造,0830325,95.21000000000001,2,1,2,有,有,有,11200,118,,0.0,0,,RPQNMLLMKIKGFDT86CC,整棟(戶)出租,有,1141225~1151224,有,冷氣、熱水器、洗衣機、冰箱、瓦斯或天然氣,社會住宅包租轉租
東港鎮,租賃房屋+車位,屏東縣東港鎮興中南一街１８號三樓之三,0.0,,,,1141230,土地0建物1車位1,三層,5,華廈(10層含以下有電梯),集合住宅,鋼筋混凝土造,1120818,77.87,2,2,2,有,有,有,15000,193,一樓平面,0.0,1000,,RPRNMLLMKIKGFDT96CC,整棟(戶)出租,無,1150122~1160121,有,冷氣、熱水器、洗衣機,社會住宅包租轉租
屏東市,租賃房屋,屏東縣屏東市民教路１９４號２樓之３,0.0,,,,1150102,土地0建物1車位0,二層,6,華廈(10層含以下有電梯),住家用,鋼筋混凝土造,0840428,32.71,1,1,1,有,有,有,6500,199,,0.0,0,,RPPNMLMJJHLGFAT78CC,整棟(戶)出租,無,1150105~1160104,有,冷氣、熱水器、洗衣機、電視機、冰箱,社會住宅代管
潮州鎮,租賃房屋,屏東縣潮州鎮海康街２１２號七樓之六,0.0,,,,1141222,土地0建物1車位0,七層,10,華廈(10層含以下有電梯),住家用,鋼筋混凝土造,0830407,146.16,3,2,2,有,有,有,13000,89,,0.0,0,未租賃車位，建物登記含有車位面積；續租案件；,RPPNMLMJJHLGFCT98CC,整棟(戶)出租,有,1150225~1160224,有,冷氣、熱水器、洗衣機、冰箱、瓦斯或天然氣,社會住宅包租轉租
屏東市,租賃房屋,屏東縣屏東市民和二路４８-２５號５樓,0.0,,,,1141231,土地0建物1車位0,五層,8,華廈(10層含以下有電梯),辦公室,鋼筋混凝土造,0960530,16.76,1,0,1,有,有,有,4000,239,,0.0,0,含增建或未登記建物；續租案件；,RPPNMLPJJHLGFAT09CC,獨立套房,有,1150101~1150630,有,冷氣、熱水器、電視機、冰箱、網路,一般代管
屏東市,租賃房屋,屏東縣屏東市公裕街３５３巷３８-９號三樓,0.0,,,,1141223,土地0建物1車位0,三層,4,華廈(10層含以下有電梯),辦公室,鋼筋混凝土造,0970305,14.61,1,0,1,有,有,有,3600,246,,0.0,0,含增建或未登記建物；續租案件；,RPQNMLPJJHLGFAT56CC,獨立套房,有,1150107~1150706,有,冷氣、熱水器、電視機、冰箱、網路,一般代管
屏東市,租賃房屋,屏東縣屏東市公裕街３５３巷３８-１９號四樓,0.0,,,,1141222,土地0建物1車位0,四層,4,華廈(10層含以下有電梯),辦公室,鋼筋混凝土造,0970305,18.43,1,0,1,有,有,有,3800,206,,0.0,0,含增建或未登記建物；續租案件；,RPRNMLPJJHLGFAT66CC,獨立套房,有,1150115~1160114,有,冷氣、熱水器、電視機、冰箱、網路,一般代管
屏東市,租賃房屋,屏東縣屏東市公裕街３５３巷３８-２１號四樓,0.0,,,,1141223,土地0建物1車位0,四層,4,華廈(10層含以下有電梯),辦公室,鋼筋混凝土造,0970305,13.73,1,0,1,有,有,有,3600,262,,0.0,0,含增建或未登記建物；續租案件；,RPSNMLPJJHLGFAT76CC,獨立套房,有,1150104~1150703,有,冷氣、熱水器、電視機、冰箱、網路,一般代管
屏東市,租賃房屋,屏東縣屏東市民生東路８０之１號,0.0,,,,1141218,土地0建物1車位0,二層,5,公寓(5樓含以下無電梯),住家用,鋼筋混凝土造,0730717,99.96,3,2,1,有,無,有,10000,100,,0.0,0,,RPTNMLPJJHLGFAT86CC,分層出租,無,1150101~1151231,無,冷氣、熱水器、電視機、瓦斯或天然氣,
屏東市,租賃房屋,屏東縣屏東市機場北路７２６號８樓,0.0,,,,1150105,土地0建物1車位0,八層,14,住宅大樓(11層含以上有電梯),集合住宅,鋼筋混凝土造,0881204,61.54,2,2,2,有,有,有,10000,162,,0.0,0,,RPWNMLPJJHLGFAT17CC,整棟(戶)出租,有,1150105~1160104,有,冷氣、熱水器、洗衣機、電視機、冰箱,社會住宅包租轉租
屏東市,租賃房屋,屏東縣屏東市復興路２２９巷８號１２樓之２,0.0,,,,1150105,土地0建物1車位0,十二層,14,住宅大樓(11層含以上有電梯),住家用,鋼筋混凝土造,0871214,64.08,2,2,1,有,有,有,8000,125,,0.0,0,,RPXNMLPJJHLGFAT27CC,整棟(戶)出租,有,1150112~1160111,有,冷氣、熱水器、冰箱,社會住宅包租轉租
屏東市,租賃房屋,屏東縣屏東市公裕街３５３巷３８-５號,0.0,,,,1141223,土地0建物1車位0,一層,4,華廈(10層含以下有電梯),辦公室,鋼筋混凝土造,0970305,13.73,1,0,1,有,有,有,3600,262,,0.0,0,含增建或未登記建物；續租案件；,RPPNMLQJJHLGFAT56CC,獨立套房,有,1150116~1150715,有,冷氣、熱水器、電視機、冰箱、網路,一般代管
屏東市,租賃房屋,屏東縣屏東市公裕街３５３巷３８-１２號二樓,0.0,,,,1141223,土地0建物1車位0,二層,4,華廈(10層含以下有電梯),辦公室,鋼筋混凝土造,0970305,13.73,1,0,1,有,有,有,3600,262,,0.0,0,含增建或未登記建物；續租案件；,RPQNMLQJJHLGFAT66CC,獨立套房,有,1150128~1150727,有,冷氣、熱水器、電視機、冰箱、網路,一般代管
屏東市,租賃房屋,屏東縣屏東市公裕街３５３巷３８-３１號二樓,0.0,,,,1141223,土地0建物1車位0,二層,4,華廈(10層含以下有電梯),辦公室,鋼筋混凝土造,0970305,13.73,1,0,1,有,有,有,3500,255,,0.0,0,含增建或未登記建物；續租案件；,RPRNMLQJJHLGFAT76CC,獨立套房,有,1150102~1150701,有,冷氣、熱水器、電視機、冰箱、網路,一般代管
屏東市,租賃房屋,屏東縣屏東市廣東路９９０號五樓之六,0.0,,,,1141230,土地0建物1車位0,五層,15,住宅大樓(11層含以上有電梯),住家用,鋼筋混凝土造,0821204,39.75,1,0,1,有,有,有,6500,164,,0.0,0,,RPSNMLQJJHLGFAT86CC,獨立套房,有,1150101~1151231,有,冷氣、熱水器、洗衣機、電視機、冰箱,社會住宅包租轉租
屏東市,租賃房屋,屏東縣屏東市大連路３９巷２４弄１０號,0.0,,,,1141231,土地0建物1車位0,全,2,透天厝,住家用,加強磚造,0741120,125.66,5,2,2,有,無,有,18000,143,,0.0,0,,RPTNMLQJJHLGFAT96CC,整棟(戶)出租,無,1150110~1160109,無,冷氣、熱水器、洗衣機、瓦斯或天然氣,社會住宅代管
屏東市,租賃房屋,屏東縣屏東市民生路４１巷３２號,0.0,,,,1141230,土地0建物1車位0,全,2,透天厝,住家用,磚造二樓屋頂平頂,0630722,99.91,2,2,1,有,無,有,13300,133,,0.0,0,,RPUNMLQJJHLGFAT07CC,整棟(戶)出租,無,1150105~1160104,無,冷氣、熱水器、瓦斯或天然氣,社會住宅包租轉租
屏東市,租賃房屋,屏東縣屏東市機場北路４８８號１２樓,0.0,,,,1150106,土地0建物1車位0,十二層,14,住宅大樓(11層含以上有電梯),集合住宅,鋼筋混凝土造,0881204,144.94,3,2,2,有,有,有,18000,124,,0.0,0,,RPVNMLQJJHLGFAT17CC,整棟(戶)出租,有,1150110~1160109,有,冷氣、熱水器、洗衣機、電視機、冰箱,社會住宅包租轉租
屏東市,租賃房屋,屏東縣屏東市武愛街７１巷８弄５號,0.0,,,,1150103,土地0建物1車位0,全,4,透天厝,住家用,鋼筋混凝土造,0830118,168.17,4,2,3,有,無,有,22000,131,,0.0,0,,RPWNMLQJJHLGFAT27CC,整棟(戶)出租,無,1150110~1160109,無,冷氣、熱水器、洗衣機、冰箱,
屏東市,租賃房屋,屏東縣屏東市機場北路７７６號２樓,0.0,,,,1141214,土地0建物1車位0,二層,14,住宅大樓(11層含以上有電梯),集合住宅,鋼筋混凝土造,0881204,85.96,2,1,1,有,有,有,13000,151,,0.0,0,多人共同承租2；租金總額含管理費；,RPOOMLQJJHLGFAT56CC,整棟(戶)出租,有,1141220~1151219,有,冷氣、熱水器、洗衣機、電視機、冰箱、瓦斯或天然氣、有線電視,
屏東市,租賃房屋,屏東縣屏東市機場北路７７６號６樓,0.0,,,,1141221,土地0建物1車位0,六層,14,住宅大樓(11層含以上有電梯),集合住宅,鋼筋混凝土造,0881204,85.96,2,1,1,有,有,有,14000,163,,0.0,0,多人共同承租2；租金總額含管理費；,RPPOMLQJJHLGFAT66CC,整棟(戶)出租,有,1141229~1151228,有,冷氣、熱水器、洗衣機、電視機、冰箱、瓦斯或天然氣、有線電視,
內埔鄉,租賃房屋,屏東縣內埔鄉德修路１之２０號２樓之５,0.0,,,,1150105,土地0建物1車位0,二層,5,華廈(10層含以下有電梯),集合住宅,鋼筋混凝土構造,1111027,106.80000000000001,3,2,2,有,有,有,16500,154,,0.0,0,,RPPNMLQJJHLGFCT76CC,整棟(戶)出租,無,1150115~1160114,有,冷氣、熱水器、洗衣機、電視機、冰箱,社會住宅代管
內埔鄉,租賃房屋,屏東縣內埔鄉福泰路３之１號６樓,0.0,,,,1141226,土地0建物0車位0,六層,7,華廈(10層含以下有電梯),集合住宅,鋼筋混凝土構造,1031217,33.67,3,0,3,有,有,有,6000,178,,0.0,0,租金總額含管理費；網路費；,RPQNMLQJJHLGFCT86CC,分租套房,有,1150101~1150630,有,冷氣、熱水器、洗衣機、電視機、冰箱、有線電視、網路,一般代管
內埔鄉,租賃房屋,屏東縣內埔鄉福泰路３之１號５樓,0.0,,,,1141224,土地0建物0車位0,五層,7,華廈(10層含以下有電梯),集合住宅,鋼筋混凝土構造,1031217,33.67,3,0,3,有,有,有,5000,149,,0.0,0,租金總額含管理費；網路費；,RPRNMLQJJHLGFCT96CC,分租套房,有,1150201~1150630,有,冷氣、熱水器、洗衣機、電視機、冰箱、有線電視、網路,一般代管
內埔鄉,租賃房屋,屏東縣內埔鄉福泰路３之１號６樓,0.0,,,,1141226,土地0建物0車位0,六層,7,華廈(10層含以下有電梯),集合住宅,鋼筋混凝土構造,1031217,33.67,3,0,3,有,有,有,6000,178,,0.0,0,租金總額含管理費；網路費；,RPSNMLQJJHLGFCT07CC,分租套房,有,1150101~1150630,有,冷氣、熱水器、洗衣機、電視機、冰箱、有線電視、網路,一般代管
內埔鄉,租賃房屋,屏東縣內埔鄉福泰路３之２號２樓,0.0,,,,1141216,土地0建物0車位0,二層,7,華廈(10層含以下有電梯),集合住宅,鋼筋混凝土構造,1031217,33.67,3,0,3,有,有,有,5500,163,,0.0,0,多人共同承租2；租金總額含管理費；網路費；,RPTNMLQJJHLGFCT17CC,分租套房,有,1150201~1150630,有,冷氣、熱水器、洗衣機、電視機、冰箱、有線電視、網路,一般代管
內埔鄉,租賃房屋,屏東縣內埔鄉福泰路３之５號２樓,0.0,,,,1141226,土地0建物0車位0,二層,7,華廈(10層含以下有電梯),集合住宅,鋼筋混凝土構造,1031217,34.59,3,0,3,有,有,有,6000,173,,0.0,0,租金總額含管理費；網路費；,RPUNMLQJJHLGFCT27CC,分租套房,有,1150101~1150630,有,冷氣、熱水器、洗衣機、電視機、冰箱、有線電視、網路,一般代管
內埔鄉,租賃房屋,屏東縣內埔鄉福泰路３之８號２樓,0.0,,,,1141215,土地0建物0車位0,二層,7,華廈(10層含以下有電梯),集合住宅,鋼筋混凝土構造,1031217,33.8,3,0,3,有,有,有,5500,163,,0.0,0,租金總額含管理費；網路費；,RPVNMLQJJHLGFCT37CC,分租套房,有,1150201~1160630,有,冷氣、熱水器、洗衣機、電視機、冰箱、有線電視、網路,一般代管
內埔鄉,租賃房屋,屏東縣內埔鄉福泰路３之９號４樓,0.0,,,,1141216,土地0建物0車位0,四層,7,華廈(10層含以下有電梯),集合住宅,鋼筋混凝土構造,1031217,33.629999999999995,3,0,3,有,有,有,5500,164,,0.0,0,租金總額含管理費；網路費；,RPXNMLQJJHLGFCT57CC,分租套房,有,1150201~1160630,有,冷氣、熱水器、洗衣機、電視機、冰箱、有線電視、網路,一般代管
潮州鎮,租賃房屋,屏東縣潮州鎮重慶路５８巷５０號,0.0,,,,1141229,土地0建物1車位0,全,2,透天厝,住家用,加強磚造,0770213,77.98,2,2,1,有,無,有,10500,135,,0.0,0,,RPOOMLQJJHLGFCT76CC,整棟(戶)出租,無,1150101~1151231,無,冷氣、熱水器、瓦斯或天然氣,社會住宅包租轉租
內埔鄉,租賃房屋,屏東縣內埔鄉福泰路３之９號４樓,0.0,,,,1141225,土地0建物0車位0,四層,7,華廈(10層含以下有電梯),集合住宅,鋼筋混凝土構造,1031217,33.629999999999995,3,0,3,有,有,有,5500,164,,0.0,0,租金總額含管理費；網路費；,RPPOMLQJJHLGFCT86CC,分租套房,有,1150201~1160630,有,冷氣、熱水器、洗衣機、電視機、冰箱、有線電視、網路,一般代管
內埔鄉,租賃房屋,屏東縣內埔鄉福泰路３之９號６樓,0.0,,,,1141215,土地0建物0車位0,六層,7,華廈(10層含以下有電梯),集合住宅,鋼筋混凝土構造,1031217,33.629999999999995,3,0,3,有,有,有,5500,164,,0.0,0,租金總額含管理費；網路費；,RPQOMLQJJHLGFCT96CC,分租套房,有,1150201~1160630,有,冷氣、熱水器、洗衣機、電視機、冰箱、有線電視、網路,一般代管
內埔鄉,租賃房屋,屏東縣內埔鄉福泰路３之１０號６樓,0.0,,,,1141215,土地0建物0車位0,六層,7,華廈(10層含以下有電梯),集合住宅,鋼筋混凝土構造,1031217,33.89,3,0,3,有,有,有,6000,177,,0.0,0,租金總額含管理費；網路費；,RPROMLQJJHLGFCT07CC,分租套房,有,1150201~1160630,有,冷氣、熱水器、洗衣機、電視機、冰箱、有線電視、網路,一般代管
內埔鄉,租賃房屋,屏東縣內埔鄉福泰路３之１１號４樓,0.0,,,,1141215,土地0建物0車位0,四層,7,華廈(10層含以下有電梯),集合住宅,鋼筋混凝土構造,1031217,33.59,3,0,3,有,有,有,5500,164,,0.0,0,租金總額含管理費；網路費；,RPSOMLQJJHLGFCT17CC,分租套房,有,1150201~1160630,有,冷氣、熱水器、洗衣機、電視機、冰箱、有線電視、網路,一般代管
內埔鄉,租賃房屋,屏東縣內埔鄉福泰路３之１２號１樓,0.0,,,,1141226,土地0建物0車位0,一層,7,華廈(10層含以下有電梯),集合住宅,鋼筋混凝土構造,1031217,34.21,5,0,5,有,有,有,6000,175,,0.0,0,租金總額含管理費；網路費；,RPTOMLQJJHLGFCT27CC,分租套房,有,1150101~1150630,有,冷氣、熱水器、洗衣機、電視機、冰箱、有線電視、網路,一般代管
內埔鄉,租賃房屋,屏東縣內埔鄉福泰路３之１２號３樓,0.0,,,,1141226,土地0建物0車位0,三層,7,華廈(10層含以下有電梯),集合住宅,鋼筋混凝土構造,1031217,34.21,5,0,5,有,有,有,6000,175,,0.0,0,租金總額含管理費；網路費；,RPUOMLQJJHLGFCT37CC,分租套房,有,1150101~1150630,有,冷氣、熱水器、洗衣機、電視機、冰箱、有線電視、網路,一般代管
內埔鄉,租賃房屋,屏東縣內埔鄉福泰路３之１２號５樓,0.0,,,,1141226,土地0建物0車位0,五層,7,華廈(10層含以下有電梯),集合住宅,鋼筋混凝土構造,1031217,34.21,5,0,5,有,有,有,6000,175,,0.0,0,租金總額含管理費；網路費；,RPVOMLQJJHLGFCT47CC,分租套房,有,1150101~1150630,有,冷氣、熱水器、洗衣機、電視機、冰箱、有線電視、網路,一般代管
長治鄉,租賃房屋,屏東縣長治鄉長春街一段５２號３樓之２,0.0,,,,1141231,土地0建物1車位0,三層,6,華廈(10層含以下有電梯),辦公室,鋼筋混凝土造,0930630,24.68,1,0,1,有,有,有,5050,205,,0.0,0,含增建或未登記建物；,RPPNMLRJJHLGFAT66CC,獨立套房,有,1150101~1150630,有,冷氣、熱水器、電視機、冰箱、網路,一般代管
內埔鄉,租賃房屋,屏東縣內埔鄉南山路８８號２樓之５０,0.0,,,,1141225,土地0建物1車位0,二層,6,華廈(10層含以下有電梯),見使用執照,鋼筋混凝土造,0930712,21.84,1,0,1,有,有,有,3500,160,,0.0,0,含增建或未登記建物；續租案件；,RPPNMLRJJHLGFCT86CC,獨立套房,有,1150101~1150630,有,冷氣、熱水器、電視機、冰箱、網路,一般代管
內埔鄉,租賃房屋,屏東縣內埔鄉南山路８８號３樓之４９,0.0,,,,1141223,土地0建物1車位0,三層,6,華廈(10層含以下有電梯),見使用執照,鋼筋混凝土造,0930712,19.73,1,0,1,有,有,有,3200,162,,0.0,0,含增建或未登記建物；續租案件；,RPQNMLRJJHLGFCT96CC,獨立套房,有,1141224~1150623,有,冷氣、熱水器、電視機、冰箱、網路,一般代管
內埔鄉,租賃房屋,屏東縣內埔鄉南山路８８號５樓之５７,0.0,,,,1141231,土地0建物1車位0,五層,6,華廈(10層含以下有電梯),見使用執照,鋼筋混凝土造,0930712,19.39,1,0,1,有,有,有,3200,165,,0.0,0,含增建或未登記建物；續租案件；,RPRNMLRJJHLGFCT07CC,獨立套房,有,1150215~1150814,有,冷氣、熱水器、電視機、冰箱、網路,一般代管
內埔鄉,租賃房屋,屏東縣內埔鄉南山路８８號４樓之１３,0.0,,,,1141219,土地0建物1車位0,四層,6,華廈(10層含以下有電梯),見使用執照,鋼筋混凝土造,0930712,22.490000000000002,1,0,1,有,有,有,3500,156,,0.0,0,含增建或未登記建物；續租案件；,RPSNMLRJJHLGFCT17CC,獨立套房,有,1150220~1150819,有,冷氣、熱水器、電視機、冰箱、網路,一般代管
內埔鄉,租賃房屋,屏東縣內埔鄉南山路８８號５樓之１３,0.0,,,,1141219,土地0建物1車位0,五層,6,華廈(10層含以下有電梯),辦公室,鋼筋混凝土造,0930712,22.14,1,0,1,有,有,有,3500,158,,0.0,0,含增建或未登記建物；續租案件；,RPTNMLRJJHLGFCT27CC,獨立套房,有,1150301~1150831,有,冷氣、熱水器、電視機、冰箱、網路,一般代管
長治鄉,租賃房屋,屏東縣長治鄉長春街一段５２號４樓之１３,0.0,,,,1150101,土地0建物1車位0,四層,6,華廈(10層含以下有電梯),辦公室,鋼筋混凝土造,0930630,21.68,1,0,1,有,有,有,4050,187,,0.0,0,含增建或未登記建物；續租案件；,RPPNMLSJJHLGFAT76CC,獨立套房,有,1150301~1150831,有,冷氣、熱水器、電視機、冰箱、網路,一般代管
內埔鄉,租賃房屋,屏東縣內埔鄉福泰路３之１２號６樓,0.0,,,,1141215,土地0建物0車位0,六層,7,華廈(10層含以下有電梯),集合住宅,鋼筋混凝土構造,1031217,34.21,5,0,5,有,有,有,5500,161,,0.0,0,租金總額含管理費；網路費；,RPPNMLSJJHLGFCT96CC,分租套房,有,1150101~1160831,有,冷氣、熱水器、洗衣機、電視機、冰箱、有線電視、網路,一般代管
內埔鄉,租賃房屋,屏東縣內埔鄉福泰路３之１３號５樓,0.0,,,,1141226,土地0建物0車位0,五層,7,華廈(10層含以下有電梯),集合住宅,鋼筋混凝土構造,1031217,33.58,5,0,5,有,有,有,6000,179,,0.0,0,租金總額含管理費；網路費；,RPQNMLSJJHLGFCT07CC,分租套房,有,1150101~1150630,有,冷氣、熱水器、洗衣機、電視機、冰箱、有線電視、網路,一般代管
內埔鄉,租賃房屋,屏東縣內埔鄉福泰路３之１３號５樓,0.0,,,,1141226,土地0建物0車位0,五層,7,華廈(10層含以下有電梯),集合住宅,鋼筋混凝土構造,1031217,33.58,5,0,5,有,有,有,6000,179,,0.0,0,租金總額含管理費；網路費；,RPRNMLSJJHLGFCT17CC,分租套房,有,1150101~1150630,有,冷氣、熱水器、洗衣機、電視機、冰箱、有線電視、網路,一般代管
內埔鄉,租賃房屋,屏東縣內埔鄉福泰路３之１３號５樓,0.0,,,,1141226,土地0建物0車位0,五層,7,華廈(10層含以下有電梯),集合住宅,鋼筋混凝土構造,1031217,33.58,5,0,5,有,有,有,6000,179,,0.0,0,租金總額含管理費；網路費；,RPSNMLSJJHLGFCT27CC,分租套房,有,1150101~1150630,有,冷氣、熱水器、洗衣機、電視機、冰箱、有線電視、網路,一般代管
內埔鄉,租賃房屋,屏東縣內埔鄉壽比路２６１號３樓之１０,0.0,,,,1141223,土地0建物1車位0,三層,5,華廈(10層含以下有電梯),見使用執照,鋼筋混凝土造,0920501,22.58,1,0,1,有,有,有,2800,124,,0.0,0,含增建或未登記建物；續租案件；,RPTNMLSJJHLGFCT37CC,獨立套房,有,1150101~1150630,有,冷氣、熱水器、電視機、冰箱、網路,一般代管
內埔鄉,租賃房屋,屏東縣內埔鄉福泰路３之１３號７樓,0.0,,,,1141226,土地0建物0車位0,七層,7,華廈(10層含以下有電梯),集合住宅,鋼筋混凝土構造,1031217,33.58,5,0,5,有,有,有,6000,179,,0.0,0,租金總額含管理費；網路費；,RPUNMLSJJHLGFCT47CC,分租套房,有,1150101~1150630,有,冷氣、熱水器、洗衣機、電視機、冰箱、有線電視、網路,一般代管
內埔鄉,租賃房屋,屏東縣內埔鄉壽比路２６１號５樓之１４,0.0,,,,1141222,土地0建物1車位0,五層,5,華廈(10層含以下有電梯),見使用執照,鋼筋混凝土造,0920501,20.97,1,0,1,有,有,有,3000,143,,0.0,0,含增建或未登記建物；續租案件；,RPVNMLSJJHLGFCT57CC,獨立套房,有,1150101~1150630,有,冷氣、熱水器、電視機、冰箱、網路,一般代管
內埔鄉,租賃房屋,屏東縣內埔鄉壽比路２６１號３樓之１６,0.0,,,,1141224,土地0建物1車位0,三層,5,華廈(10層含以下有電梯),集合住宅,鋼筋混凝土造,0920501,25.06,1,0,1,有,有,有,3500,140,,0.0,0,含增建或未登記建物；續租案件；,RPWNMLSJJHLGFCT67CC,獨立套房,有,1150101~1150630,有,冷氣、熱水器、電視機、冰箱、網路,一般代管
內埔鄉,租賃房屋,屏東縣內埔鄉壽比路２３０號４樓之２,0.0,,,,1141226,土地0建物0車位0,四層,7,華廈(10層含以下有電梯),集合住宅,鋼筋混凝土構造,1051104,30.47,2,0,2,有,有,有,5800,190,,0.0,0,租金總額含管理費；網路費；,RPXNMLSJJHLGFCT77CC,分租套房,有,1150101~1160630,有,冷氣、熱水器、洗衣機、電視機、冰箱、有線電視、網路,一般代管
內埔鄉,租賃房屋,屏東縣內埔鄉壽比路２３０號４樓之７,0.0,,,,1141220,土地0建物0車位0,四層,7,華廈(10層含以下有電梯),集合住宅,鋼筋混凝土構造,1051104,29.99,3,0,3,有,有,有,5800,193,,0.0,0,租金總額含管理費；網路費；,RPOOMLSJJHLGFCT96CC,分租套房,有,1150201~1160131,有,冷氣、熱水器、洗衣機、電視機、冰箱、有線電視、網路,一般代管
內埔鄉,租賃房屋,屏東縣內埔鄉壽比路２６９號５樓之２６,0.0,,,,1141223,土地0建物1車位0,五層,5,華廈(10層含以下有電梯),見使用執照,鋼筋混凝土造,0920501,22.65,1,0,1,有,有,有,3300,146,,0.0,0,含增建或未登記建物；續租案件；,RPPOMLSJJHLGFCT07CC,獨立套房,有,1150101~1150831,有,冷氣、熱水器、電視機、冰箱、網路,一般代管
內埔鄉,租賃房屋,屏東縣內埔鄉壽比路２３２號６樓之１,0.0,,,,1141219,土地0建物0車位0,六層,7,華廈(10層含以下有電梯),集合住宅,鋼筋混凝土構造,1051104,31.57,2,0,2,有,有,有,6000,190,,0.0,0,租金總額含管理費；網路費；,RPQOMLSJJHLGFCT17CC,分租套房,有,1150201~1160630,有,冷氣、熱水器、洗衣機、電視機、冰箱、有線電視、網路,一般代管
內埔鄉,租賃房屋,屏東縣內埔鄉壽比路２３０號５樓之６,0.0,,,,1141218,土地0建物0車位0,五層,7,華廈(10層含以下有電梯),集合住宅,鋼筋混凝土構造,1051104,30.27,3,0,3,有,有,有,5600,185,,0.0,0,租金總額含管理費；網路費；,RPROMLSJJHLGFCT27CC,分租套房,有,1150201~1160630,有,冷氣、熱水器、洗衣機、電視機、冰箱、有線電視、網路,一般代管
內埔鄉,租賃房屋,屏東縣內埔鄉壽比路２３２號２樓之３,0.0,,,,1141229,土地0建物0車位0,二層,7,華廈(10層含以下有電梯),集合住宅,鋼筋混凝土構造,1051104,30.82,3,0,3,有,有,有,6000,195,,0.0,0,租金總額含管理費；網路費；,RPSOMLSJJHLGFCT37CC,分租套房,有,1150701~1150831,有,冷氣、熱水器、洗衣機、電視機、冰箱、有線電視、網路,一般代管
屏東市,租賃房屋,屏東縣屏東市建國路１１９巷１之８號,0.0,,,,1150108,土地0建物0車位0,三層,4,公寓(5樓含以下無電梯),住家用,鋼筋混凝土造,0790806,18.0,7,0,7,有,無,有,8500,472,,0.0,0,租金總額含網路費；含增建或未登記建物；租賃建物部分範圍，且未計入共有部分面積；,RPPNMLTJJHLGFAT86CC,分租套房,無,1150120~1150519,無,冷氣、熱水器、電視機、冰箱、網路,一般轉租
屏東市,租賃房屋+車位,屏東縣屏東市機場北路６２６號２樓,0.0,,,,1141213,土地0建物1車位1,二層,14,住宅大樓(11層含以上有電梯),集合住宅,鋼筋混凝土造,0881204,149.15,3,2,2,有,有,有,15000,101,坡道平面,24.01,0,多人共同承租2；續租案件；,RPQNMLTJJHLGFAT96CC,整棟(戶)出租,有,1141225~1151224,有,冷氣、熱水器、洗衣機、電視機、冰箱、瓦斯或天然氣,
屏東市,租賃房屋,屏東縣屏東市公裕街３５３巷３８-１１號二樓,0.0,,,,1150105,土地0建物1車位0,二層,4,華廈(10層含以下有電梯),辦公室,鋼筋混凝土造,0970305,13.73,1,0,1,有,有,有,3500,255,,0.0,0,含增建或未登記建物；續租案件；,RPRNMLTJJHLGFAT07CC,獨立套房,有,1150105~1150704,有,冷氣、熱水器、電視機、冰箱、網路,一般代管
屏東市,租賃房屋,屏東縣屏東市和生路二段２６２巷５之２號,0.0,,,,1150106,土地0建物1車位0,三層,5,公寓(5樓含以下無電梯),住家用,鋼筋混凝土造,0720305,85.75,3,2,2,有,無,有,16000,187,,0.0,0,多人共同承租6；,RPSNMLTJJHLGFAT17CC,整棟(戶)出租,無,1150106~1160105,無,冷氣、熱水器、洗衣機、電視機、冰箱、瓦斯或天然氣,
內埔鄉,租賃房屋,屏東縣內埔鄉南山路８８號２樓之６３,0.0,,,,1150101,土地0建物1車位0,二層,6,華廈(10層含以下有電梯),見使用執照,鋼筋混凝土造,0930712,19.59,1,0,1,有,有,有,3000,153,,0.0,0,含增建或未登記建物；續租案件；,RPQNMLTJJHLGFCT17CC,獨立套房,有,1150101~1150630,有,冷氣、熱水器、電視機、冰箱、網路,一般代管
內埔鄉,租賃房屋,屏東縣內埔鄉南山路８８號５樓之５８,0.0,,,,1141230,土地0建物1車位0,五層,6,華廈(10層含以下有電梯),見使用執照,鋼筋混凝土造,0930712,19.42,1,0,1,有,有,有,3200,165,,0.0,0,含增建或未登記建物；續租案件；,RPRNMLTJJHLGFCT27CC,獨立套房,有,1150202~1150801,有,冷氣、熱水器、電視機、冰箱、網路,一般代管
內埔鄉,租賃房屋,屏東縣內埔鄉南山路８８號２樓之１６,0.0,,,,1141225,土地0建物1車位0,二層,6,華廈(10層含以下有電梯),見使用執照,鋼筋混凝土造,0930712,18.6,1,0,1,有,有,有,3000,161,,0.0,0,含增建或未登記建物；續租案件；,RPSNMLTJJHLGFCT37CC,獨立套房,有,1150101~1150630,有,冷氣、熱水器、電視機、冰箱、網路,一般代管
內埔鄉,租賃房屋,屏東縣內埔鄉南山路８８號５樓之６,0.0,,,,1141231,土地0建物1車位0,五層,6,華廈(10層含以下有電梯),見使用執照,鋼筋混凝土造,0930712,19.189999999999998,1,0,1,有,有,有,3200,167,,0.0,0,含增建或未登記建物；,RPTNMLTJJHLGFCT47CC,獨立套房,有,1150101~1150630,有,冷氣、熱水器、電視機、冰箱、網路,一般代管
內埔鄉,租賃房屋,屏東縣內埔鄉南山路８８號５樓之８,0.0,,,,1150106,土地0建物1車位0,五層,6,華廈(10層含以下有電梯),辦公室,鋼筋混凝土構造,0930712,19.189999999999998,1,0,1,有,有,有,3200,167,,0.0,0,含增建或未登記建物；續租案件；,RPUNMLTJJHLGFCT57CC,獨立套房,有,1150218~1150817,有,冷氣、熱水器、電視機、冰箱、網路,一般代管
內埔鄉,租賃房屋,屏東縣內埔鄉南山路８８號６樓之１１,0.0,,,,1150101,土地0建物1車位0,六層,6,華廈(10層含以下有電梯),辦公室,鋼筋混凝土造,0930712,19.22,1,0,1,有,有,有,3200,166,,0.0,0,含增建或未登記建物；續租案件；,RPVNMLTJJHLGFCT67CC,獨立套房,有,1150101~1150630,有,冷氣、熱水器、電視機、冰箱、網路,一般代管
屏東市,租賃房屋+車位,屏東縣屏東市歸智路１１０巷３號８樓之７,0.0,,,,1150106,土地0建物1車位1,八層,15,住宅大樓(11層含以上有電梯),集合住宅,鋼筋混凝土造,1131211,151.25,3,1,2,有,有,無,25000,165,坡道平面,27.12,0,,RPPNMLTJJHLGFAT96DC,整棟(戶)出租,有,1150106~1160705,有,冷氣、熱水器、冰箱,
屏東市,租賃房屋,屏東縣屏東市公民街１７２巷５弄１０號,0.0,,,,1150112,土地0建物1車位0,全,2,透天厝,住家用,加強磚造,0760112,102.9,3,2,2,有,無,有,10000,97,,0.0,0,,RPPNMLMKJHLGFAT88CC,整棟(戶)出租,無,1150112~1160111,無,冷氣、熱水器、洗衣機、電視機、冰箱,社會住宅包租轉租
屏東市,租賃房屋,屏東縣屏東市自由路８５號９樓之１１,0.0,,,,1150112,土地0建物1車位0,九層,13,住宅大樓(11層含以上有電梯),住家用,鋼筋混凝土造,0831104,36.69,1,1,1,有,有,有,6000,164,,0.0,0,,RPQNMLMKJHLGFAT98CC,獨立套房,有,1150112~1160111,有,冷氣、熱水器、洗衣機、電視機、冰箱,社會住宅包租轉租
屏東市,租賃房屋,屏東縣屏東市迪化二街３７號,100.0,住,,,1141231,土地2建物1車位0,全,2,透天厝,住商用,加強磚造,0681029,131.73,2,2,3,有,無,無,23000,175,,0.0,0,,RPRNMLMKJHLGFAT09CC,整棟(戶)出租,無,1150116~1180115,無,,
屏東市,租賃房屋,屏東縣屏東市華盛街２７號七樓之四,0.0,,,,1150105,土地0建物1車位0,七層,14,住宅大樓(11層含以上有電梯),集合住宅,鋼筋混凝土造,0930909,181.01,3,2,2,有,有,無,17000,94,,0.0,0,多人共同承租2；未租賃車位，建物登記含有車位面積；,RPTNMLMKJHLGFAT66CC,整棟(戶)出租,有,1150128~1160127,有,冷氣、熱水器、瓦斯或天然氣,社會住宅代管
長治鄉,租賃房屋,屏東縣長治鄉香潭二街３６巷８號,0.0,,,,1141231,土地0建物1車位0,全,2,透天厝,住家用,加強磚造,0671214,80.8,2,2,1,有,無,有,10000,124,,0.0,0,續租案件；,RPUNMLMKJHLGFAT76CC,整棟(戶)出租,無,1150101~1151231,無,冷氣、熱水器、電視機、冰箱,社會住宅代管
內埔鄉,租賃房屋,屏東縣內埔鄉新豐路１７３號３樓之２,0.0,,,,1150106,土地0建物1車位0,三層,7,華廈(10層含以下有電梯),集合住宅,鋼筋混凝土造,1121101,90.16999999999999,3,2,2,有,有,有,17500,194,,0.0,0,續租案件；,RPPNMLMKJHLGFCT09CC,整棟(戶)出租,無,1150220~1160219,有,冷氣、熱水器、電視機、瓦斯或天然氣,社會住宅包租轉租
內埔鄉,租賃房屋,屏東縣內埔鄉永興巷４１０號,0.0,,,,1141224,土地0建物1車位0,全,4,透天厝,住商用,鋼筋混凝土造,0830119,153.56,4,2,2,有,有,有,9500,62,,0.0,0,續租案件；,RPQNMLMKJHLGFCT56CC,整棟(戶)出租,無,1141226~1151225,無,熱水器、瓦斯或天然氣,社會住宅包租轉租
東港鎮,租賃房屋,屏東縣東港鎮中正路二段４５巷２６號,0.0,,,,1150111,土地0建物1車位0,全,2,透天厝,店舖、住宅,鋼筋混凝土造,0690320,120.14,5,4,4,有,無,無,15000,125,,0.0,0,,RPPNMLMKJHLGFDT56CC,整棟(戶)出租,無,1150201~1160131,無,,
內埔鄉,租賃房屋,屏東縣內埔鄉惠陽街３０號三樓,0.0,,,,1150106,土地0建物1車位0,三層,6,華廈(10層含以下有電梯),住家用,鋼筋混凝土造,0830915,138.95,3,1,2,有,有,有,10000,72,,0.0,0,未租賃車位，建物登記含有車位面積；續租案件；,RPPNMLNKJHLGFCT56CC,整棟(戶)出租,有,1150216~1160215,有,冷氣、熱水器、洗衣機、電視機、冰箱、瓦斯或天然氣,社會住宅包租轉租
長治鄉,租賃房屋,屏東縣長治鄉長春街一段５２號４樓之６,0.0,,,,1141223,土地0建物1車位0,四層,6,華廈(10層含以下有電梯),辦公室,鋼筋混凝土造,0930630,21.8,1,0,1,有,有,有,4050,186,,0.0,0,含增建或未登記建物；續租案件；,RPPNMLOKJHLGFAT09CC,獨立套房,有,1150215~1160214,有,冷氣、熱水器、電視機、冰箱、網路,一般代管
屏東市,租賃房屋,屏東縣屏東市民和二路４８-７號６樓,0.0,,,,1150109,土地0建物1車位0,六層,8,華廈(10層含以下有電梯),辦公室,鋼筋混凝土造,0960530,16.13,1,0,1,有,有,有,4000,248,,0.0,0,含增建或未登記建物；續租案件；,RPQNMLOKJHLGFAT56CC,獨立套房,有,1150109~1150708,有,冷氣、熱水器、電視機、冰箱、網路,一般代管
內埔鄉,租賃房屋,屏東縣內埔鄉昌南路１３３巷７號,0.0,,,,1150102,土地0建物1車位0,全,3,透天厝,住家用,鋼筋混凝土造,0810219,117.81,5,2,3,有,無,有,13500,115,,0.0,0,租金總額含電費；瓦斯費；,RPPNMLOKJHLGFCT66CC,整棟(戶)出租,無,1141124~1151123,無,熱水器、洗衣機、冰箱、瓦斯或天然氣,
內埔鄉,租賃房屋,屏東縣內埔鄉學人路５４９號５樓之１,0.0,,,,1150112,土地0建物1車位0,全,5,透天厝,騎樓、停車空間、樓梯間、門廳及車道、集合住宅,鋼筋混凝土構造,0840119,31.7,1,1,1,有,無,有,6800,215,,0.0,0,,RPQNMLOKJHLGFCT76CC,獨立套房,無,1150125~1160124,無,冷氣、熱水器、電視機、冰箱、網路,社會住宅包租轉租
萬丹鄉,租賃房屋,屏東縣萬丹鄉大平路３６巷３號,0.0,,,,1150106,土地0建物1車位0,全,3,透天厝,住家用,鋼筋混凝土造,0870413,125.73,3,2,3,有,無,有,16000,127,,0.0,0,,RPPNMLOKJHLGFAT56DC,整棟(戶)出租,無,1150110~1160109,無,冷氣、熱水器、洗衣機、電視機、冰箱,
屏東市,租賃房屋,屏東縣屏東市廣東路１４３０之１號十一樓之三,0.0,,,,1150109,土地0建物1車位0,十一層,14,住宅大樓(11層含以上有電梯),集合住宅,鋼筋混凝土造,1070315,81.94,2,2,1,有,有,有,16500,201,,0.0,0,,RPPNMLPKJHLGFAT56CC,整棟(戶)出租,有,1150115~1160114,有,冷氣、熱水器、洗衣機、電視機、冰箱、瓦斯或天然氣,社會住宅代管
長治鄉,租賃房屋,屏東縣長治鄉長春街一段５２號,0.0,,,,1150112,土地0建物1車位0,四層,6,華廈(10層含以下有電梯),辦公室,鋼筋混凝土造,0930630,21.78,1,0,1,有,有,有,4050,186,,0.0,0,含增建或未登記建物；,RPQNMLPKJHLGFAT66CC,獨立套房,有,1150113~1150712,有,冷氣、熱水器、電視機、冰箱、網路,一般代管
屏東市,租賃房屋,屏東縣屏東市中山路１３７巷３１號,0.0,,,,1150115,土地0建物1車位0,全,3,透天厝,商業用,鋼筋混凝土造,0700611,120.15,3,2,2,有,無,有,11000,92,,0.0,0,,RPRNMLPKJHLGFAT76CC,整棟(戶)出租,無,1150126~1160125,無,冷氣、熱水器、洗衣機、電視機、冰箱,社會住宅代管
屏東市,租賃房屋,屏東縣屏東市自立南路７０巷９號,0.0,,,,1150115,土地0建物1車位0,全,2,透天厝,住家用,加強磚造,0730522,121.6,4,2,2,有,無,有,13500,111,,0.0,0,,RPSNMLPKJHLGFAT86CC,整棟(戶)出租,無,1150115~1160114,無,冷氣、熱水器、洗衣機、電視機、冰箱,社會住宅代管
內埔鄉,租賃房屋,屏東縣內埔鄉南山路８８號６樓之４３,0.0,,,,1141231,土地0建物1車位0,六層,6,華廈(10層含以下有電梯),見使用執照,鋼筋混凝土造,0930712,20.880000000000003,1,0,1,有,有,有,3300,158,,0.0,0,含增建或未登記建物；續租案件；,RPPNMLPKJHLGFCT76CC,獨立套房,有,1150101~1151231,有,冷氣、熱水器、電視機、冰箱、網路,一般代管
內埔鄉,租賃房屋,屏東縣內埔鄉南山路８８號二樓之２２,0.0,,,,1150110,土地0建物1車位0,二層,6,華廈(10層含以下有電梯),辦公室,鋼筋混凝土構造,0930712,18.14,1,0,1,有,有,有,3800,209,,0.0,0,,RPQNMLPKJHLGFCT86CC,獨立套房,有,1150112~1160111,有,冷氣、熱水器、冰箱,
內埔鄉,租賃房屋,屏東縣內埔鄉壽比路２６１號４樓之２３,0.0,,,,1150114,土地0建物1車位0,四層,5,華廈(10層含以下有電梯),集合住宅,鋼筋混凝土構造,0920501,20.259999999999998,1,0,1,有,有,有,3000,148,,0.0,0,含增建或未登記建物；續租案件；,RPPNMLQKJHLGFCT86CC,獨立套房,有,1150301~1150831,有,冷氣、熱水器、電視機、冰箱、網路,一般代管
內埔鄉,租賃房屋,屏東縣內埔鄉壽比路２６９號５樓之２４,0.0,,,,1150109,土地0建物1車位0,五層,5,華廈(10層含以下有電梯),見使用執照,鋼筋混凝土造,0920501,21.64,1,0,1,有,有,有,3000,139,,0.0,0,含增建或未登記建物；續租案件；,RPQNMLQKJHLGFCT96CC,獨立套房,有,1150115~1150714,有,冷氣、熱水器、電視機、冰箱、網路,一般代管
內埔鄉,租賃房屋,屏東縣內埔鄉南山路８８號５樓之２６,0.0,,,,1150109,土地0建物1車位0,五層,6,華廈(10層含以下有電梯),見使用執照,鋼筋混凝土造,0930712,19.47,1,0,1,有,有,有,3200,164,,0.0,0,含增建或未登記建物；續租案件；,RPRNMLQKJHLGFCT07CC,獨立套房,有,1150125~1150724,有,冷氣、熱水器、電視機、冰箱、網路,一般代管
內埔鄉,租賃房屋,屏東縣內埔鄉南山路８８號３樓之３３,0.0,,,,1150112,土地0建物1車位0,三層,6,華廈(10層含以下有電梯),辦公室,鋼筋混凝土構造,0930712,18.869999999999997,1,0,1,有,有,有,3000,159,,0.0,0,含增建或未登記建物；續租案件；,RPSNMLQKJHLGFCT17CC,獨立套房,有,1150113~1150712,有,冷氣、熱水器、電視機、冰箱、網路,一般代管
內埔鄉,租賃房屋,屏東縣內埔鄉仁和路１７-１號,79.88,商,,,1150117,土地1建物1車位0,全,3,透天厝,住商用,鋼筋混凝土造,0741216,60.72,1,2,1,有,無,無,25000,412,,0.0,0,,RPPNMLRKJHLGFCT96CC,,無,1150210~1180209,無,,
屏東市,租賃房屋,屏東縣屏東市徐州路１６９號五樓之三,0.0,,,,1150113,土地0建物1車位0,五層,5,華廈(10層含以下有電梯),住家用,鋼筋混凝土造,0831216,38.57,1,0,1,有,無,有,6000,156,,0.0,0,續租案件；,RPQNMLTKJHLGFAT07CC,獨立套房,有,1150115~1160114,有,冷氣、熱水器、洗衣機、電視機、冰箱,社會住宅包租轉租
屏東市,租賃房屋,屏東縣屏東市莊敬街一段３３號１F,0.0,,,,1141225,土地0建物1車位0,一層,3,店面(店鋪),住商用,鋼筋混凝土造,0680412,54.32,0,0,0,無,無,無,19000,350,,0.0,0,,RPRNMLTKJHLGFAT17CC,,無,1150101~1151231,無,熱水器、冰箱,
內埔鄉,租賃房屋,屏東縣內埔鄉光明路２９２巷１２６號,0.0,,,,1150107,土地0建物1車位0,全,3,透天厝,住宅、樓梯間,鋼筋混凝土造,1140116,171.45,5,2,4,有,無,無,30000,175,,0.0,0,多人共同承租2；,RPPNMLTKJHLGFCT17CC,整棟(戶)出租,無,1150110~1160109,無,,
新園鄉,租賃房屋,屏東縣新園鄉田南路４６之１號四樓之一,0.0,,,,1150112,土地0建物1車位0,四層,6,華廈(10層含以下有電梯),集合住宅,鋼筋混凝土構造,1100429,108.37,3,1,2,有,有,有,12000,111,,0.0,0,續租案件；,RPPNMLTKJHLGFDT27CC,整棟(戶)出租,有,1150114~1160113,有,冷氣、熱水器、洗衣機、瓦斯或天然氣,社會住宅包租轉租
屏東市,租賃房屋,屏東縣屏東市建興南路４１巷４號五樓之一,0.0,,,,1150113,土地0建物1車位0,五層,7,華廈(10層含以下有電梯),住家用,鋼筋混凝土造,0820510,125.45,3,2,2,有,有,有,11500,92,,0.0,0,多人共同承租2；續租案件；,RPPNMLKLJHLGFAT78CC,整棟(戶)出租,有,1150201~1160131,有,冷氣、熱水器、洗衣機、冰箱、瓦斯或天然氣,社會住宅代管
屏東市,租賃房屋,屏東縣屏東市機場北路５００號三樓之二,0.0,,,,1150112,土地0建物1車位0,三層,16,住宅大樓(11層含以上有電梯),集合住宅,鋼筋混凝土造,0890202,109.05000000000001,2,2,1,有,有,有,14500,133,,0.0,0,續租案件；,RPQNMLKLJHLGFAT88CC,整棟(戶)出租,有,1150308~1160307,有,冷氣、熱水器、冰箱、瓦斯或天然氣,社會住宅代管
屏東市,租賃房屋,屏東縣屏東市安心十橫巷１９號,0.0,,,,1150108,土地0建物1車位0,全,2,透天厝,住家用,加強磚造,0681226,81.28,3,2,2,有,無,無,10000,123,,0.0,0,續租案件；,RPRNMLKLJHLGFAT98CC,整棟(戶)出租,無,1150225~1160224,無,熱水器,社會住宅包租轉租
屏東市,租賃房屋,屏東縣屏東市清進路８２８巷３號２樓,0.0,,,,1150112,土地0建物1車位0,二層,4,公寓(5樓含以下無電梯),住家用,鋼筋混凝土造,0850110,34.239999999999995,1,0,1,有,無,有,5500,161,,0.0,0,續租案件；,RPSNMLKLJHLGFAT09CC,獨立套房,無,1150113~1160112,無,冷氣、熱水器、洗衣機、冰箱,社會住宅包租轉租
屏東市,租賃房屋,屏東縣屏東市建國路１１９巷１之８號,0.0,,,,1150109,土地0建物0車位0,三層,4,公寓(5樓含以下無電梯),住家用,鋼筋混凝土造,0790806,22.0,7,0,7,有,無,有,7500,341,,0.0,0,租金總額含網路費；含增建或未登記建物；租賃建物部分範圍，且未計入共有部分面積；,RPUNMLKLJHLGFAT66CC,分租套房,無,1150120~1150419,無,冷氣、熱水器、電視機、冰箱、網路,一般轉租
屏東市,租賃房屋,屏東縣屏東市建國路１１９巷１之９號,0.0,,,,1150119,土地0建物0車位0,四層,4,公寓(5樓含以下無電梯),住家用,鋼筋混凝土造,0790806,18.0,7,0,7,有,無,有,9500,528,,0.0,0,多人共同承租2；租金總額含網路費；含增建或未登記建物；租賃建物部分範圍，且未計入共有部分面積；,RPVNMLKLJHLGFAT76CC,分租套房,無,1150126~1150425,無,冷氣、熱水器、電視機、冰箱、網路,一般轉租
屏東市,土地,長春段292地號,164.0,住,,,1150115,土地2建物0車位0,,,其他,,,,0.0,0,0,0,無,無,無,9000,55,,0.0,0,,RPWNMLKLJHLGFAT86CC,,,1150116~1180115,,,
內埔鄉,租賃房屋,屏東縣內埔鄉民生路１８巷３號,0.0,,,,1150108,土地0建物1車位0,全,2,透天厝,住商用,加強磚造,0700429,99.12,1,2,1,有,無,無,5000,50,,0.0,0,續租案件；,RPPNMLKLJHLGFCT98CC,整棟(戶)出租,無,1150201~1160131,無,冷氣,社會住宅代管
崁頂鄉,租賃房屋,屏東縣崁頂鄉舊店路３７之３號,0.0,,,,1150113,土地0建物1車位0,全,2,透天厝,住家用,加強磚造,0740613,90.83,4,2,2,有,無,無,8500,94,,0.0,0,續租案件；,RPPNMLKLJHLGFDT09CC,整棟(戶)出租,無,1150320~1160319,無,冷氣、熱水器,社會住宅包租轉租
屏東市,租賃房屋,屏東縣屏東市機場北路６６８號九樓,0.0,,,,1150115,土地0建物1車位0,九層,14,住宅大樓(11層含以上有電梯),集合住宅,鋼筋混凝土造,0881204,61.54,2,1,1,有,有,有,12000,195,,0.0,0,,RPPNMLLLJHLGFAT88CC,整棟(戶)出租,有,1150119~1160118,有,冷氣、熱水器、洗衣機、電視機、冰箱、瓦斯或天然氣,社會住宅包租轉租
屏東市,租賃房屋,屏東縣屏東市民教路１９８號二樓之一,0.0,,,,1150115,土地0建物1車位0,二層,6,華廈(10層含以下有電梯),住家用,鋼筋混凝土造,0840428,126.47,4,2,2,有,有,有,13200,104,,0.0,0,,RPQNMLLLJHLGFAT98CC,整棟(戶)出租,有,1150116~1160115,有,冷氣、熱水器、瓦斯或天然氣,社會住宅代管
屏東市,租賃房屋,屏東縣屏東市吉祥街３５號,0.0,,,,1150121,土地0建物1車位0,全,3,透天厝,住商用,加強磚造,0720708,96.0,4,2,2,有,無,有,10500,109,,0.0,0,,RPRNMLLLJHLGFAT09CC,整棟(戶)出租,無,1150125~1160124,無,冷氣、熱水器,社會住宅代管
內埔鄉,租賃房屋,屏東縣內埔鄉壽比路２６１號５樓之１３,0.0,,,,1150101,土地0建物1車位0,五層,5,華廈(10層含以下有電梯),見使用執照,鋼筋混凝土造,0920501,20.97,1,0,1,有,有,有,3000,143,,0.0,0,含增建或未登記建物；續租案件；,RPPNMLLLJHLGFCT09CC,獨立套房,有,1150102~1150701,有,冷氣、熱水器、電視機、冰箱、網路,一般代管
內埔鄉,租賃房屋,屏東縣內埔鄉壽比路２６９號４樓之２９,0.0,,,,1150105,土地0建物1車位0,四層,5,華廈(10層含以下有電梯),集合住宅,鋼筋混凝土構造,0920501,24.099999999999998,1,0,1,有,有,有,3500,145,,0.0,0,含增建或未登記建物；續租案件；,RPQNMLLLJHLGFCT56CC,獨立套房,有,1150106~1150705,有,冷氣、熱水器、電視機、冰箱、網路,一般代管
內埔鄉,租賃房屋,屏東縣內埔鄉壽比路２６９號４樓之１９,0.0,,,,1150109,土地0建物1車位0,四層,5,華廈(10層含以下有電梯),集合住宅,鋼筋混凝土造,0920501,20.439999999999998,1,0,1,有,有,有,2800,137,,0.0,0,含增建或未登記建物；續租案件；,RPRNMLLLJHLGFCT66CC,獨立套房,有,1150301~1150831,有,冷氣、熱水器、電視機、冰箱、網路,一般代管
內埔鄉,租賃房屋,屏東縣內埔鄉壽比路２６９號５樓之１６,0.0,,,,1150108,土地0建物1車位0,五層,5,華廈(10層含以下有電梯),見使用執照,鋼筋混凝土造,0920501,21.64,1,0,1,有,有,有,3000,139,,0.0,0,含增建或未登記建物；續租案件；,RPSNMLLLJHLGFCT76CC,獨立套房,有,1150301~1150831,有,冷氣、熱水器、電視機、冰箱、網路,一般代管
內埔鄉,租賃房屋,屏東縣內埔鄉南山路８８號３樓之５,0.0,,,,1150115,土地0建物1車位0,三層,6,華廈(10層含以下有電梯),辦公室,鋼筋混凝土構造,0930712,19.799999999999997,1,0,1,有,有,有,3200,162,,0.0,0,含增建或未登記建物；,RPTNMLLLJHLGFCT86CC,獨立套房,有,1150115~1150714,有,冷氣、熱水器、電視機、冰箱、網路,一般代管
內埔鄉,租賃房屋,屏東縣內埔鄉南山路８８號５樓之１１,0.0,,,,1150115,土地0建物1車位0,五層,6,華廈(10層含以下有電梯),見使用執照,鋼筋混凝土造,0930712,19.39,1,0,1,有,有,有,3200,165,,0.0,0,含增建或未登記建物；續租案件；,RPUNMLLLJHLGFCT96CC,獨立套房,有,1150201~1150731,有,冷氣、熱水器、電視機、冰箱、網路,一般代管
潮州鎮,租賃房屋,屏東縣潮州鎮愛國路１１１號一樓之２,0.0,,,,1150115,土地0建物1車位0,一層,5,公寓(5樓含以下無電梯),住家用,鋼筋混凝土造,0821228,101.46000000000001,3,2,2,有,無,有,10000,99,,0.0,0,,RPVNMLLLJHLGFCT07CC,整棟(戶)出租,無,1150118~1160117,無,熱水器,社會住宅包租轉租
長治鄉,租賃房屋,屏東縣長治鄉長春街一段５２號５樓之１３,0.0,,,,1150120,土地0建物1車位0,五層,6,華廈(10層含以下有電梯),辦公室,鋼筋混凝土造,0930630,21.68,1,0,1,有,有,有,4000,185,,0.0,0,含增建或未登記建物；續租案件；,RPPNMLMLJHLGFAT98CC,獨立套房,有,1150201~1150731,有,冷氣、熱水器、電視機、冰箱、網路,一般代管
屏東市,租賃房屋,屏東縣屏東市崇明一街４６號,0.0,,,,1150121,土地0建物1車位0,全,5,透天厝,住宅、梯間、停車空間,鋼筋混凝土造,0911028,88.24,5,1,3,有,無,無,15000,170,,0.0,0,,RPQNMLNLJHLGFAT56CC,分層出租,無,1150201~1160131,無,冷氣、熱水器、洗衣機、電視機、冰箱、瓦斯或天然氣,
內埔鄉,租賃房屋,屏東縣內埔鄉壽比路２６１號３樓之１４,0.0,,,,1150119,土地0建物1車位0,三層,5,華廈(10層含以下有電梯),見使用執照,鋼筋混凝土造,0920501,20.97,1,0,1,有,有,有,3000,143,,0.0,0,含增建或未登記建物；續租案件；,RPPNMLNLJHLGFCT66CC,獨立套房,有,1150201~1150731,有,冷氣、熱水器、電視機、冰箱、網路,一般代管
內埔鄉,租賃房屋,屏東縣內埔鄉壽比路２６１號３樓之１,0.0,,,,1150112,土地0建物1車位0,三層,5,華廈(10層含以下有電梯),集合住宅,鋼筋混凝土造,0920501,21.64,1,0,1,有,有,有,3000,139,,0.0,0,含增建或未登記建物；續租案件；,RPQNMLNLJHLGFCT76CC,獨立套房,有,1150113~1150712,有,冷氣、熱水器、電視機、冰箱、網路,一般代管
內埔鄉,租賃房屋,屏東縣內埔鄉壽比路２６９號２樓之１１,0.0,,,,1150109,土地0建物1車位0,二層,5,華廈(10層含以下有電梯),見使用執照,鋼筋混凝土造,0920501,23.23,1,0,1,有,有,有,3500,151,,0.0,0,含增建或未登記建物；,RPRNMLNLJHLGFCT86CC,獨立套房,有,1150201~1150731,有,冷氣、熱水器、電視機、冰箱、網路,一般代管
屏東市,租賃房屋,屏東縣屏東市民和二路４８-９號３樓,0.0,,,,1150125,土地0建物1車位0,三層,8,華廈(10層含以下有電梯),辦公室,鋼筋混凝土造,0960530,16.13,1,0,1,有,有,有,3800,236,,0.0,0,含增建或未登記建物；續租案件；,RPPNMLQLJHLGFAT76CC,獨立套房,有,1150217~1150816,有,冷氣、熱水器、電視機、冰箱、網路,一般代管
屏東市,租賃房屋,屏東縣屏東市民和二路４８-１２號３樓,0.0,,,,1150126,土地0建物1車位0,三層,8,華廈(10層含以下有電梯),辦公室,鋼筋混凝土造,0960530,16.13,1,0,1,有,有,有,3600,223,,0.0,0,含增建或未登記建物；續租案件；,RPQNMLQLJHLGFAT86CC,獨立套房,有,1150208~1160207,有,冷氣、熱水器、電視機、冰箱、網路,一般代管
屏東市,租賃房屋,屏東縣屏東市華山街５０巷５弄２７之３號,0.0,,,,1150123,土地0建物1車位0,四層,5,公寓(5樓含以下無電梯),住家用,鋼筋混凝土造,0730619,79.51,3,2,1,有,有,有,10000,126,,0.0,0,,RPRNMLQLJHLGFAT96CC,整棟(戶)出租,無,1150411~1160410,無,冷氣、熱水器、洗衣機,社會住宅包租轉租
里港鄉,租賃房屋,屏東縣里港鄉潮厝路８６之２號,0.0,,,,1150126,土地0建物1車位0,全,3,透天厝,住家用,加強磚造,0790304,130.74,3,2,2,有,無,有,6000,46,,0.0,0,,RPPNMLQLJHLGFBT86CC,整棟(戶)出租,無,1150223~1160222,無,冷氣、熱水器,社會住宅包租轉租
內埔鄉,租賃房屋,屏東縣內埔鄉南山路８８號３樓之５１,0.0,,,,1150115,土地0建物1車位0,三層,6,華廈(10層含以下有電梯),見使用執照,鋼筋混凝土造,0930712,19.95,1,0,1,有,有,有,3200,160,,0.0,0,含增建或未登記建物；續租案件；,RPPNMLQLJHLGFCT96CC,獨立套房,有,1150210~1150809,有,冷氣、熱水器、電視機、冰箱、網路,一般代管
內埔鄉,租賃房屋,屏東縣內埔鄉南山路８８號６樓之２８,0.0,,,,1150116,土地0建物1車位0,六層,6,華廈(10層含以下有電梯),辦公室,鋼筋混凝土構造,0930712,18.439999999999998,1,0,1,有,有,有,3200,174,,0.0,0,含增建或未登記建物；續租案件；,RPQNMLQLJHLGFCT07CC,獨立套房,有,1150301~1150831,有,冷氣、熱水器、電視機、冰箱、網路,一般代管
潮州鎮,租賃房屋,屏東縣潮州鎮光輪路１５５號九樓之七,0.0,,,,1150123,土地0建物1車位0,九層,11,住宅大樓(11層含以上有電梯),住家用,鋼筋混凝土造,0850328,165.26,3,2,2,有,有,有,16000,97,,0.0,0,,RPSNMLQLJHLGFCT27CC,整棟(戶)出租,有,1150219~1160218,有,冷氣、洗衣機、冰箱,社會住宅包租轉租
內埔鄉,租賃房屋,屏東縣內埔鄉壽比路２２８號５樓之１,0.0,,,,1141230,土地0建物0車位0,五層,7,華廈(10層含以下有電梯),集合住宅,鋼筋混凝土構造,1051104,30.79,2,0,2,有,有,有,5800,188,,0.0,0,租金總額含管理費；網路費；,RPTNMLQLJHLGFCT37CC,分租套房,有,1150201~1160630,有,冷氣、熱水器、洗衣機、電視機、冰箱、有線電視、網路,一般代管
內埔鄉,租賃房屋,屏東縣內埔鄉壽比路２２８號５樓之２,0.0,,,,1150107,土地0建物0車位0,五層,7,華廈(10層含以下有電梯),集合住宅,鋼筋混凝土構造,1051104,32.59,2,0,2,有,有,有,5800,178,,0.0,0,租金總額含管理費；網路費；,RPUNMLQLJHLGFCT47CC,分租套房,有,1150201~1160630,有,冷氣、熱水器、洗衣機、電視機、冰箱、有線電視、網路,一般代管
內埔鄉,租賃房屋,屏東縣內埔鄉壽比路２３０號５樓之２,0.0,,,,1150106,土地0建物0車位0,五層,7,華廈(10層含以下有電梯),集合住宅,鋼筋混凝土構造,1051104,30.47,2,0,2,有,有,有,5800,190,,0.0,0,租金總額含管理費；網路費；,RPVNMLQLJHLGFCT57CC,分租套房,有,1150201~1160630,有,冷氣、熱水器、洗衣機、電視機、冰箱、有線電視、網路,一般代管
內埔鄉,租賃房屋,屏東縣內埔鄉壽比路２３２號５樓之２,0.0,,,,1141231,土地0建物0車位0,五層,7,華廈(10層含以下有電梯),集合住宅,鋼筋混凝土構造,1051104,32.519999999999996,3,0,3,有,有,有,6000,185,,0.0,0,租金總額含管理費；網路費；,RPWNMLQLJHLGFCT67CC,分租套房,有,1150201~1150630,有,冷氣、熱水器、洗衣機、電視機、冰箱、有線電視、網路,一般代管
內埔鄉,租賃房屋,屏東縣內埔鄉壽比路２２８號６樓之７,0.0,,,,1150108,土地0建物0車位0,六層,7,華廈(10層含以下有電梯),集合住宅,鋼筋混凝土構造,1051104,31.55,2,0,2,有,有,有,6000,190,,0.0,0,租金總額含管理費；網路費；,RPXNMLQLJHLGFCT77CC,分租套房,有,1150201~1160630,有,冷氣、熱水器、洗衣機、電視機、冰箱、有線電視、網路,一般代管
內埔鄉,租賃房屋,屏東縣內埔鄉壽比路２３０號６樓之７,0.0,,,,1150104,土地0建物0車位0,六層,7,華廈(10層含以下有電梯),集合住宅,鋼筋混凝土構造,1051104,29.99,3,0,3,有,有,有,6000,200,,0.0,0,多人共同承租2；租金總額含管理費；網路費；,RPOOMLQLJHLGFCT96CC,分租套房,有,1150201~1160630,有,冷氣、熱水器、洗衣機、電視機、冰箱、有線電視、網路,一般代管
內埔鄉,租賃房屋,屏東縣內埔鄉壽比路２３２號６樓之３,0.0,,,,1150106,土地0建物0車位0,六層,7,華廈(10層含以下有電梯),集合住宅,鋼筋混凝土構造,1051104,30.82,3,0,3,有,有,有,5800,188,,0.0,0,租金總額含管理費；網路費；,RPPOMLQLJHLGFCT07CC,分租套房,有,1150201~1150831,有,冷氣、熱水器、洗衣機、電視機、冰箱、有線電視、網路,一般代管
內埔鄉,租賃房屋,屏東縣內埔鄉壽比路２３２號６樓之２,0.0,,,,1150117,土地0建物0車位0,六層,7,華廈(10層含以下有電梯),集合住宅,鋼筋混凝土構造,1051104,32.519999999999996,3,0,3,有,有,有,6500,200,,0.0,0,租金總額含管理費；網路費；,RPQOMLQLJHLGFCT17CC,分租套房,有,1150201~1150630,有,冷氣、熱水器、洗衣機、電視機、冰箱、有線電視、網路,一般代管
內埔鄉,租賃房屋,屏東縣內埔鄉壽比路２２８號７樓之３,0.0,,,,1150109,土地0建物0車位0,七層,7,華廈(10層含以下有電梯),集合住宅,鋼筋混凝土構造,1051104,30.85,3,0,3,有,有,有,6000,194,,0.0,0,租金總額含管理費；網路費；,RPROMLQLJHLGFCT27CC,分租套房,有,1150201~1160630,有,冷氣、熱水器、洗衣機、電視機、冰箱、有線電視、網路,一般代管
內埔鄉,租賃房屋,屏東縣內埔鄉福泰路３之７號１樓,0.0,,,,1150109,土地0建物0車位0,一層,7,華廈(10層含以下有電梯),集合住宅,鋼筋混凝土構造,1031217,29.2,3,0,3,有,有,有,6500,223,,0.0,0,多人共同承租2；租金總額含管理費；網路費；,RPSOMLQLJHLGFCT37CC,分租套房,有,1150201~1160630,有,冷氣、熱水器、洗衣機、電視機、冰箱、有線電視、網路,一般代管
內埔鄉,租賃房屋,屏東縣內埔鄉福泰路３之７號１樓,0.0,,,,1150118,土地0建物0車位0,一層,7,華廈(10層含以下有電梯),集合住宅,鋼筋混凝土構造,1031217,29.2,3,0,3,有,有,有,6500,223,,0.0,0,租金總額含管理費；網路費；,RPTOMLQLJHLGFCT47CC,分租套房,有,1150201~1160630,有,冷氣、熱水器、洗衣機、電視機、冰箱、有線電視、網路,一般代管
內埔鄉,租賃房屋,屏東縣內埔鄉福泰路３之８號１樓,0.0,,,,1150103,土地0建物0車位0,一層,7,華廈(10層含以下有電梯),集合住宅,鋼筋混凝土構造,1031217,33.8,3,0,3,有,有,有,5500,163,,0.0,0,租金總額含管理費；網路費；,RPUOMLQLJHLGFCT57CC,分租套房,有,1150201~1150630,有,冷氣、熱水器、洗衣機、電視機、冰箱、有線電視、網路,一般代管
內埔鄉,租賃房屋,屏東縣內埔鄉福泰路３之７號２樓,0.0,,,,1141229,土地0建物0車位0,二層,7,華廈(10層含以下有電梯),集合住宅,鋼筋混凝土構造,1031217,29.2,2,0,2,有,有,有,5500,188,,0.0,0,租金總額含管理費；網路費；,RPVOMLQLJHLGFCT67CC,分租套房,有,1150201~1150630,有,冷氣、熱水器、洗衣機、電視機、冰箱、有線電視、網路,一般代管
內埔鄉,租賃房屋,屏東縣內埔鄉福泰路３之１０號２樓,0.0,,,,1150110,土地0建物0車位0,二層,7,華廈(10層含以下有電梯),集合住宅,鋼筋混凝土構造,1031217,33.89,3,0,3,有,有,有,5500,162,,0.0,0,租金總額含管理費；網路費；,RPWOMLQLJHLGFCT77CC,分租套房,有,1150201~1160630,有,冷氣、熱水器、洗衣機、電視機、冰箱、有線電視、網路,一般代管
內埔鄉,租賃房屋,屏東縣內埔鄉福泰路３之３號３樓,0.0,,,,1150113,土地0建物0車位0,三層,7,華廈(10層含以下有電梯),集合住宅,鋼筋混凝土構造,1031217,33.89,3,0,3,有,有,有,6000,177,,0.0,0,租金總額含管理費；網路費；,RPXOMLQLJHLGFCT87CC,分租套房,有,1150201~1160630,有,冷氣、熱水器、洗衣機、電視機、冰箱、有線電視、網路,一般代管
內埔鄉,租賃房屋,屏東縣內埔鄉福泰路３之１０號４樓,0.0,,,,1141230,土地0建物0車位0,四層,7,華廈(10層含以下有電梯),集合住宅,鋼筋混凝土構造,1031217,33.89,3,0,3,有,有,有,6000,177,,0.0,0,租金總額含管理費；網路費；,RPOPMLQLJHLGFCT07CC,分租套房,有,1150201~1160630,有,冷氣、熱水器、洗衣機、電視機、冰箱、有線電視、網路,一般代管
內埔鄉,租賃房屋,屏東縣內埔鄉福泰路３之２號５樓,0.0,,,,1150109,土地0建物0車位0,五層,7,華廈(10層含以下有電梯),集合住宅,鋼筋混凝土構造,1031217,33.66,3,0,3,有,有,有,5600,166,,0.0,0,租金總額含管理費；網路費；,RPPPMLQLJHLGFCT17CC,分租套房,有,1150201~1160630,有,冷氣、熱水器、洗衣機、電視機、冰箱、有線電視、網路,一般代管
內埔鄉,租賃房屋,屏東縣內埔鄉福泰路３之３號６樓,0.0,,,,1141229,土地0建物0車位0,六層,7,華廈(10層含以下有電梯),集合住宅,鋼筋混凝土構造,1031217,33.89,3,0,3,有,有,有,6000,177,,0.0,0,租金總額含管理費；網路費；,RPQPMLQLJHLGFCT27CC,分租套房,有,1150201~1150630,有,冷氣、熱水器、洗衣機、電視機、冰箱、有線電視、網路,一般代管
內埔鄉,租賃房屋,屏東縣內埔鄉福泰路３之１０號６樓,0.0,,,,1150105,土地0建物0車位0,六層,7,華廈(10層含以下有電梯),集合住宅,鋼筋混凝土構造,1031217,33.89,3,0,3,有,有,有,6000,177,,0.0,0,租金總額含管理費；網路費；,RPRPMLQLJHLGFCT37CC,分租套房,有,1150201~1160630,有,冷氣、熱水器、洗衣機、電視機、冰箱、有線電視、網路,一般代管
內埔鄉,租賃房屋,屏東縣內埔鄉福泰路３之１號７樓,0.0,,,,1150110,土地0建物0車位0,七層,7,華廈(10層含以下有電梯),集合住宅,鋼筋混凝土構造,1031217,33.67,3,0,3,有,有,有,5500,163,,0.0,0,租金總額含管理費；網路費；,RPSPMLQLJHLGFCT47CC,分租套房,有,1150201~1160630,有,冷氣、熱水器、洗衣機、電視機、冰箱、有線電視、網路,一般代管
內埔鄉,租賃房屋,屏東縣內埔鄉福泰路３之１２號７樓,0.0,,,,1150107,土地0建物0車位0,七層,7,華廈(10層含以下有電梯),集合住宅,鋼筋混凝土構造,1031217,34.21,5,0,5,有,有,有,5500,161,,0.0,0,租金總額含管理費；網路費；,RPTPMLQLJHLGFCT57CC,分租套房,有,1150301~1160630,有,冷氣、熱水器、洗衣機、電視機、冰箱、有線電視、網路,一般代管
內埔鄉,租賃房屋,屏東縣內埔鄉福泰路３之１２號７樓,0.0,,,,1150108,土地0建物0車位0,七層,7,華廈(10層含以下有電梯),集合住宅,鋼筋混凝土構造,1031217,34.21,5,0,5,有,有,有,5500,161,,0.0,0,租金總額含管理費；網路費；,RPUPMLQLJHLGFCT67CC,分租套房,有,1150201~1150630,有,冷氣、熱水器、洗衣機、電視機、冰箱、有線電視、網路,一般代管
內埔鄉,租賃房屋,屏東縣內埔鄉大新路４８６-６號,0.0,,,,1150116,土地0建物1車位0,全,3,透天厝,住宅,鋼筋混凝土構造,1120112,201.75,5,2,4,有,無,有,18000,89,,0.0,0,多人共同承租2；,RPVPMLQLJHLGFCT77CC,整棟(戶)出租,無,1150125~1180124,無,冰箱,一般代管
長治鄉,租賃房屋,屏東縣長治鄉長春街一段５２號６樓之１５,0.0,,,,1150123,土地0建物1車位0,六層,6,華廈(10層含以下有電梯),辦公室,鋼筋混凝土造,0930630,43.25,1,0,1,有,有,有,4050,94,,0.0,0,含增建或未登記建物；,RPPNMLRLJHLGFAT86CC,獨立套房,有,1150125~1150724,有,冷氣、熱水器、電視機、冰箱、網路,一般代管
麟洛鄉,租賃房屋,屏東縣麟洛鄉成功路４２號,0.0,,,,1150121,土地0建物1車位0,全,2,透天厝,住家用,鋼筋混凝土造,0801014,83.52,4,2,3,有,無,無,12000,144,,0.0,0,,RPQNMLRLJHLGFAT96CC,整棟(戶)出租,無,1150125~1150816,無,冷氣、瓦斯或天然氣,社會住宅包租轉租
內埔鄉,租賃房屋,屏東縣內埔鄉學人路５４９號５樓之３,0.0,,,,1150126,土地0建物1車位0,全,5,透天厝,騎樓、停車空間、樓梯間、門廳及車道、集合住宅,鋼筋混凝土構造,0840119,34.0,1,1,1,有,無,有,7500,221,,0.0,0,,RPPNMLRLJHLGFCT07CC,獨立套房,無,1150218~1160217,無,冷氣、熱水器、電視機、冰箱,社會住宅包租轉租
內埔鄉,租賃房屋,屏東縣內埔鄉學人路５４９號４樓之１,0.0,,,,1150126,土地0建物1車位0,全,5,透天厝,騎樓、停車空間、樓梯間、門廳及車道、集合住宅,鋼筋混凝土構造,0840119,31.7,1,1,1,有,無,有,7000,221,,0.0,0,,RPQNMLRLJHLGFCT17CC,獨立套房,無,1150215~1160214,無,冷氣、熱水器、電視機、冰箱,社會住宅包租轉租
屏東市,租賃房屋,屏東縣屏東市公裕街３５３巷３８-３０號三樓,0.0,,,,1150126,土地0建物1車位0,三層,4,華廈(10層含以下有電梯),辦公室,鋼筋混凝土造,0970305,14.61,1,0,1,有,有,有,3800,260,,0.0,0,含增建或未登記建物；續租案件；,RPPNMLSLJHLGFAT96CC,獨立套房,有,1150205~1150804,有,冷氣、熱水器、電視機、冰箱、網路,一般代管
內埔鄉,租賃房屋,屏東縣內埔鄉南山路８８號６樓之５８,0.0,,,,1150101,土地0建物1車位0,六層,6,華廈(10層含以下有電梯),見使用執照,鋼筋混凝土造,0930712,19.240000000000002,1,0,1,有,有,有,3200,166,,0.0,0,含增建或未登記建物；,RPPNMLSLJHLGFCT17CC,獨立套房,有,1150101~1150630,有,冷氣、熱水器、電視機、冰箱、網路,一般代管
屏東市,租賃房屋,屏東縣屏東市林森路３３巷６號,0.0,,,,1150115,土地0建物1車位0,全,2,透天厝,住家用,鋼筋混凝土加強磚造,0590512,127.84,2,2,2,有,無,有,10000,78,,0.0,0,續租案件；,RPPNMLTLJHLGFAT07CC,整棟(戶)出租,無,1150321~1160320,無,冷氣、熱水器,社會住宅代管
屏東市,租賃房屋,屏東縣屏東市民學路１２０巷１２之３號,0.0,,,,1150116,土地0建物1車位0,四層,5,公寓(5樓含以下無電梯),國民住宅,鋼筋混凝土造,0710615,78.52,3,1,1,有,無,無,8000,102,,0.0,0,續租案件；,RPQNMLTLJHLGFAT17CC,整棟(戶)出租,無,1150119~1160118,無,熱水器,社會住宅包租轉租
屏東市,租賃房屋,屏東縣屏東市機場北路５９０號三樓,0.0,,,,1150119,土地0建物1車位0,三層,14,住宅大樓(11層含以上有電梯),集合住宅,鋼筋混凝土造,0881204,158.89,3,2,2,有,有,有,15000,94,,0.0,0,續租案件；,RPRNMLTLJHLGFAT27CC,整棟(戶)出租,有,1150305~1160304,有,冷氣、熱水器、冰箱、瓦斯或天然氣,社會住宅代管
屏東市,租賃房屋,屏東縣屏東市復興南路一段２３１巷６２之１號,0.0,,,,1150120,土地0建物1車位0,二層,5,公寓(5樓含以下無電梯),國民住宅,鋼筋混凝土造,0731013,87.7,3,2,1,有,無,有,10500,120,,0.0,0,續租案件；,RPSNMLTLJHLGFAT37CC,整棟(戶)出租,無,1150315~1160314,無,冷氣、熱水器、洗衣機、瓦斯或天然氣,社會住宅包租轉租
屏東市,租賃房屋,屏東縣屏東市棒球路１７２-３號五樓,0.0,,,,1150104,土地0建物0車位0,五層,5,公寓(5樓含以下無電梯),國民住宅,鋼筋混凝土造,0711024,13.22,5,0,5,有,無,有,6500,492,,0.0,0,租賃建物部分範圍，且未計入共有部分面積；,RPUNMLTLJHLGFAT57CC,分租套房,無,1150105~1160104,無,冷氣、熱水器、洗衣機、冰箱,
內埔鄉,租賃房屋,屏東縣內埔鄉南山路８８號４樓之３６,0.0,,,,1150126,土地0建物1車位0,四層,6,華廈(10層含以下有電梯),見使用執照,鋼筋混凝土造,0930712,18.869999999999997,1,0,1,有,有,有,2900,154,,0.0,0,含增建或未登記建物；續租案件；,RPPNMLTLJHLGFCT27CC,獨立套房,有,1150222~1160221,有,冷氣、熱水器、電視機、冰箱、網路,一般代管
內埔鄉,租賃房屋,屏東縣內埔鄉南山路８８號６樓之２９,0.0,,,,1150121,土地0建物1車位0,六層,6,華廈(10層含以下有電梯),見使用執照,鋼筋混凝土造,0930712,21.02,1,0,1,有,有,有,3200,152,,0.0,0,含增建或未登記建物；續租案件；,RPQNMLTLJHLGFCT37CC,獨立套房,有,1150201~1150731,有,冷氣、熱水器、電視機、冰箱、網路,一般代管
潮州鎮,租賃房屋,屏東縣潮州鎮愛國路１３１巷４６號五樓,0.0,,,,1150119,土地0建物1車位0,五層,5,華廈(10層含以下有電梯),集合住宅,鋼筋混凝土構造,1120309,65.86,2,1,2,有,有,有,14000,213,,0.0,0,續租案件；,RPSNMLTLJHLGFCT57CC,整棟(戶)出租,有,1150215~1160214,有,冷氣、熱水器、洗衣機、電視機、冰箱、瓦斯或天然氣,社會住宅包租轉租
東港鎮,租賃房屋,屏東縣東港鎮沿海路２８５號,0.0,,,,1150119,土地0建物0車位0,全,3,透天厝,住商用,鋼筋混凝土構造,1051017,24.0,9,1,10,有,無,有,6000,250,,0.0,0,租賃建物部分範圍，且未計入共有部分面積；,RPPNMLTLJHLGFDT37CC,分租套房,無,1150119~1160118,無,冷氣、洗衣機、電視機、冰箱,
恆春鎮,租賃房屋,屏東縣恆春鎮?公路１０４號,0.0,,,,1150116,土地0建物1車位0,全,2,透天厝,住商用,加強磚造,0691004,114.34,4,1,3,有,無,有,15000,131,,0.0,0,續租案件；,RPQNMLTLJHLGFET57CC,整棟(戶)出租,無,1150223~1160222,無,冷氣、熱水器、冰箱、瓦斯或天然氣,社會住宅代管
屏東市,租賃房屋,屏東縣屏東市忠孝路２４７巷５２弄３號,0.0,,,,1150123,土地0建物1車位0,全,3,透天厝,住家用,鋼筋混凝土造,0690314,95.62,4,2,2,有,無,有,9000,94,,0.0,0,續租案件；,RPQNMLKMJHLGFAT98CC,整棟(戶)出租,無,1150131~1160130,無,冷氣、熱水器、瓦斯或天然氣,社會住宅包租轉租
內埔鄉,租賃房屋,屏東縣內埔鄉壽比路２６１號４樓之２２,0.0,,,,1150120,土地0建物1車位0,四層,5,華廈(10層含以下有電梯),見使用執照,鋼筋混凝土造,0920501,22.55,1,0,1,有,有,有,2800,124,,0.0,0,含增建或未登記建物；續租案件；,RPPNMLKMJHLGFCT09CC,獨立套房,有,1150127~1150726,有,冷氣、熱水器、電視機、冰箱、網路,一般代管
內埔鄉,租賃房屋,屏東縣內埔鄉壽比路２６９號５樓之１０,0.0,,,,1150122,土地0建物1車位0,五層,5,華廈(10層含以下有電梯),見使用執照,鋼筋混凝土造,0920501,21.64,1,0,1,有,有,有,3000,139,,0.0,0,含增建或未登記建物；續租案件；,RPQNMLKMJHLGFCT56CC,獨立套房,有,1150301~1150831,有,冷氣、熱水器、電視機、冰箱、網路,一般代管
內埔鄉,租賃房屋,屏東縣內埔鄉壽比路２６９號４樓之２５,0.0,,,,1150128,土地0建物1車位0,四層,5,華廈(10層含以下有電梯),見使用執照,鋼筋混凝土造,0920501,21.64,1,0,1,有,有,有,3000,139,,0.0,0,含增建或未登記建物；續租案件；,RPRNMLKMJHLGFCT66CC,獨立套房,有,1150217~1150816,有,冷氣、熱水器、電視機、冰箱、網路,一般代管
東港鎮,租賃房屋,屏東縣東港鎮船頭路２５之２２６號五樓,0.0,,,,1150126,土地0建物1車位0,五層,5,公寓(5樓含以下無電梯),住家用,鋼筋混凝土造,0830625,119.62,3,1,1,有,有,有,11500,96,,0.0,0,,RPPNMLKMJHLGFDT56CC,整棟(戶)出租,無,1150130~1160129,無,冷氣、熱水器、洗衣機、電視機、冰箱、瓦斯或天然氣,社會住宅包租轉租
內埔鄉,租賃房屋,屏東縣內埔鄉大同路二段５３號１樓,0.0,,,,1150119,土地0建物1車位0,一層,3,店面(店鋪),住商用,鋼筋混凝土造,0790618,58.97,0,0,0,無,無,無,18100,307,,0.0,0,租金總額含稅；,RPPNMLKMJHLGFCT56DC,,無,1150125~1200114,無,,
屏東市,租賃房屋,屏東縣屏東市民和二路４８-２２號６樓,0.0,,,,1150131,土地0建物1車位0,六層,8,華廈(10層含以下有電梯),辦公室,鋼筋混凝土造,0960530,16.17,1,0,1,有,有,有,3600,223,,0.0,0,含增建或未登記建物；續租案件；,RPPNMLMJKHLGFAT88CC,獨立套房,有,1150201~1150731,有,冷氣、熱水器、電視機、冰箱、網路,一般代管
屏東市,租賃房屋,屏東縣屏東市建國路１１９巷１之９號,0.0,,,,1150128,土地0建物0車位0,四層,4,公寓(5樓含以下無電梯),住家用,鋼筋混凝土造,0790806,18.0,7,0,7,有,無,有,8500,472,,0.0,0,租金總額含網路費；含增建或未登記建物；租賃建物部分範圍，且未計入共有部分面積；,RPQNMLMJKHLGFAT98CC,分租套房,無,1150130~1150729,無,冷氣、熱水器、電視機、冰箱、網路,一般轉租
屏東市,租賃房屋,屏東縣屏東市迪化街１８０號七樓之三,0.0,,,,1150121,土地0建物1車位0,七層,7,華廈(10層含以下有電梯),住家用,鋼筋混凝土造,0811020,110.97,3,2,2,有,有,有,12500,113,,0.0,0,續租案件；,RPRNMLMJKHLGFAT09CC,整棟(戶)出租,無,1150124~1160123,有,冷氣、熱水器、冰箱、瓦斯或天然氣,社會住宅包租轉租
內埔鄉,租賃房屋,屏東縣內埔鄉壽比路２６１號４樓之１,0.0,,,,1150202,土地0建物1車位0,四層,5,華廈(10層含以下有電梯),集合住宅,鋼筋混凝土構造,0920501,21.64,1,0,1,有,有,有,3000,139,,0.0,0,,RPPNMLMJKHLGFCT09CC,整棟(戶)出租,有,1150220~1160219,有,冷氣、熱水器、洗衣機、冰箱,社會住宅代管
屏東市,租賃房屋,屏東縣屏東市開封街９之３９號,0.0,,,,1150126,土地0建物1車位0,五層,5,公寓(5樓含以下無電梯),住家用,鋼筋混凝土造,0690717,96.36,3,2,2,有,無,有,15000,156,,0.0,0,多人共同承租3；,RPPNMLNJKHLGFAT98CC,整棟(戶)出租,無,1150201~1160131,無,冷氣、熱水器、洗衣機、電視機、冰箱、瓦斯或天然氣,社會住宅代管
屏東市,租賃房屋+車位,屏東縣屏東市和生路一段７６號１１樓,0.0,,,,1150120,土地0建物1車位1,十一層,13,住宅大樓(11層含以上有電梯),集合住宅,鋼筋混凝土造,0900118,165.67,4,1,2,有,有,有,16000,97,坡道平面,22.99,0,多人共同承租2；,RPQNMLNJKHLGFAT09CC,整棟(戶)出租,有,1150120~1160119,有,冷氣、熱水器、洗衣機、冰箱、瓦斯或天然氣,一般轉租
東港鎮,租賃房屋,屏東縣東港鎮興東二街５８號３樓,0.0,,,,1150202,土地0建物1車位0,三層,7,華廈(10層含以下有電梯),住家用,鋼筋混凝土造,0821120,135.71,3,2,2,有,無,有,15000,111,,0.0,0,,RPPNMLNJKHLGFDT66CC,分層出租,無,1150210~1160209,有,冷氣、熱水器、洗衣機、電視機、冰箱,
屏東市,租賃房屋,屏東縣屏東市徐州路１６４之１號四樓之六,0.0,,,,1150131,土地0建物1車位0,四層,6,華廈(10層含以下有電梯),住家用,鋼筋混凝土造,0841030,37.69,1,1,1,有,有,有,4600,122,,0.0,0,,RPPNMLOJKHLGFAT09CC,獨立套房,有,1150202~1160201,有,冷氣、熱水器、洗衣機、電視機,社會住宅代管
東港鎮,租賃房屋,屏東縣東港鎮共和街１００號二樓之五,0.0,,,,1150130,土地0建物1車位0,二層,13,住宅大樓(11層含以上有電梯),集合住宅,鋼筋混凝土構造,1031015,170.78,3,2,2,有,有,有,14000,82,,0.0,0,未租賃車位，建物登記含有車位面積；,RPPNMLOJKHLGFDT76CC,整棟(戶)出租,有,1150203~1160202,有,冷氣、熱水器、洗衣機、冰箱、瓦斯或天然氣,社會住宅包租轉租
枋寮鄉,租賃房屋,屏東縣枋寮鄉精進路２９號,0.0,,,,1150121,土地0建物1車位0,見其他登記事項,2,工廠,辦公室．廠房,鋼構造,0830502,1280.63,0,0,0,無,無,無,340000,,,0.0,0,承租範圍含未保存登記建物一棟,RPPNMLOJKHLGFFT96CC,,無,1150210~1160209,無,,
屏東市,租賃房屋,屏東縣屏東市建國路１１９巷１之９號,0.0,,,,1150204,土地0建物0車位0,四層,4,公寓(5樓含以下無電梯),住家用,鋼筋混凝土造,0790806,20.0,7,0,7,有,無,有,10000,500,,0.0,0,租金總額含網路費；含增建或未登記建物；租賃建物部分範圍，且未計入共有部分面積；,RPPNMLPJKHLGFAT56CC,分租套房,無,1150207~1150806,無,冷氣、熱水器、電視機、冰箱、網路,一般轉租
東港鎮,租賃房屋,屏東縣東港鎮頂中街１２號,0.0,,,,1150119,土地0建物1車位0,全,3,透天厝,住家用,ＲＣ構架造,0660210,88.98,3,3,2,有,無,無,15000,169,,0.0,0,,RPPNMLPJKHLGFDT86CC,整棟(戶)出租,無,1150401~1160930,無,,
屏東市,租賃房屋,屏東縣屏東市莊敬街二段１１３巷８之１號十三樓,0.0,,,,1150204,土地0建物1車位0,十三層,13,住宅大樓(11層含以上有電梯),住家用,鋼筋混凝土造,0860113,125.99000000000001,2,2,2,有,有,有,15000,119,,0.0,0,,RPPNMLQJKHLGFAT66CC,整棟(戶)出租,有,1150207~1160206,有,冷氣、熱水器、洗衣機、瓦斯或天然氣,社會住宅包租轉租
屏東市,租賃房屋,屏東縣屏東市民和二路４８-２３號４樓,0.0,,,,1150205,土地0建物1車位0,四層,8,華廈(10層含以下有電梯),辦公室,鋼筋混凝土造,0960530,15.899999999999999,1,0,1,有,有,有,4000,252,,0.0,0,含增建或未登記建物；續租案件；,RPQNMLQJKHLGFAT76CC,獨立套房,有,1150205~1160204,有,冷氣、熱水器、電視機、冰箱、網路,一般代管
屏東市,租賃房屋,屏東縣屏東市民和二路４８-９號７樓,0.0,,,,1150201,土地0建物1車位0,七層,8,華廈(10層含以下有電梯),辦公室,鋼筋混凝土造,0960530,16.2,1,0,1,有,有,有,4000,247,,0.0,0,含增建或未登記建物；,RPRNMLQJKHLGFAT86CC,獨立套房,有,1150201~1160131,有,冷氣、熱水器、電視機、冰箱、網路,一般代管
長治鄉,租賃房屋,屏東縣長治鄉瑞源路１９巷６號,0.0,,,,1150130,土地0建物1車位0,全,3,透天厝,住家用,鋼筋混凝土造,0800408,151.0,5,1,3,有,無,有,18000,119,,0.0,0,多人共同承租2；,RPSNMLQJKHLGFAT96CC,整棟(戶)出租,無,1150205~1160204,無,冷氣、熱水器、瓦斯或天然氣,社會住宅包租轉租
潮州鎮,土地,大同段980地號,561.98,,鄉村區,乙種建築用地,1150127,土地1建物0車位0,,,其他,,,,0.0,0,0,0,無,無,無,12000,21,,0.0,0,含增建或未登記建物；,RPQNMLQJKHLGFCT96CC,,,1150301~1160228,,,
屏東市,租賃房屋,屏東縣屏東市機場北路６７６號十樓,0.0,,,,1150206,土地0建物1車位0,十層,14,住宅大樓(11層含以上有電梯),集合住宅,鋼筋混凝土造,0881204,61.54,2,1,1,有,有,有,12000,195,,0.0,0,,RPPNMLRJKHLGFAT76CC,整棟(戶)出租,有,1150210~1160209,有,冷氣、熱水器、洗衣機、電視機、冰箱、瓦斯或天然氣,
屏東市,租賃房屋,屏東縣屏東市廣東路４５６巷９９弄２５號,0.0,,,,1150203,土地0建物1車位0,全,2,透天厝,住家用,加強磚造,0680706,81.6,3,2,1,有,無,有,10000,123,,0.0,0,,RPPNMLTJKHLGFAT96CC,整棟(戶)出租,無,1150210~1160209,無,熱水器、瓦斯或天然氣,社會住宅包租轉租
萬丹鄉,租賃房屋,屏東縣萬丹鄉萬丹路二段４７８之１號六樓之一,0.0,,,,1150204,土地0建物1車位0,六層,7,華廈(10層含以下有電梯),集合住宅,鋼筋混凝土造,1140710,98.84,3,1,2,有,有,無,12000,121,,0.0,0,,RPRNMLTJKHLGFAT17CC,整棟(戶)出租,有,1150208~1160207,有,冷氣、熱水器,社會住宅包租轉租
屏東市,租賃房屋,屏東縣屏東市機場北路４７６號１１樓,0.0,,,,1150209,土地0建物1車位0,十一層,14,住宅大樓(11層含以上有電梯),集合住宅,鋼筋混凝土造,0881204,181.82,3,2,2,有,有,有,15000,82,,0.0,0,,RPSNMLTJKHLGFAT27CC,整棟(戶)出租,有,1150220~1160219,有,冷氣、熱水器、洗衣機、電視機、冰箱,社會住宅包租轉租
內埔鄉,租賃房屋,屏東縣內埔鄉壽比路２６９號５樓之２,0.0,,,,1150203,土地0建物1車位0,五層,5,華廈(10層含以下有電梯),見使用執照,鋼筋混凝土造,0920501,20.37,1,0,1,有,有,有,2800,137,,0.0,0,含增建或未登記建物；續租案件；,RPPNMLTJKHLGFCT17CC,獨立套房,有,1150301~1150831,有,冷氣、熱水器、電視機、冰箱、網路,一般代管
內埔鄉,租賃房屋,屏東縣內埔鄉壽比路２６９號３樓之１０,0.0,,,,1150204,土地0建物1車位0,三層,5,華廈(10層含以下有電梯),見使用執照,鋼筋混凝土造,0920501,21.64,1,0,1,有,有,有,3000,139,,0.0,0,含增建或未登記建物；續租案件；,RPQNMLTJKHLGFCT27CC,獨立套房,有,1150301~1150831,有,冷氣、熱水器、電視機、冰箱、網路,一般代管
潮州鎮,租賃房屋+車位,屏東縣潮州鎮明義路８號４樓之８,0.0,,,,1150205,土地0建物1車位1,四層,10,華廈(10層含以下有電梯),住家用,鋼筋混凝土造,0860530,122.41,2,1,1,有,有,有,15000,123,坡道機械,0.0,0,租金總額含管理費；其他車位謄本未單獨計算車位面積；,RPTNMLTJKHLGFCT57CC,整棟(戶)出租,有,1150301~1170229,有,冷氣、熱水器、洗衣機、冰箱、瓦斯或天然氣,
屏東市,租賃房屋,屏東縣屏東市民和二路４８-２號６樓,0.0,,,,1150206,土地0建物1車位0,六層,8,華廈(10層含以下有電梯),辦公室,鋼筋混凝土造,0960530,16.07,1,0,1,有,有,有,4000,249,,0.0,0,含增建或未登記建物；續租案件；,RPPNMLKKKHLGFAT78CC,獨立套房,有,1150218~1160217,有,冷氣、熱水器、電視機、冰箱、網路,一般代管
屏東市,租賃房屋,屏東縣屏東市華盛街３３號十二樓之二,0.0,,,,1150127,土地0建物1車位0,十二層,14,住宅大樓(11層含以上有電梯),集合住宅,鋼筋混凝土造,0930909,205.76999999999998,4,2,2,有,有,有,15000,73,,0.0,0,未租賃車位，建物登記含有車位面積；續租案件；,RPQNMLKKKHLGFAT88CC,整棟(戶)出租,有,1150403~1160402,有,冷氣、熱水器、洗衣機、冰箱、瓦斯或天然氣,社會住宅包租轉租
屏東市,租賃房屋,屏東縣屏東市徐州路１４８之４號,0.0,,,,1150128,土地0建物1車位0,五層,5,公寓(5樓含以下無電梯),住家用,鋼筋混凝土造,0790417,92.73,3,2,2,有,無,有,7500,81,,0.0,0,續租案件；,RPRNMLKKKHLGFAT98CC,整棟(戶)出租,無,1150320~1160319,無,冷氣、熱水器,社會住宅代管
屏東市,租賃房屋,屏東縣屏東市復興南路一段２４９之１號,0.0,,,,1150127,土地0建物1車位0,三層,5,公寓(5樓含以下無電梯),住家用,鋼筋混凝土造,0730316,95.17999999999999,3,2,2,有,無,有,13500,142,,0.0,0,續租案件；,RPSNMLKKKHLGFAT09CC,整棟(戶)出租,無,1150325~1160324,無,冷氣、熱水器、洗衣機、冰箱、瓦斯或天然氣,社會住宅代管
屏東市,租賃房屋,屏東縣屏東市開封街９之４２號,0.0,,,,1150129,土地0建物1車位0,五層,5,公寓(5樓含以下無電梯),住家用,鋼筋混凝土造,0690717,97.7,3,2,2,有,無,有,9000,92,,0.0,0,續租案件；,RPTNMLKKKHLGFAT56CC,整棟(戶)出租,無,1150210~1160209,無,冷氣、熱水器、洗衣機、電視機、冰箱、瓦斯或天然氣,社會住宅包租轉租
屏東市,租賃房屋,屏東縣屏東市華一街９１號,0.0,,,,1150209,土地0建物0車位0,全,3,透天厝,住商用,鋼筋混凝土造,0730621,11.39,7,0,7,有,無,有,5500,483,,0.0,0,,RPUNMLKKKHLGFAT66CC,分租套房,無,1150215~1160214,無,冷氣、熱水器、電視機、網路,
屏東市,租賃房屋,屏東縣屏東市武威街１７之４號,0.0,,,,1150202,土地0建物1車位0,五層,5,公寓(5樓含以下無電梯),住家用,鋼筋混凝土造,0720330,84.3,3,2,2,有,無,有,13500,160,,0.0,0,續租案件；,RPVNMLKKKHLGFAT76CC,整棟(戶)出租,無,1150305~1160304,無,冷氣、熱水器、洗衣機、電視機、冰箱、瓦斯或天然氣,社會住宅代管
屏東市,租賃房屋,屏東縣屏東市和生路二段２６２巷１０號,0.0,,,,1150202,土地0建物1車位0,一層,5,公寓(5樓含以下無電梯),住家用,鋼筋混凝土造,0720315,85.75,3,2,2,有,無,有,15000,175,,0.0,0,續租案件；,RPWNMLKKKHLGFAT86CC,整棟(戶)出租,無,1150322~1160321,無,冷氣、熱水器、洗衣機、電視機、冰箱、瓦斯或天然氣,社會住宅代管
內埔鄉,租賃房屋,屏東縣內埔鄉仁和路１７號,0.0,,,,1150201,土地0建物1車位0,全,3,透天厝,住商用,鋼筋混凝土造,0741216,127.61,5,2,5,有,無,無,23000,180,,0.0,0,,RPPNMLKKKHLGFCT98CC,分層出租,無,1150301~1160630,無,冷氣、熱水器、電視機、冰箱,一般包租
潮州鎮,租賃房屋,屏東縣潮州鎮光輪路５６巷３２號,0.0,,,,1150205,土地0建物1車位0,全,3,透天厝,住家用,鋼筋混凝土造,0760119,91.04,3,2,2,有,無,有,13000,143,,0.0,0,,RPQNMLKKKHLGFCT09CC,整棟(戶)出租,無,1150205~1180205,無,熱水器,社會住宅代管
內埔鄉,租賃房屋,屏東縣內埔鄉德美路２２１號,0.0,,,,1150122,土地0建物1車位0,全,4,透天厝,住商用,鋼筋混凝土造,0811224,200.03,4,2,3,有,無,無,19900,99,,0.0,0,,RPRNMLKKKHLGFCT56CC,整棟(戶)出租,無,1150201~1160131,無,,
東港鎮,租賃房屋,屏東縣東港鎮大順路９３號,272.59,工,,,1150209,土地1建物1車位0,見其他登記事項,1,工廠,工業用,鋼骨造,1140509,156.28,0,0,0,無,無,無,32000,,,0.0,0,,RPPNMLKKKHLGFDT09CC,,無,1150210~1180228,無,,
屏東市,租賃房屋,屏東縣屏東市德豐街１１７號六樓之一,0.0,,,,1150205,土地0建物1車位0,六層,12,住宅大樓(11層含以上有電梯),集合住宅,鋼筋混凝土造,0821130,121.63,3,2,2,有,有,有,13500,111,,0.0,0,續租案件；,RPPNMLLKKHLGFAT88CC,整棟(戶)出租,有,1150226~1160225,有,冷氣、熱水器、洗衣機、電視機、冰箱、瓦斯或天然氣,社會住宅代管
屏東市,租賃房屋,屏東縣屏東市勝利路１６６號二樓之一,0.0,,,,1150204,土地0建物1車位0,二層,13,住宅大樓(11層含以上有電梯),集合住宅,鋼筋混凝土造,1030505,209.33,4,2,2,有,有,無,13500,64,,0.0,0,未租賃車位，建物登記含有車位面積；續租案件；,RPQNMLLKKHLGFAT98CC,整棟(戶)出租,有,1150328~1160327,有,熱水器、瓦斯或天然氣,社會住宅代管
屏東市,租賃房屋,屏東縣屏東市自由路８５號十三樓之五,0.0,,,,1150204,土地0建物1車位0,十三層,13,住宅大樓(11層含以上有電梯),住家用,鋼筋混凝土造,0831104,34.32,1,0,1,有,有,有,6000,175,,0.0,0,續租案件；,RPRNMLLKKHLGFAT09CC,獨立套房,有,1150410~1160409,有,冷氣、熱水器、洗衣機、電視機、冰箱,社會住宅代管
長治鄉,租賃房屋,屏東縣長治鄉長春街一段５２號２樓之１,0.0,,,,1150202,土地0建物1車位0,二層,6,華廈(10層含以下有電梯),辦公室,鋼筋混凝土造,0930630,22.43,1,0,1,有,有,有,4300,192,,0.0,0,含增建或未登記建物；續租案件；,RPSNMLLKKHLGFAT56CC,獨立套房,有,1150323~1150922,有,冷氣、熱水器、電視機、冰箱、網路,一般代管
屏東市,租賃房屋,屏東縣屏東市公裕街３５３巷３８-５號二樓,0.0,,,,1150202,土地0建物1車位0,二層,4,華廈(10層含以下有電梯),辦公室,鋼筋混凝土造,0970305,13.73,1,0,1,有,有,有,3600,262,,0.0,0,含增建或未登記建物；續租案件；,RPTNMLLKKHLGFAT66CC,獨立套房,有,1150208~1150807,有,冷氣、熱水器、電視機、冰箱、網路,一般代管
屏東市,租賃房屋,屏東縣屏東市崇明一街４６號,0.0,,,,1150121,土地0建物1車位0,全,5,透天厝,住宅、梯間、停車空間,鋼筋混凝土造,0911028,70.07,5,1,3,有,無,有,10000,143,,0.0,0,,RPVNMLLKKHLGFAT86CC,分層出租,無,1150201~1160131,無,冷氣、熱水器、洗衣機、電視機、冰箱、瓦斯或天然氣,
屏東市,租賃房屋+車位,屏東縣屏東市崇蘭１００之３１號４樓,0.0,,,,1150127,土地0建物1車位1,四層,6,華廈(10層含以下有電梯),集合住宅,鋼筋混凝土造,0880514,129.85,3,2,2,有,有,無,19000,146,坡道平面,0.0,0,多人共同承租2；租金總額含水費；電費；,RPWNMLLKKHLGFAT96CC,整棟(戶)出租,無,1150210~1160209,有,冷氣、熱水器、洗衣機、冰箱、瓦斯或天然氣,
潮州鎮,租賃房屋,屏東縣潮州鎮三合路５７號,0.0,,,,1150204,土地0建物1車位0,全,2,透天厝,住商用,加強磚造,0680119,126.28,2,2,1,有,無,有,13000,103,,0.0,0,續租案件；,RPPNMLLKKHLGFCT09CC,整棟(戶)出租,無,1150222~1160221,無,冷氣、熱水器、洗衣機、電視機、冰箱、瓦斯或天然氣,社會住宅代管
內埔鄉,租賃房屋,屏東縣內埔鄉安和巷１４號,0.0,,,,1150206,土地0建物1車位0,一層,5,公寓(5樓含以下無電梯),住家用,鋼筋混凝土造,0840719,89.72,3,2,2,有,無,有,15000,167,,0.0,0,續租案件；,RPQNMLLKKHLGFCT56CC,整棟(戶)出租,無,1150420~1150803,無,冷氣、熱水器、洗衣機、冰箱、瓦斯或天然氣,社會住宅代管
屏東市,租賃房屋+車位,屏東縣屏東市瑞光路二段２巷７之１號７樓之２,0.0,,,,1150207,土地0建物1車位1,七層,7,華廈(10層含以下有電梯),住家用,鋼筋混凝土造,0841111,149.94,3,2,2,有,有,有,17000,113,坡道平面,0.0,0,,RPRNMLMKKHLGFAT56CC,整棟(戶)出租,有,1150210~1160209,有,冷氣、熱水器、洗衣機、電視機、冰箱,
屏東市,租賃房屋,屏東縣屏東市民生路２１５號,0.0,,,,1150127,土地0建物1車位0,一層,4,店面(店鋪),住商用,鋼筋混凝土造,0770615,26.45,0,0,0,無,無,無,22000,832,,0.0,0,,RPTNMLMKKHLGFAT76CC,,無,1150401~1170331,無,,
屏東市,租賃房屋,屏東縣屏東市福光街１２８-３號,0.0,,,,1150125,土地0建物1車位0,全,2,透天厝,住商用,鋼筋混凝土加強磚造,,125.56,3,2,2,有,無,無,11000,88,,0.0,0,,RPUNMLMKKHLGFAT86CC,,無,1150125~1160124,無,,
潮州鎮,租賃房屋,屏東縣潮州鎮崙新北路２１巷２４之２號,194.48,,鄉村區,乙種建築用地,1150202,土地1建物1車位0,全,1,透天厝,住家用,加強磚造,0741018,61.42,2,1,1,有,無,無,9000,147,,0.0,0,含增建或未登記建物；,RPPNMLMKKHLGFCT56CC,整棟(戶)出租,無,1150301~1160228,無,熱水器,
內埔鄉,租賃房屋,屏東縣內埔鄉科大北路２０１巷１６號,0.0,,,,1150125,土地0建物0車位0,全,2,透天厝,自用農舍,加強磚造,0910111,16.0,27,0,27,有,無,有,4500,281,,0.0,0,租金總額含水費；含增建或未登記建物；,RPQNMLMKKHLGFCT66CC,分租套房,無,1150201~1160131,無,冷氣、冰箱、網路,一般代管
屏東市,租賃房屋,屏東縣屏東市華山街５０巷５弄２７之１號,0.0,,,,1150210,土地0建物1車位0,二層,5,公寓(5樓含以下無電梯),住商用,鋼筋混凝土造,0730619,79.51,3,2,1,有,無,有,12000,151,,0.0,0,,RPPNMLNKKHLGFAT09CC,整棟(戶)出租,無,1150215~1160214,無,冷氣、熱水器、電視機,社會住宅代管
屏東市,租賃房屋,屏東縣屏東市民學路１２０巷３１之４號,0.0,,,,1150209,土地0建物1車位0,五層,5,公寓(5樓含以下無電梯),住家用,鋼筋混凝土造,0710615,81.89,3,2,1,有,無,有,13500,165,,0.0,0,,RPRNMLNKKHLGFAT66CC,整棟(戶)出租,無,1150210~1160209,無,冷氣、熱水器、洗衣機、電視機、冰箱、瓦斯或天然氣,社會住宅代管
屏東市,租賃房屋,屏東縣屏東市廣東路１２８４巷７４號四樓之二,0.0,,,,1150209,土地0建物1車位0,四層,6,華廈(10層含以下有電梯),住家用,鋼筋混凝土造,0830629,133.48,3,2,2,有,有,有,14000,105,,0.0,0,未租賃車位，建物登記含有車位面積；,RPTNMLNKKHLGFAT86CC,整棟(戶)出租,有,1150213~1160212,有,冷氣、熱水器、洗衣機、冰箱、瓦斯或天然氣,社會住宅包租轉租
屏東市,租賃房屋,屏東縣屏東市歸仁路１４２號五樓之一,0.0,,,,1150206,土地0建物1車位0,五層,5,華廈(10層含以下有電梯),集合住宅,鋼筋混凝土造,1121128,80.74000000000001,2,1,2,有,有,有,16000,198,,0.0,0,未租賃車位，建物登記含有車位面積；,RPVNMLNKKHLGFAT07CC,整棟(戶)出租,有,1150210~1160704,有,冷氣、熱水器、洗衣機、電視機、冰箱、瓦斯或天然氣,社會住宅包租轉租
內埔鄉,租賃房屋,屏東縣內埔鄉壽比路２６１號５樓之１９,0.0,,,,1150204,土地0建物1車位0,五層,5,華廈(10層含以下有電梯),見使用執照,鋼筋混凝土造,0920501,30.020000000000003,1,0,1,有,有,有,4000,133,,0.0,0,含增建或未登記建物；續租案件；,RPPNMLNKKHLGFCT66CC,獨立套房,有,1150206~1150805,有,冷氣、熱水器、電視機、冰箱、網路,一般代管
內埔鄉,租賃房屋,屏東縣內埔鄉壽比路２６９號５樓之１３,0.0,,,,1150207,土地0建物1車位0,五層,5,華廈(10層含以下有電梯),見使用執照,鋼筋混凝土造,0920501,32.15,1,0,1,有,有,有,4000,124,,0.0,0,含增建或未登記建物；續租案件；,RPQNMLNKKHLGFCT76CC,獨立套房,有,1150301~1150831,有,冷氣、熱水器、電視機、冰箱、網路,一般代管
潮州鎮,租賃房屋,屏東縣潮州鎮愛國路１１１號二樓之２,0.0,,,,1150210,土地0建物1車位0,二層,5,公寓(5樓含以下無電梯),住家用,鋼筋混凝土造,0821228,101.46000000000001,3,1,2,有,無,有,10000,99,,0.0,0,,RPTNMLNKKHLGFCT07CC,整棟(戶)出租,無,1150211~1160210,無,熱水器、瓦斯或天然氣,社會住宅包租轉租
內埔鄉,租賃房屋,屏東縣內埔鄉福泰路３之２號２樓,0.0,,,,1150203,土地0建物0車位0,二層,7,華廈(10層含以下有電梯),集合住宅,鋼筋混凝土構造,1031217,33.66,3,0,3,有,有,有,5500,163,,0.0,0,租金總額含管理費；網路費；,RPPNMLNLKHLGFCT76CC,分租套房,有,1150301~1160630,有,冷氣、熱水器、洗衣機、電視機、冰箱、有線電視、網路,一般代管
內埔鄉,租賃房屋,屏東縣內埔鄉福泰路３號３樓,0.0,,,,1150210,土地0建物0車位0,三層,7,華廈(10層含以下有電梯),集合住宅,鋼筋混凝土構造,1031217,39.1,4,0,4,有,有,有,5500,141,,0.0,0,租金總額含管理費；網路費；,RPQNMLNLKHLGFCT86CC,分租套房,有,1150301~1160630,有,冷氣、熱水器、洗衣機、電視機、冰箱、有線電視、網路,一般代管
內埔鄉,租賃房屋,屏東縣內埔鄉壽比路２３０號３樓之５,0.0,,,,1150127,土地0建物0車位0,三層,7,華廈(10層含以下有電梯),集合住宅,鋼筋混凝土構造,1051104,30.4,2,0,2,有,有,有,6000,197,,0.0,0,租金總額含管理費；網路費；,RPRNMLNLKHLGFCT96CC,分租套房,有,1150201~1150630,有,冷氣、熱水器、洗衣機、電視機、冰箱、有線電視、網路,一般代管
內埔鄉,租賃房屋,屏東縣內埔鄉壽比路２３２號３樓之２,0.0,,,,1150208,土地0建物0車位0,三層,7,華廈(10層含以下有電梯),集合住宅,鋼筋混凝土構造,1051104,32.519999999999996,3,0,3,有,有,有,5800,178,,0.0,0,租金總額含管理費；網路費；,RPSNMLNLKHLGFCT07CC,分租套房,有,1150301~1160630,有,冷氣、熱水器、洗衣機、電視機、冰箱、有線電視、網路,一般代管
內埔鄉,租賃房屋,屏東縣內埔鄉壽比路２３０號４樓之６,0.0,,,,1150129,土地0建物0車位0,四層,7,華廈(10層含以下有電梯),集合住宅,鋼筋混凝土構造,1051104,30.27,3,0,3,有,有,有,5800,192,,0.0,0,租金總額含管理費；網路費；,RPTNMLNLKHLGFCT17CC,分租套房,有,1150201~1160630,有,冷氣、熱水器、洗衣機、電視機、冰箱、有線電視、網路,一般代管
內埔鄉,租賃房屋,屏東縣內埔鄉壽比路２３２號４樓之１,0.0,,,,1150131,土地0建物0車位0,四層,7,華廈(10層含以下有電梯),集合住宅,鋼筋混凝土構造,1051104,31.57,2,0,2,有,有,有,6000,190,,0.0,0,租金總額含管理費；網路費；,RPUNMLNLKHLGFCT27CC,分租套房,有,1150201~1160630,有,冷氣、熱水器、洗衣機、電視機、冰箱、有線電視、網路,一般代管
內埔鄉,租賃房屋,屏東縣內埔鄉壽比路２３０號５樓之６,0.0,,,,1150128,土地0建物0車位0,五層,7,華廈(10層含以下有電梯),集合住宅,鋼筋混凝土構造,1051104,30.27,3,0,3,有,有,有,6000,198,,0.0,0,租金總額含管理費；網路費；,RPVNMLNLKHLGFCT37CC,分租套房,有,1150201~1150630,有,冷氣、熱水器、洗衣機、電視機、冰箱、有線電視、網路,一般代管
內埔鄉,租賃房屋,屏東縣內埔鄉壽比路２２８號６樓之５,0.0,,,,1150124,土地0建物0車位0,六層,7,華廈(10層含以下有電梯),集合住宅,鋼筋混凝土構造,1051104,31.04,3,0,3,有,有,有,6500,209,,0.0,0,租金總額含管理費；網路費；,RPWNMLNLKHLGFCT47CC,分租套房,有,1150201~1160630,有,冷氣、熱水器、洗衣機、電視機、冰箱、有線電視、網路,一般代管
內埔鄉,租賃房屋,屏東縣內埔鄉壽比路２２８號７樓之６,0.0,,,,1150130,土地0建物0車位0,七層,7,華廈(10層含以下有電梯),集合住宅,鋼筋混凝土構造,1051104,29.76,2,0,2,有,有,有,5800,195,,0.0,0,租金總額含管理費；網路費；,RPXNMLNLKHLGFCT57CC,分租套房,有,1150201~1160131,有,冷氣、熱水器、洗衣機、電視機、冰箱、有線電視、網路,一般代管
內埔鄉,租賃房屋,屏東縣內埔鄉壽比路２３０號７樓之６,0.0,,,,1150128,土地0建物0車位0,七層,7,華廈(10層含以下有電梯),集合住宅,鋼筋混凝土構造,1051104,30.27,3,0,3,有,有,有,6000,198,,0.0,0,租金總額含管理費；網路費；,RPOOMLNLKHLGFCT76CC,分租套房,有,1150201~1150630,有,冷氣、熱水器、洗衣機、電視機、冰箱、有線電視、網路,一般代管
屏東市,租賃房屋,屏東縣屏東市前進一路１００號,0.0,,,,1150208,土地0建物1車位0,全,2,透天厝,住商用,加強磚造,0710720,99.2,5,2,2,有,無,有,18000,181,,0.0,0,,RPUNMLOLKHLGFAT17CC,整棟(戶)出租,無,1150310~1180310,無,冷氣、熱水器、洗衣機、電視機、瓦斯或天然氣,
屏東市,租賃房屋,屏東縣屏東市仁愛路９-２號,0.0,,,,1150201,土地0建物1車位0,一層,3,店面(店鋪),住商用,加強磚造,0631213,70.68,1,0,1,有,無,無,15000,212,,0.0,0,,RPVNMLOLKHLGFAT27CC,,無,1150301~1160228,無,,
屏東市,租賃房屋+車位,屏東縣屏東市莊敬街二段８９巷１３號３樓之二,0.0,,,,1150201,土地0建物1車位1,三層,7,華廈(10層含以下有電梯),住家用,鋼筋混凝土造,0860429,128.13,3,2,2,有,有,有,18000,140,坡道平面,0.0,0,,RPWNMLOLKHLGFAT37CC,整棟(戶)出租,無,1150201~1160210,有,冷氣、熱水器、洗衣機、電視機、冰箱、瓦斯或天然氣,一般轉租
內埔鄉,租賃房屋,屏東縣內埔鄉南山路８８號４樓之５８,0.0,,,,1150204,土地0建物1車位0,四層,6,華廈(10層含以下有電梯),辦公室,鋼筋混凝土構造,0930712,19.240000000000002,1,0,1,有,有,有,3200,166,,0.0,0,含增建或未登記建物；續租案件；,RPQNMLOLKHLGFCT96CC,獨立套房,有,1150301~1150831,有,冷氣、熱水器、電視機、冰箱、網路,一般代管
屏東市,租賃房屋,屏東縣屏東市建國路１１９巷１之７號,0.0,,,,1150209,土地0建物0車位0,二層,4,公寓(5樓含以下無電梯),住家用,鋼筋混凝土造,0790806,20.0,6,0,6,有,無,有,10000,500,,0.0,0,租金總額含網路費；含增建或未登記建物；租賃建物部分範圍，且未計入共有部分面積；,RPPNMLPLKHLGFAT76CC,分租套房,無,1150216~1150815,無,冷氣、熱水器、電視機、冰箱、網路,一般轉租
屏東市,租賃房屋,屏東縣屏東市機場北路８０２號十樓,0.0,,,,1150209,土地0建物1車位0,十層,14,住宅大樓(11層含以上有電梯),集合住宅,鋼筋混凝土造,0881204,82.12,2,2,1,有,有,有,11000,134,,0.0,0,續租案件；,RPPNMLMJLHLGFAT98CC,整棟(戶)出租,有,1150310~1160309,有,冷氣、熱水器、洗衣機、電視機、冰箱、瓦斯或天然氣,社會住宅代管
屏東市,租賃房屋,屏東縣屏東市公裕街１９５巷１２弄１０之４號,0.0,,,,1150210,土地0建物1車位0,五層,5,公寓(5樓含以下無電梯),公寓,鋼筋混凝土造,0701221,74.45,3,1,1,有,無,有,6000,81,,0.0,0,續租案件；,RPSNMLMJLHLGFAT66CC,整棟(戶)出租,無,1150224~1160223,無,熱水器、洗衣機、電視機、冰箱,社會住宅代管
屏東市,租賃房屋,屏東縣屏東市信義路２８２號,124.0,住,,,1150210,土地3建物1車位0,見其他登記事項,3,店面(店鋪),住商用,鋼筋混凝土造,0670905,218.96,0,0,0,無,無,無,20000,91,,0.0,0,含增建或未登記建物；,RPTNMLMJLHLGFAT76CC,,無,1150401~1180331,無,,
屏東市,租賃房屋+車位,屏東縣屏東市公正四街７０號６樓之６,22.04,住,,,1150206,土地1建物1車位1,見其他登記事項,13,住宅大樓(11層含以上有電梯),集合住宅,鋼筋混凝土造,1130131,119.84,2,2,2,有,有,有,26000,217,坡道平面,29.77,0,租金總額含管理費；網路費；,RPOOMLMJLHLGFAT98CC,整棟(戶)出租,有,1150210~1160209,有,冷氣、洗衣機、電視機、冰箱、網路,
新埤鄉,租賃房屋,屏東縣新埤鄉龍潭路１４０之１０號,0.0,,,,1150206,土地0建物1車位0,全,2,透天厝,住家用,加強磚造,0770109,122.6,3,1,1,有,無,有,13500,110,,0.0,0,續租案件；,RPPNMLMJLHLGFCT56CC,整棟(戶)出租,無,1150220~1160219,無,冷氣、熱水器、洗衣機、電視機、冰箱、瓦斯或天然氣,社會住宅代管
