編號,屋齡,建物移轉面積平方公尺,主要用途,主要建材,建築完成日期,總層數,建物分層,移轉情形
The serial number,room age,building shifting area square meter,the main use,main building materials,construction completes the date,total layer,building lamination,
RPRNMLOLKHLGFAU86DA,46,151.08,住工用,鋼筋混凝土造,69年6月10日,二層,一層 二層 防空避難室 騎樓,全筆移轉
RPVNMLKKKHLGFAU76DA,31,81.21,住家用,鋼筋混凝土造,84年2月6日,五層,四層 陽台,全筆移轉
RPVNMLKKKHLGFAU76DA,31,12.81,共有部份,鋼筋混凝土造,84年2月6日,五層,,持分移轉
RPTOMLPLKHLGFAU27DA,27,113.78,住家用,鋼筋混凝土造,88年5月20日,五層,四層 五層 陽台 見其他登記事項,全筆移轉
RPTOMLPLKHLGFAU27DA,27,13.40,停車空間,鋼筋混凝土造,88年5月20日,五層,,持分移轉
RPTOMLPLKHLGFAU27DA,27,25.67,共有部份,鋼筋混凝土造,88年5月20日,五層,,持分移轉
RPUNMLQLKHLGFAU37DA,29,41.80,住家用,鋼筋混凝土造,85年9月20日,五層,三層 陽台,全筆移轉
RPUNMLQLKHLGFAU37DA,29,9.17,共有部份,鋼筋混凝土造,85年9月20日,五層,,持分移轉
RPTNMLOJLHLGFAU96DA,26,19.16,住家用,鋼筋混凝土造,88年11月25日,六層,二層 陽台,全筆移轉
RPTNMLOJLHLGFAU96DA,26,16.68,住家用,鋼筋混凝土造,88年11月25日,六層,三層 陽台,全筆移轉
RPTNMLOJLHLGFAU96DA,26,16.08,共有部份,鋼筋混凝土造,88年11月25日,六層,,持分移轉
RPTNMLOJLHLGFAU96DA,26,14.13,共有部份,鋼筋混凝土造,88年11月25日,六層,,持分移轉
RPQOMLMKJHLGFAU09DA,31,20.09,住家用,鋼筋混凝土造,83年11月15日,十二層,八層 陽台,全筆移轉
RPQOMLMKJHLGFAU09DA,31,6.37,共有部份,鋼筋混凝土造,83年11月15日,十二層,,持分移轉
RPQOMLMKJHLGFAU09DA,31,6.01,共有部份,鋼筋混凝土造,83年11月15日,十二層,,持分移轉
RPVOMLPLKHLGFAU47DA,46,74.80,住家用,鋼筋混凝土加強磚造,69年7月19日,二層,一層 二層,全筆移轉
RPQNMLPJLHLGFAU76DA,47,87.60,住商用,鋼筋混凝土加強磚造,67年12月27日,二層,一層 二層,全筆移轉
RPSNMLPKJHLGFAU86DA,43,219.19,住商用,鋼筋混凝土造,71年9月8日,三層,一層 二層 三層 屋頂突出物 騎樓 儲藏室,全筆移轉
RPXNMLPKJHLGFAU37DA,30,20.55,住家用,鋼筋混凝土造,84年8月19日,十一層,十層,全筆移轉
RPXNMLPKJHLGFAU37DA,30,6.53,共有部份,鋼筋混凝土造,84年8月19日,十一層,,持分移轉
RPQOMLKLJHLGFAU98DA,53,96.23,住家用,鋼筋混凝土加強磚造,62年1月4日,二層,一層 二層,全筆移轉
RPVNMLQLKHLGFAU47DA,,153.13,住家用,加強磚造，木石磚造（磚石造）,,一層,一層,全筆移轉
RPRNMLTJJHLGFAU07DA,27,120.96,住家用,鋼筋混凝土造,88年4月14日,五層,五層 陽台 雨遮,全筆移轉
RPRNMLTJJHLGFAU07DA,27,11.61,共有部份,鋼筋混凝土造,88年4月14日,五層,,持分移轉
RPRNMLTJJHLGFAU07DA,27,7.56,共有部份,鋼筋混凝土造,88年4月14日,五層,,持分移轉
RPTOMLKLJHLGFAU66DA,30,90.15,住家用,鋼筋混凝土造,85年1月19日,九層,四層 陽台 花台,全筆移轉
RPTOMLKLJHLGFAU66DA,30,23.55,共有部份,鋼筋混凝土造,85年1月19日,九層,,持分移轉
RPPNMLLLJHLGFAU98EA,21,105.95,住家用,鋼筋混凝土造,94年4月6日,二層,一層 二層 陽台 見其他登記事項,持分移轉
RPPOMLKLJHLGFAU88DA,24,262.65,住家用,鋼筋混凝土造,91年5月20日,三層,一層 二層 三層 陽台 屋頂突出物 夾層,全筆移轉
RPTOMLRJJHLGFAU17DA,1,51.03,集合住宅,鋼筋混凝土造,114年1月21日,五層,四層 陽台,全筆移轉
RPTOMLRJJHLGFAU17DA,1,19.76,共有部份,鋼筋混凝土造,114年1月21日,五層,,持分移轉
RPVOMLQLJHLGFAU47DA,32,32.19,住家用,鋼筋混凝土造,82年8月2日,七層,七層 陽台,全筆移轉
RPVOMLQLJHLGFAU47DA,32,8.12,共有部份,鋼筋混凝土造,82年8月2日,七層,,持分移轉
RPWNMLQLJHLGFAU47DA,39,27.18,共有部份,鋼筋混凝土造,76年6月30日,十層,,持分移轉
RPWNMLQLJHLGFAU47DA,37,49.20,住家用,鋼筋混凝土造,78年6月30日,十層,七層 陽台,全筆移轉
RPUNMLRLJHLGFAU37DA,48,105.60,住商用,鋼筋混凝土加強磚造,67年3月22日,二層,一層 二層,全筆移轉
RPUNMLMLJHLGFAU86DA,43,44.08,住家用,鋼筋混凝土加強磚造,72年4月14日,二層,一層 二層,持分移轉
RPQNMLQKJHLGFAU76DA,31,22.87,住家用,鋼筋混凝土造,83年11月15日,十二層,三層 陽台,全筆移轉
RPQNMLQKJHLGFAU76DA,31,5.31,共有部份,鋼筋混凝土造,83年11月15日,十二層,,持分移轉
RPQNMLQKJHLGFAU76DA,31,6.92,共有部份,鋼筋混凝土造,83年11月15日,十二層,,持分移轉
RPSNMLOKJHLGFCU96DA,44,66.12,住家用,鋼筋水泥磚蓋瓦,70年8月31日,一層,一層,全筆移轉
RPSPMLSLJHLGFAU47DA,2,53.90,集合住宅,鋼筋混凝土造,113年7月1日,七層,二層 陽台,全筆移轉
RPRNMLKMJHLGFAU09DA,53,95.13,住商用,鋼筋混凝土加強磚造,62年7月12日,二層,一層 二層 騎樓,全筆移轉
RPSPMLSLJHLGFAU47DA,2,33.53,共有部份,鋼筋混凝土造,113年7月1日,七層,,持分移轉
RPPNMLSLJHLGFCU17DA,28,136.68,住家用,鋼筋混凝土造,86年10月20日,三層,一層 二層 三層 陽台,全筆移轉
RPOOMLMJKHLGFAU88DA,1,254.00,住宅,鋼筋混凝土造,113年9月18日,四層,一層 二層 三層 四層 陽台 騎樓,全筆移轉
RPTNMLLJKHLGFAU56DA,31,44.85,住家用,鋼筋混凝土造,84年2月6日,五層,三層 陽台,全筆移轉
RPTNMLLJKHLGFAU56DA,31,8.23,共有部份,鋼筋混凝土造,84年2月6日,五層,,持分移轉
RPPNMLMLJHLGFAU98DA,33,28.16,住家用,鋼筋混凝土造,81年8月20日,五層,四層 陽台,全筆移轉
RPPNMLMLJHLGFAU98DA,33,6.60,共有部份,鋼筋混凝土造,81年8月20日,五層,,持分移轉
RPROMLKMJHLGFAU56DA,31,34.83,住家用,鋼筋混凝土造,84年3月27日,五層,四層 陽台,全筆移轉
RPROMLKMJHLGFAU56DA,31,9.94,共有部份,鋼筋混凝土造,84年3月27日,五層,,持分移轉
RPPNMLMJKHLGFAU88DA,45,52.67,住家用,鋼筋混凝土加強磚造,,二層,一層 二層,持分移轉
RPSNMLNJKHLGFCU86DA,,224.82,住家用,鋼筋混凝土造,114年11月3日,三層,一層 二層 三層 陽台 屋頂突出物,全筆移轉
RPPNMLTLJHLGFAU07DA,32,187.31,廠房、單身員工宿舍、貯藏室,鋼筋混凝土造,82年8月9日,三層,一層 二層 三層 陽台,全筆移轉
RPROMLMJKHLGFAU56DA,3,62.47,集合住宅,鋼筋混凝土造,111年12月1日,八層,四層 陽台,全筆移轉
RPWOMLOJKHLGFAU27DA,29,36.89,住家用,鋼筋混凝土、木造,85年11月1日,五層,二層 陽台 夾層,全筆移轉
RPROMLMJKHLGFAU56DA,3,43.02,共有部份,鋼筋混凝土造,111年12月1日,八層,,持分移轉
RPWOMLOJKHLGFAU27DA,29,18.12,共有部份,鋼筋混凝土造,85年11月1日,五層,,持分移轉
RPPOMLMJKHLGFAU98DA,42,.38,管理站,鋼筋混凝土造,72年9月10日,二層,一層 二層 騎樓,持分移轉
RPQNMLNJKHLGFAU09DA,23,112.10,住家用,鋼筋混凝土造,91年12月2日,十三層,五層 陽台,全筆移轉
RPQNMLNJKHLGFAU09DA,23,64.29,共有部份,鋼筋混凝土造,91年12月2日,十三層,,持分移轉
RPPOMLMJKHLGFAU98DA,42,6.47,共有部份,鋼筋混凝土造,72年9月10日,四層,,持分移轉
RPPOMLMJKHLGFAU98DA,42,76.17,住家用,鋼筋混凝土造,72年9月10日,四層,二層,全筆移轉
RPPOMLMJKHLGFAU98DA,42,2.03,機車停車場,鋼筋混凝土造,73年5月21日,二層,騎樓 地下層,持分移轉
RPOPMLOJKHLGFAU56DA,31,104.66,住家用,鋼筋混凝土造,83年10月18日,二層,一層 二層 陽台 平台 屋頂突出物,全筆移轉
RPTOMLOJKHLGFAU96DA,8,78.22,集合住宅,鋼筋混凝土造,107年4月16日,五層,三層 陽台,全筆移轉
RPTOMLOJKHLGFAU96DA,8,47.38,本共有部分之項目有安全梯、電梯、一般樓梯、梯廳、停車空間、管委會空間及屋頂突出物一、二層等７項。,鋼筋混凝土造,107年4月16日,五層,,持分移轉
RPVOMLOJKHLGFAU17DA,,67.74,集合住宅,鋼筋混凝土造,114年12月18日,七層,五層 陽台,全筆移轉
RPVOMLOJKHLGFAU17DA,,20.82,共有部份,鋼筋混凝土造,114年12月18日,七層,,持分移轉
RPVOMLOJKHLGFAU17DA,,.16,共有部分（管理員室）,鋼筋混凝土造,114年12月18日,七層,,持分移轉
RPQNMLMJKHLGFAU98DA,26,19.16,住家用,鋼筋混凝土造,88年11月25日,六層,四層 陽台,全筆移轉
RPQNMLMJKHLGFAU98DA,26,16.23,共有部份,鋼筋混凝土造,88年11月25日,六層,,持分移轉
RPPNMLMJKHLGFCU09DA,,136.36,住商用,鋼筋混凝土加強磚造,73年9月0日,二層,一層 二層 騎樓,全筆移轉
RPVNMLMJKHLGFAU86DA,,20.99,共有部分（停車空間）,鋼筋混凝土造,114年9月2日,五層,,持分移轉
RPSNMLQJKHLGFAU96DA,49,90.97,住商用,鋼筋混凝土加強磚造,66年6月20日,二層,一層 二層 騎樓,持分移轉
RPVNMLNJKHLGFAU96DA,31,29.64,住家用,鋼筋混凝土造,83年11月15日,十二層,八層,全筆移轉
RPVNMLNJKHLGFAU96DA,31,9.37,共有部份,鋼筋混凝土造,83年11月15日,十二層,,持分移轉
RPVNMLNJKHLGFAU96DA,31,4.97,共有部份,鋼筋混凝土造,83年11月15日,十二層,,持分移轉
RPPNMLLKKHLGFAU88DA,29,51.76,住家用,鋼筋混凝土造,85年11月22日,五層,五層 陽台,全筆移轉
RPPNMLLKKHLGFAU88DA,29,9.85,共有部份,鋼筋混凝土造,85年11月22日,五層,,持分移轉
RPQNMLKKKHLGFCU09DA,43,6.25,樓梯間,鋼筋混凝土造,72年1月15日,四層,,持分移轉
RPQNMLKKKHLGFCU09DA,43,72.67,住家用,鋼筋混凝土造,72年1月15日,四層,一層,全筆移轉
RPPNMLKKKHLGFAU78DA,47,47.12,住家用,鋼筋混凝土加強磚造,68年4月27日,一層,一層,全筆移轉
RPRNMLNLJHLGFAU66DA,8,96.45,集合住宅,鋼筋混凝土造,107年1月29日,十一層,九層 陽台,全筆移轉
RPRNMLNLJHLGFAU66DA,8,36.13,共有部份,鋼筋混凝土造,107年1月29日,十一層,,持分移轉
RPWNMLRLJHLGFAU57DA,4,42.76,集合住宅,鋼筋混凝土造,110年8月30日,五層,二層 陽台,全筆移轉
RPRNMLNLJHLGFAU66DA,8,18.46,共有部份,鋼筋混凝土造,107年1月29日,十一層,,持分移轉
RPWNMLRLJHLGFAU57DA,4,4.86,共有部份,鋼筋混凝土造,110年8月30日,五層,,持分移轉
RPPNMLMKKHLGFAU98DA,49,103.04,住家用,鋼筋混凝土加強磚造,65年10月21日,二層,一層 二層 騎樓,全筆移轉
RPWNMLRLJHLGFAU57DA,4,11.29,共有部分（Ｂ棟）,鋼筋混凝土造,110年8月30日,五層,,持分移轉
RPWNMLRLJHLGFAU57DA,4,12.90,共有部份（車棚）,鋼鐵（骨）造無牆,110年8月30日,五層,,持分移轉
RPSNMLLLJHLGFAU56DA,30,10.30,共有部份,鋼筋混凝土造,84年11月4日,十一層,,持分移轉
RPSNMLLLJHLGFAU56DA,30,15.52,共有部份,鋼筋混凝土造,84年11月4日,十層,,持分移轉
RPSNMLLLJHLGFAU56DA,30,70.36,住家用,鋼筋混凝土造,84年11月4日,十一層,二層 陽台,全筆移轉
RPXNMLSLJHLGFAU77DA,31,155.44,住家用,鋼筋混凝土造,83年9月30日,三層,一層 二層 三層 陽台 屋頂突出物,全筆移轉
RPWOMLNLKHLGFAU37DA,48,109.47,住商用,鋼筋混凝土加強磚造,66年7月30日,二層,一層 二層 騎樓,全筆移轉
RPOPMLNLKHLGFAU66DA,11,463.94,住家用,鋼筋混凝土造,103年10月6日,五層,一層 二層 三層 四層 五層 陽台 騎樓 見其他登記事項,全筆移轉
RPRNMLNLKHLGFCU96DA,44,66.12,住家用,鐵筋水泥磚蓋瓦,70年8月31日,一層,一層,全筆移轉
RPQNMLPLKHLGFAU86DA,32,80.37,住家用,鋼筋混凝土造,83年4月1日,十層,九層 陽台 花台,全筆移轉
RPOOMLPJKHLGFAU56DA,32,71.62,住家用,鋼筋混凝土加強磚造,83年5月9日,一層,一層,全筆移轉
RPQNMLNLKHLGFCU86DA,44,66.12,住家用,ＲＣ加強磚蓋瓦,70年9月1日,一層,一層,全筆移轉
RPQNMLPLKHLGFAU86DA,32,23.47,共有部份,鋼筋混凝土造,83年4月1日,十層,,持分移轉
RPSNMLOLKHLGFAU96DA,34,47.10,住家用,鋼筋混凝土造,81年4月30日,五層,三層 陽台,全筆移轉
RPSNMLOLKHLGFAU96DA,34,8.23,共有部份,鋼筋混凝土造,81年4月30日,五層,,持分移轉
RPPNMLLKKHLGFCU09DA,8,206.60,住家用,鋼筋混凝土造,106年12月26日,三層,一層 二層 三層 陽台 屋頂突出物,全筆移轉
RPXOMLNLKHLGFAU47DA,34,55.95,住家用,鋼筋混凝土造,81年5月11日,三層,一層 二層 三層 陽台,持分移轉
RPXNMLPLKHLGFAU57DA,53,110.35,住家用,鋼筋混凝土加強磚造,62年7月10日,二層,一層 二層,全筆移轉
RPTNMLPLKHLGFAU17DA,1,77.50,集合住宅,鋼筋混凝土造,113年7月31日,十一層,五層 陽台,全筆移轉
RPTNMLPLKHLGFAU17DA,1,30.50,共有部份,鋼筋混凝土造,113年7月31日,十一層,,持分移轉
RPPPMLNLKHLGFAU76DA,,79.64,集合住宅,鋼筋混凝土造,114年12月18日,七層,六層 陽台,全筆移轉
RPPPMLNLKHLGFAU76DA,,27.79,共有部份,鋼筋混凝土造,114年12月18日,七層,,持分移轉
RPPPMLNLKHLGFAU76DA,,13.41,共有部分（停車空間）,鋼筋混凝土造,114年12月18日,七層,,持分移轉
RPPPMLNLKHLGFAU76DA,,.16,共有部分（管理員室）,鋼筋混凝土造,114年12月18日,七層,,持分移轉
RPPNMLPLKHLGFAU76DA,,36.92,集合住宅,鋼筋混凝土造,114年9月2日,五層,二層 陽台,全筆移轉
RPVNMLPLKHLGFAU37DA,19,229.36,住家用,鋼筋混凝土造,96年5月18日,三層,一層 二層 三層 陽台,全筆移轉
RPPNMLPLKHLGFAU76DA,,14.78,共有部份,鋼筋混凝土造,114年9月2日,五層,,持分移轉
RPQNMLPLKHLGFCU07DA,,192.87,住商用,鋼筋混凝土加強磚造,58年9月0日,二層,一層 二層 陽台,全筆移轉
RPTNMLTJKHLGFAU37DA,14,208.58,住家用,鋼筋混凝土造,101年4月26日,四層,一層 二層 三層 四層 陽台 見其他登記事項,全筆移轉
RPOOMLPLKHLGFAU76DA,,67.74,集合住宅,鋼筋混凝土造,114年12月18日,七層,二層 陽台,全筆移轉
RPOOMLPLKHLGFAU76DA,,20.82,共有部份,鋼筋混凝土造,114年12月18日,七層,,持分移轉
RPOOMLPLKHLGFAU76DA,,.16,共有部分（管理員室）,鋼筋混凝土造,114年12月18日,七層,,持分移轉
RPPNMLQLKHLGFAU86DA,29,74.11,住家用,鋼筋混凝土造,86年2月11日,七層,七層 陽台,全筆移轉
RPPNMLQLKHLGFAU86DA,29,22.68,共有部份,鋼筋混凝土造,86年2月11日,七層,,持分移轉
RPQOMLPLKHLGFAU96DA,,32.76,集合住宅,鋼筋混凝土造,114年12月18日,七層,三層 陽台,全筆移轉
RPQOMLPLKHLGFAU96DA,,10.29,共有部份,鋼筋混凝土造,114年12月18日,七層,,持分移轉
RPQOMLPLKHLGFAU96DA,,.16,共有部分（管理員室）,鋼筋混凝土造,114年12月18日,七層,,持分移轉
RPSOMLPLKHLGFAU17DA,,43.23,集合住宅,鋼筋混凝土造,114年12月18日,七層,四層 陽台,全筆移轉
RPSOMLPLKHLGFAU17DA,,13.01,共有部份,鋼筋混凝土造,114年12月18日,七層,,持分移轉
RPSOMLPLKHLGFAU17DA,,.16,共有部分（管理員室）,鋼筋混凝土造,114年12月18日,七層,,持分移轉
RPVNMLOLKHLGFAU27DA,,67.72,集合住宅,鋼筋混凝土造,114年11月21日,七層,五層 陽台,全筆移轉
RPPNMLOLKHLGFAU76EA,53,91.06,住商用,鋼筋混凝土加強磚造,62年6月6日,三層,一層 二層 三層 騎樓,持分移轉
RPVNMLOLKHLGFAU27DA,,28.43,共有部份,鋼筋混凝土造,114年11月21日,七層,,持分移轉
RPVNMLOLKHLGFAU27DA,,37.17,共有部分（防空避難室兼停車空間）,鋼筋混凝土造,114年11月21日,七層,,持分移轉
RPOOMLNLKHLGFAU56DA,43,92.66,住家用,鋼筋混凝土造,72年3月14日,二層,一層 二層,全筆移轉
RPPOMLPLKHLGFAU86DA,,32.76,集合住宅,鋼筋混凝土造,114年12月18日,七層,二層 陽台,全筆移轉
RPPOMLPLKHLGFAU86DA,,10.29,共有部份,鋼筋混凝土造,114年12月18日,七層,,持分移轉
RPPOMLPLKHLGFAU86DA,,.16,共有部分（管理員室）,鋼筋混凝土造,114年12月18日,七層,,持分移轉
RPQNMLQLKHLGFAU96DA,,88.65,集合住宅,鋼筋混凝土造,114年12月18日,七層,三層 陽台,全筆移轉
RPQNMLQLKHLGFAU96DA,,25.43,共有部份,鋼筋混凝土造,114年12月18日,七層,,持分移轉
RPQNMLQLKHLGFAU96DA,,.16,共有部分（管理員室）,鋼筋混凝土造,114年12月18日,七層,,持分移轉
RPROMLPLKHLGFAU07DA,,76.47,集合住宅,鋼筋混凝土造,114年12月18日,七層,三層 陽台,全筆移轉
RPROMLPLKHLGFAU07DA,,21.41,共有部份,鋼筋混凝土造,114年12月18日,七層,,持分移轉
RPROMLPLKHLGFAU07DA,,.16,共有部分（管理員室）,鋼筋混凝土造,114年12月18日,七層,,持分移轉
RPPNMLOJLHLGFAU56DA,32,296.51,住商用,鋼筋混凝土造,83年4月2日,四層,一層 二層 三層 四層 陽台 平台 騎樓,全筆移轉
RPPPMLOJKHLGFAU66DA,34,287.63,住商用,鋼筋混凝土造,81年1月16日,四層,一層 二層 三層 四層 陽台 屋頂突出物 騎樓,全筆移轉
RPVNMLNJLHLGFAU07DA,44,166.80,住家用,鋼筋混凝土加強磚造,70年9月29日,二層,一層 二層 屋頂突出物 夾層,全筆移轉
RPUNMLNJLHLGFAU96DA,44,166.28,住家用,鋼筋混凝土造,70年11月11日,三層,一層 二層 三層 屋頂突出物 騎樓,全筆移轉
RPQNMLQJLHLGFAU86DA,32,160.03,住家用,鋼筋混凝土造,83年7月19日,四層,四層 陽台,全筆移轉
RPXOMLPJLHLGFAU57DA,2,56.50,集合住宅,鋼筋混凝土造,113年2月20日,七層,二層 陽台,全筆移轉
RPQNMLQJLHLGFAU86DA,32,23.50,共有部份,鋼筋混凝土造,83年7月19日,四層,,持分移轉
RPXOMLPJLHLGFAU57DA,2,20.67,共有部份,鋼筋混凝土造,113年2月20日,七層,,持分移轉
RPQNMLQJLHLGFAU86DA,32,48.12,共有部份,鋼筋混凝土造,83年7月19日,四層,,持分移轉
RPVPMLPJLHLGFAU47DA,30,32.24,住家用,鋼筋混凝土造,84年8月19日,十一層,六層 陽台,全筆移轉
RPVPMLPJLHLGFAU47DA,30,10.38,共有部份,鋼筋混凝土造,84年8月19日,十一層,,持分移轉
RPOOMLOJKHLGFAU09DA,27,38.94,住家用,鋼筋混凝土造,87年10月6日,五層,二層 陽台,全筆移轉
RPOOMLOJKHLGFAU09DA,27,20.40,共有部份,鋼筋混凝土造,87年10月6日,五層,,持分移轉
RPQNMLPJLHLGFCU96DA,39,151.45,人行、店舖、住宅,鋼筋混凝土加強磚造,76年1月8日,二層,一層 二層 陽台 屋頂突出物 騎樓,全筆移轉
RPPOMLPJLHLGFAU76DA,32,36.03,住家用,鋼筋混凝土造,83年1月10日,九層,二層 陽台 雨遮,全筆移轉
RPPOMLQJLHLGFAU86DA,39,103.57,住家用,鋼筋混凝土造,76年3月6日,二層,一層 二層 陽台,全筆移轉
RPPOMLPJLHLGFAU76DA,32,17.96,共有部份,鋼筋混凝土造,83年1月10日,九層,,持分移轉
RPOOMLSJKIKGFAU86DA,31,24.60,住家用,鋼筋混凝土造,83年11月15日,十二層,十層 陽台,全筆移轉
RPOOMLSJKIKGFAU86DA,31,7.71,共有部份,鋼筋混凝土造,83年11月15日,十二層,,持分移轉
RPOOMLSJKIKGFAU86DA,31,3.98,共有部份,鋼筋混凝土造,83年11月15日,十二層,,持分移轉
RPPNMLRKKIKGFAU86DA,30,53.83,住家用,鋼筋混凝土造,84年11月4日,十層,七層 陽台,全筆移轉
RPPNMLRKKIKGFAU86DA,30,9.69,共有部份,鋼筋混凝土造,84年11月4日,十層,,持分移轉
RPPNMLRKKIKGFAU86DA,30,11.84,共有部份,鋼筋混凝土造,84年11月4日,十層,,持分移轉
RPQNMLSKKIKGFCU37EA,,95.12,住商用,鋼筋混凝土加強磚造,,二層,一層 二層 騎樓,全筆移轉
RPWNMLQKKIKGFAU47DA,58,119.95,住家用,鋼筋混凝土加強磚造,57年3月15日,二層,一層 二層 騎樓 廚房,全筆移轉
RPQNMLQKKIKGFCU17EA,43,10.47,住家用,鋼筋混凝土加強磚造,71年9月4日,二層,一層 二層,持分移轉
RPQNMLSKKIKGFAU07DA,42,.13,管理站,鋼筋混凝土造,72年9月10日,二層,一層 二層 騎樓,持分移轉
RPRNMLTKKIKGFAU27DA,32,305.76,店舖、住宅,鋼筋混凝土造,82年12月27日,四層,一層 二層 三層 四層 屋頂突出物 騎樓,全筆移轉
RPTNMLMLKIKGFAU86DA,6,28.45,集合住宅,鋼筋混凝土造,109年2月3日,四層,三層 陽台,全筆移轉
RPQNMLSKKIKGFAU07DA,42,2.16,共有部份,鋼筋混凝土造,72年9月10日,四層,,持分移轉
RPTNMLMLKIKGFAU86DA,6,16.15,本共有部分之項目有停車空間、管理委員會使用空間、梯廳、走道、安全梯間、昇降機道、屋頂突出物一、二層等７項,鋼筋混凝土造,109年2月3日,四層,,持分移轉
RPQNMLSKKIKGFAU07DA,42,25.39,住家用,鋼筋混凝土造,72年9月10日,四層,二層,持分移轉
RPQNMLSKKIKGFAU07DA,42,.68,機車停車場,鋼筋混凝土造,73年5月21日,二層,騎樓 地下層,持分移轉
RPSNMLSKKIKGFAU27DA,43,100.40,住家用,鋼筋混凝土加強磚造,71年11月30日,二層,一層 二層,全筆移轉
RPSNMLSKKIKGFCU47DA,,242.61,住家用,鋼筋混凝土造,114年11月3日,四層,一層 二層 三層 四層 陽台,全筆移轉
SPTNMLMLKIKGFAU96DA,6,43.58,集合住宅,鋼筋混凝土造,109年2月3日,四層,三層 陽台,全筆移轉
SPTNMLMLKIKGFAU96DA,6,24.56,本共有部分之項目有停車空間、管理委員會使用空間、梯廳、走道、安全梯間、昇降機道、屋頂突出物一、二層等７項,鋼筋混凝土造,109年2月3日,四層,,持分移轉
RPUNMLQKKIKGFAU27DA,32,92.02,住家用,鋼筋混凝土造,82年12月15日,六層,二層 陽台,全筆移轉
RPUNMLQKKIKGFAU27DA,32,15.28,共有部份,鋼筋混凝土造,82年12月15日,六層,,持分移轉
RPUNMLQKKIKGFAU27DA,32,13.81,共有部份,鋼筋混凝土造,82年12月15日,七層,,持分移轉
RPPNMLOLKIKGFBU76DA,45,170.26,住商用,鋼筋混凝土加強磚造,69年7月8日,二層,一層 二層 騎樓,全筆移轉
RPTNMLOLKIKGFAU07DA,3,124.02,住家用,鋼筋混凝土造,111年9月1日,二層,一層 二層 陽台 屋頂突出物,全筆移轉
RPVNMLKMKIKGFAU96DA,39,111.71,住家用,鋼筋混凝土造,75年10月20日,二層,一層 二層 陽台,全筆移轉
RPXNMLMLKIKGFAU27DA,49,55.97,住家用,鋼筋混凝土加強磚造,66年1月26日,一層,一層,全筆移轉
RPUNMLTLKIKGFAU67DA,53,106.13,住家用,鋼筋混凝土加強磚造,62年5月9日,二層,一層 二層 騎樓,全筆移轉
RPRNMLMLKIKGFAU66DA,8,528.90,辦公室、住宅,鋼筋混凝土造,107年5月21日,四層,一層 二層 三層 四層 陽台 屋頂突出物 見其他登記事項,全筆移轉
RPWNMLTKKIKGFAU77DA,2,70.24,工業社區集合住宅,鋼筋混凝土造,113年5月2日,八層,六層 陽台,全筆移轉
RPWNMLTKKIKGFAU77DA,2,31.79,共有部份,鋼筋混凝土造,113年5月2日,八層,,持分移轉
RPWNMLTKKIKGFAU77DA,2,22.85,共有部分（停車空間）,鋼筋混凝土造,113年5月2日,八層,,持分移轉
RPPNMLQLKIKGFBU07EA,,148.52,住商用,磚木造,,一層,一層,全筆移轉
RPUNMLLMKIKGFAU96DA,28,31.21,住家用,鋼筋混凝土造,86年8月1日,七層,三層 陽台 花台,全筆移轉
RPUNMLLMKIKGFAU96DA,28,11.23,共有部份,鋼筋混凝土造,86年8月1日,七層,,持分移轉
RPVNMLQKKIKGFAU37DA,38,40.70,住家用,鋼筋混凝土造,76年11月17日,七層,七層,全筆移轉
RPVNMLQKKIKGFAU37DA,38,10.81,共有部份,鋼筋混凝土造,76年11月17日,七層,,持分移轉
RPPNMLSJJHLGFBU86DA,45,94.26,住家用,鋼筋混凝土加強磚造,69年10月27日,二層,一層 二層,全筆移轉
RPPNMLQJJHLGFAU56DA,20,214.13,住家用,鋼筋混凝土造,94年10月4日,四層,一層 二層 三層 四層 陽台,全筆移轉
RPUNMLRJJHLGFAU17DA,32,20.32,住家用,鋼筋混凝土造,82年6月22日,七層,六層 陽台,全筆移轉
RPSNMLQJJHLGFAU86DA,39,144.61,商業用,鋼筋混凝土造,76年3月25日,二層,一層 二層 陽台 屋頂突出物,全筆移轉
RPUNMLRJJHLGFAU17DA,32,8.13,共有部份,鋼筋混凝土造,82年6月22日,七層,,持分移轉
RPWOMLKMKIKGFAU17DA,,158.66,住宅,鋼筋混凝土造,114年9月12日,二層,一層 二層 陽台 屋頂突出物,全筆移轉
RPWOMLRJJHLGFAU47DA,31,13.22,共有部份,鋼筋混凝土造,83年8月31日,七層,,持分移轉
RPWOMLRJJHLGFAU47DA,31,28.21,住家用,鋼筋混凝土造,83年8月31日,七層,五層 花台,全筆移轉
RPPNMLRJJHLGFBU86EA,49,120.17,住家用,鋼筋混凝土加強磚造,66年5月15日,二層,一層 二層 陽台,全筆移轉
RPPOMLLMKIKGFAU56DA,42,8.32,共有部份,鋼筋混凝土造,72年9月10日,四層,,持分移轉
RPUNMLSJJHLGFAU27DA,30,33.90,住家用,鋼筋混凝土造,84年7月10日,五層,四層 陽台,全筆移轉
RPPOMLLMKIKGFAU56DA,42,79.07,住家用,鋼筋混凝土造,72年9月10日,四層,四層,全筆移轉
RPUNMLSJJHLGFAU27DA,30,8.54,共有部份,鋼筋混凝土造,84年7月1日,五層,,持分移轉
RPPOMLLMKIKGFAU56DA,42,.39,管理站,鋼筋混凝土造,72年9月10日,二層,一層 二層 騎樓,持分移轉
RPPOMLLMKIKGFAU56DA,42,2.10,機車停車場,鋼筋混凝土造,73年5月21日,二層,騎樓 地下層,持分移轉
RPPNMLTJJHLGFAU86DA,55,132.09,住家用,水泥磚木造,59年11月25日,一層,一層 騎樓,全筆移轉
RPRNMLRJJHLGFAU86DA,29,24.50,住家用,鋼筋混凝土造,85年7月22日,五層,五層 陽台,全筆移轉
RPRNMLRJJHLGFAU86DA,29,6.31,共有部份,鋼筋混凝土造,85年7月22日,五層,,持分移轉
RPQNMLTJJHLGFAU96DA,32,14.86,共有部份,鋼筋混凝土造,82年12月15日,七層,,持分移轉
RPQNMLTJJHLGFAU96DA,32,.42,辦公室,鋼筋混凝土造,82年12月15日,七層,見其他登記事項,持分移轉
RPQNMLNKJHLGFAU09DA,47,81.76,住家用,鋼筋混凝土造,67年8月30日,二層,一層 二層,全筆移轉
RPPOMLMKJHLGFAU98DA,54,45.55,住家用,磚造,61年1月1日,一層,一層 走廊,全筆移轉
RPSOMLRJJHLGFCU27DA,10,267.72,住家用,鋼筋混凝土造,104年8月18日,三層,一層 二層 三層 陽台 屋頂突出物,全筆移轉
RPWNMLTLKIKGFAU87DA,21,169.94,住家用,鋼筋混凝土造,94年5月19日,三層,一層 二層 三層 陽台,全筆移轉
RPQNMLMKJHLGFCU56DA,49,146.40,住商用,鋼筋混凝土加強磚造,66年2月28日,二層,一層 二層 騎樓,全筆移轉
RPVNMLOKJHLGFAU07DA,45,132.55,住商用,鋼筋混凝土造,70年1月31日,二層,一層 二層 防空避難室 屋頂突出物 騎樓,全筆移轉
RPXNMLOKJHLGFAU27DA,35,185.10,住家用,鋼筋混凝土造,79年6月21日,三層,一層 二層 三層 陽台,全筆移轉
RPOOMLOKJHLGFAU09DA,32,248.96,住家用,鋼筋混凝土造,82年8月5日,三層,一層 二層 三層 陽台 見其他登記事項,全筆移轉
RPTNMLOKJHLGFAU86DA,32,86.61,住家用,鋼筋混凝土造,82年12月20日,六層,六層 陽台,全筆移轉
RPTNMLOKJHLGFAU86DA,32,27.37,共有部份,鋼筋混凝土造,82年12月20日,六層,,持分移轉
RPPNMLMKJHLGFCU09DA,,153.32,住家用,鋼筋混凝土加強磚造,,二層,一層 二層 騎樓,全筆移轉
RPTNMLOKJHLGFCU07DA,1,210.30,住家用,鋼筋混凝土造,114年3月18日,三層,一層 二層 三層 陽台,全筆移轉
RPQPMLOKJHLGFAU76DA,31,59.03,住家用,鋼筋混凝土造,84年2月13日,六層,三層 陽台,全筆移轉
RPQPMLOKJHLGFAU76DA,31,19.91,共有部份,鋼筋混凝土造,84年2月13日,六層,,持分移轉
RPTOMLOKJHLGFAU96DA,27,104.45,住家用,鋼筋混凝土造,88年5月20日,五層,二層 三層 陽台 平台 雨遮,全筆移轉
RPTOMLOKJHLGFAU96DA,27,13.51,停車空間,鋼筋混凝土造,88年5月20日,五層,,持分移轉
RPTOMLOKJHLGFAU96DA,27,23.33,共有部份,鋼筋混凝土造,88年5月20日,五層,,持分移轉
RPOOMLPKJHLGFAU56DA,52,119.42,住家用,鋼筋混凝土加強磚造,62年11月21日,二層,一層 二層 騎樓,全筆移轉
RPRNMLPKJHLGFCU96DA,,168.00,住家用,鋼筋混凝土加強磚造,70年7月0日,二層,一層 二層,全筆移轉
RPPNMLTKKIKGFAU07DA,41,122.00,住家用,鋼筋混凝土造,73年11月2日,二層,一層 二層 屋頂突出物 夾層,全筆移轉
RPROMLLMKIKGFAU76DA,1,65.59,集合住宅,鋼筋混凝土造,113年8月8日,十層,九層 陽台,全筆移轉
RPROMLLMKIKGFAU76DA,1,27.42,共有部份,鋼筋混凝土造,113年8月8日,十層,,持分移轉
RPROMLLMKIKGFAU76DA,1,33.45,共有部分（停車空間、車道）,鋼筋混凝土造,113年8月8日,十層,,持分移轉
RPSOMLRJJHLGFAU07DA,1,66.27,集合住宅,鋼筋混凝土造,114年1月21日,五層,五層 陽台,全筆移轉
RPSOMLRJJHLGFAU07DA,1,25.73,共有部份,鋼筋混凝土造,114年1月21日,五層,,持分移轉
RPSOMLRJJHLGFAU07DA,1,10.20,共有部分（停車空間）,鋼筋混凝土造,114年1月21日,五層,,持分移轉
RPPNMLMKJHLGFAU88DA,,62.32,住家用,鋼筋混凝土加強磚造,67年5月0日,一層,一層 陽台,全筆移轉
RPRNMLQLKIKGFAU07DA,38,56.67,住家用,鋼筋混凝土造,76年11月17日,七層,五層,全筆移轉
RPRNMLQLKIKGFAU07DA,38,19.03,共有部份,鋼筋混凝土造,76年11月17日,七層,,持分移轉
RPPNMLQKJHLGFCU86DA,46,108.59,住家用,鋼筋混凝土加強磚造,68年8月22日,二層,一層 二層 騎樓,全筆移轉
RPTNMLTKJHLGFAU37DA,53,52.50,住家用,加強磚造,62年1月12日,一層,一層 騎樓,全筆移轉
RPSNMLPKJHLGFCU07DA,32,205.11,住商用,鋼筋混凝土造,83年1月24日,三層,一層 二層 三層 陽台 屋頂突出物 騎樓,全筆移轉
RPVNMLLMKIKGFAU07DA,32,90.92,住家用,鋼筋混凝土造,83年4月13日,十二層,九層 陽台 花台,全筆移轉
RPVNMLLMKIKGFAU07DA,32,29.30,共有部份,鋼筋混凝土造,83年4月13日,十二層,,持分移轉
RPSNMLSJJHLGFAU07DA,33,93.04,住家用,鋼筋混凝土造,82年1月9日,七層,三層 陽台,全筆移轉
RPSNMLSJJHLGFAU07DA,33,9.81,共有部份,鋼筋混凝土造,82年1月9日,七層,,持分移轉
RPSNMLSJJHLGFAU07DA,33,.28,商業用,鋼筋混凝土造,82年1月9日,七層,地下層,持分移轉
RPSNMLSJJHLGFAU07DA,33,10.49,共有部份,鋼筋混凝土造,82年1月9日,七層,,持分移轉
RPSNMLSJJHLGFAU07DA,33,15.02,共有部份,鋼筋混凝土造,82年1月9日,七層,,持分移轉
RPSNMLTKJHLGFAU27DA,31,32.20,住家用,鋼筋混凝土造,83年11月15日,十二層,十一層 陽台,全筆移轉
RPSNMLTKJHLGFAU27DA,31,10.00,共有部份,鋼筋混凝土造,83年11月15日,十二層,,持分移轉
RPSNMLTKJHLGFAU27DA,31,5.37,共有部份,鋼筋混凝土造,83年11月15日,十二層,,持分移轉
RPSNMLKLJHLGFAU09DA,45,117.00,住商用,鋼筋混凝土加強磚造,69年12月1日,二層,一層 二層 騎樓,全筆移轉
RPTNMLMKJHLGFAU66DA,15,159.86,農舍,鋼筋混凝土造,99年9月6日,一層,一層,全筆移轉
RPRNMLTKJHLGFCU37DA,28,194.94,住家用,鋼筋混凝土加強磚造,86年12月29日,三層,一層 二層 三層 陽台,全筆移轉
RPQNMLKLJHLGFCU09DA,31,119.34,住商用,鋼筋混凝土造,83年11月3日,二層,一層 二層 陽台 騎樓 露台,全筆移轉
RPPNMLKLJHLGFCU98DA,71,27.31,住家用,木造,44年2月9日,一層,一層,全筆移轉
RPUNMLQJJHLGFAU07DA,32,87.13,住家用,鋼筋混凝土造,82年8月19日,五層,三層 陽台,全筆移轉
RPUNMLQJJHLGFAU07DA,32,16.10,共有部份,鋼筋混凝土造,82年8月19日,五層,,持分移轉
RPUNMLKLJHLGFAU66DA,40,54.86,住家用,鋼筋混凝土造,75年3月18日,一層,一層 屋頂突出物,全筆移轉
RPRNMLMLJHLGFAU56DA,22,141.01,住家用,鋼筋混凝土造,92年10月13日,三層,一層 二層 三層 陽台 屋頂突出物,全筆移轉
RPVOMLKLJHLGFAU86DA,39,115.62,住商用,鋼筋混凝土造,76年1月17日,二層,一層 二層 陽台 騎樓,全筆移轉
RPQNMLLLJHLGFCU56DA,,236.61,住家用,鋼筋混凝土造,114年11月3日,三層,一層 二層 三層 陽台 屋頂突出物,全筆移轉
RPTNMLLLJHLGFAU66DA,27,120.96,住家用,鋼筋混凝土造,88年4月14日,五層,四層 陽台 雨遮,全筆移轉
RPTNMLLLJHLGFAU66DA,27,12.91,共有部份,鋼筋混凝土造,88年4月14日,五層,,持分移轉
RPTNMLLLJHLGFAU66DA,27,8.26,共有部份,鋼筋混凝土造,88年4月14日,五層,,持分移轉
RPQNMLKLJHLGFAU88DA,31,152.50,住家用,鋼筋混凝土造,84年3月13日,三層,一層 二層 三層 陽台,全筆移轉
RPPNMLMLJHLGFCU56DA,,224.82,住家用,鋼筋混凝土造,114年11月3日,三層,一層 二層 三層 陽台 屋頂突出物,全筆移轉
RPRNMLMLJHLGFCU76DA,,141.47,住家用,ＲＣ磚、木造,74年2月0日,一層,一層 騎樓,全筆移轉
RPVNMLMKJHLGFAU86DA,41,43.74,住家用,鋼筋混凝土加強磚造,73年6月25日,一層,一層,全筆移轉
RPSNMLNLJHLGFAU76DA,,55.38,住家用,木造,,二層,一層 二層,全筆移轉
RPVNMLMLJHLGFAU96DA,45,107.14,住商用,鋼筋混凝土加強磚造,70年2月27日,二層,一層 二層 騎樓,全筆移轉
RPWOMLNLJHLGFAU27DA,50,98.61,住家用,鋼筋混凝土造,65年5月29日,四層,一層 騎樓,全筆移轉
RPXNMLQLJHLGFAU57DA,30,68.68,住家用,鋼筋混凝土造,84年11月4日,十層,十層 陽台,全筆移轉
RPXNMLQLJHLGFAU57DA,30,12.73,共有部份,鋼筋混凝土造,84年11月4日,十層,,持分移轉
RPXNMLQLJHLGFAU57DA,30,15.52,共有部份,鋼筋混凝土造,84年11月4日,十層,,持分移轉
RPXNMLRJJHLGFAU47DA,2,70.24,工業社區集合住宅,鋼筋混凝土造,113年5月2日,八層,六層 陽台,全筆移轉
RPSOMLNLJHLGFAU86DA,46,52.00,住家用,鋼筋混凝土加強磚造,68年10月26日,一層,一層,全筆移轉
RPXNMLRJJHLGFAU47DA,2,31.79,共有部份,鋼筋混凝土造,113年5月2日,八層,,持分移轉
RPXNMLRJJHLGFAU47DA,2,22.85,共有部分（停車空間）,鋼筋混凝土造,113年5月2日,八層,,持分移轉
RPOOMLRLJHLGFAU86DA,48,108.86,住家用,鋼筋混凝土加強磚造,66年7月20日,二層,一層 二層 騎樓,全筆移轉
RPOOMLRJJHLGFAU66DA,2,70.24,工業社區集合住宅,鋼筋混凝土造,113年5月2日,八層,三層 陽台,全筆移轉
RPOOMLRJJHLGFAU66DA,2,31.79,共有部份,鋼筋混凝土造,113年5月2日,八層,,持分移轉
RPOOMLRJJHLGFAU66DA,2,22.85,共有部分（停車空間）,鋼筋混凝土造,113年5月2日,八層,,持分移轉
RPSNMLQLJHLGFAU07DA,4,63.33,集合住宅,鋼筋混凝土造,110年11月5日,十一層,五層 陽台,全筆移轉
RPSNMLQLJHLGFAU07DA,4,26.89,共有部份,鋼筋混凝土造,110年11月5日,十一層,,持分移轉
RPRNMLQLJHLGFAU96DA,1,101.38,集合住宅,鋼筋混凝土造,114年3月18日,十一層,五層 陽台,全筆移轉
RPRNMLQLJHLGFAU96DA,1,48.94,共有部份,鋼筋混凝土造,114年3月18日,十一層,,持分移轉
RPRNMLQLJHLGFAU96DA,1,28.64,共有部分（停車空間）,鋼筋混凝土造,114年3月18日,十一層,,持分移轉
RPTOMLSLJHLGFAU47DA,2,56.50,集合住宅,鋼筋混凝土造,113年2月20日,七層,三層 陽台,全筆移轉
RPTOMLSLJHLGFAU47DA,2,20.67,共有部份,鋼筋混凝土造,113年2月20日,七層,,持分移轉
RPTOMLSLJHLGFAU47DA,2,13.75,共有部分（停車空間）,鋼筋混凝土造,113年2月20日,七層,,持分移轉
RPXOMLRLJHLGFAU77DA,43,74.70,住家用,鋼筋混凝土加強磚造,71年10月28日,二層,一層 二層,全筆移轉
RPWNMLSLJHLGFAU67DA,50,101.86,住家用,鋼筋混凝土加強磚造,65年3月19日,二層,一層 二層,全筆移轉
RPQNMLQLKIKGFCU17DA,,224.82,住家用,鋼筋混凝土造,114年11月3日,三層,一層 二層 三層 陽台 屋頂突出物,全筆移轉
RPTPMLSLJHLGFAU57DA,6,37.44,集合住宅,鋼筋混凝土造,109年1月2日,八層,六層 陽台,全筆移轉
RPTPMLSLJHLGFAU57DA,6,24.06,本共有部份之項目有防空避難室、停車場、汽車昇降機、昇降機房、電梯、安全梯、梯廳、台電受電室、電信機房、消防機房、機房走道、騎樓、門廊、屋頂突出物等１４項,鋼筋混凝土造,109年1月2日,八層,,持分移轉
RPQNMLRLJHLGFCU17DA,,108.06,住家用,鋼筋混凝土加強磚造,73年7月0日,二層,一層 二層 陽台,全筆移轉
RPPNMLRJJHLGFAU66DA,,131.58,住商用,鋼筋混凝土加強磚造,,三層,一層 二層 三層 騎樓,全筆移轉
RPWOMLSLJHLGFAU77DA,,60.10,集合住宅,鋼筋混凝土造,114年6月30日,十層,二層 陽台,全筆移轉
RPWOMLSLJHLGFAU77DA,,.74,共有部分（管委會）,鋼筋混凝土造,114年6月30日,一層,,持分移轉
RPWOMLSLJHLGFAU77DA,,20.83,共有部份,鋼筋混凝土造,114年6月30日,十層,,持分移轉
RPWOMLSLJHLGFAU77DA,,11.73,共有部分（停車空間、車道）,鋼筋混凝土造,114年6月30日,十層,,持分移轉
RPQOMLTKJHLGFAU17DA,2,.24,管理員室,鋼筋混凝土造,112年11月14日,七層,,持分移轉
RPQOMLTKJHLGFAU17DA,2,72.25,集合住宅,鋼筋混凝土造,112年11月14日,七層,二層 陽台,全筆移轉
RPQOMLTKJHLGFAU17DA,2,20.78,共有部份,鋼筋混凝土造,112年11月14日,七層,,持分移轉
RPQOMLTKJHLGFAU17DA,2,21.72,共有部分（停車空間）,鋼筋混凝土造,112年11月14日,七層,,持分移轉
RPQPMLSLJHLGFAU27DA,23,111.98,住家用,鋼筋混凝土造,91年12月2日,十三層,六層 陽台,全筆移轉
RPQPMLSLJHLGFAU27DA,23,64.16,共有部份,鋼筋混凝土造,91年12月2日,十三層,,持分移轉
RPQOMLKMJHLGFAU09DA,30,124.24,住家用,鋼筋混凝土造,84年10月21日,四層,二層 陽台,全筆移轉
RPQOMLKMJHLGFAU09DA,30,11.05,共有部份,鋼筋混凝土造,84年10月21日,四層,,持分移轉
RPPNMLPKJHLGFBU66DA,42,6.13,國民住宅、公共樓梯間,鋼筋混凝土造,73年1月14日,四層,,持分移轉
RPPNMLPKJHLGFBU66DA,42,77.88,住家用,鋼筋混凝土造,73年1月14日,四層,三層,全筆移轉
RPSNMLMJKHLGFAU56DA,27,120.96,住家用,鋼筋混凝土造,88年4月14日,五層,三層 陽台 雨遮,全筆移轉
RPSNMLMJKHLGFAU56DA,27,12.91,共有部份,鋼筋混凝土造,88年4月14日,五層,,持分移轉
RPSNMLMJKHLGFAU56DA,27,8.26,共有部份,鋼筋混凝土造,88年4月14日,五層,,持分移轉
RPTNMLRJJHLGFAU07DA,44,100.95,住家用,鋼筋混凝土造,70年12月31日,五層,四層,全筆移轉
RPTNMLRJJHLGFAU07DA,44,658.04,共有部份,鋼筋混凝土造,70年12月31日,五層,,全筆移轉
RPPNMLOKJHLGFCU66DA,44,88.88,住家用,鋼筋混凝土加強磚造,71年3月27日,二層,一層 二層,全筆移轉
RPOPMLRLJHLGFAU96DA,51,52.26,住商用,鋼筋混凝土加強磚造,63年7月26日,三層,一層 二層 三層,全筆移轉
RPVNMLRJJHLGFAU27DA,,60.90,住家用,鋼筋混凝土造,,二層,一層 二層,全筆移轉
RPRNMLNJKHLGFAU56DA,10,445.59,住家用,鋼筋混凝土造,104年9月25日,四層,一層 二層 三層 四層 陽台 屋頂突出物 見其他登記事項,全筆移轉
RPSOMLMJKHLGFAU66DA,48,104.21,住家用,鋼筋混凝土加強磚造,66年12月29日,二層,一層 二層 騎樓,全筆移轉
RPSOMLOJKHLGFAU86DA,29,30.74,住家用,鋼筋混凝土造,85年12月13日,五層,五層 陽台,全筆移轉
RPSOMLOJKHLGFAU86DA,29,4.90,共有部份,鋼筋混凝土造,85年12月13日,五層,,持分移轉
RPPNMLPJKHLGFCU76DA,27,240.71,農舍,鋼筋混凝土造,88年4月27日,三層,一層 二層 三層,全筆移轉
RPTNMLQJKHLGFAU07DA,44,99.93,住家用,鋼筋混凝土造,70年8月6日,二層,一層 二層 騎樓,全筆移轉
RPROMLOJKHLGFAU76DA,27,113.78,住家用,鋼筋混凝土造,88年5月20日,五層,四層 五層 陽台 見其他登記事項,全筆移轉
RPROMLOJKHLGFAU76DA,27,13.40,停車空間,鋼筋混凝土造,88年5月20日,五層,,持分移轉
RPROMLOJKHLGFAU76DA,27,25.67,共有部份,鋼筋混凝土造,88年5月20日,五層,,持分移轉
RPXNMLMJKHLGFAU07DA,,73.06,集合住宅,鋼筋混凝土造,114年9月2日,五層,四層 陽台,全筆移轉
RPXNMLMJKHLGFAU07DA,,29.30,共有部份,鋼筋混凝土造,114年9月2日,五層,,持分移轉
RPXNMLMJKHLGFAU07DA,,13.74,共有部分（停車空間）,鋼筋混凝土造,114年9月2日,五層,,持分移轉
RPVNMLTLJHLGFAU67DA,29,44.03,住家用,鋼筋混凝土造,86年1月13日,七層,二層 陽台,全筆移轉
RPVNMLTLJHLGFAU67DA,29,18.42,共有部份,鋼筋混凝土造,86年1月13日,七層,,持分移轉
RPVOMLQJKHLGFAU37DA,30,203.61,住家用,鋼筋混凝土造,85年2月16日,四層,一層 二層 三層 四層 見其他登記事項 見其他登記事項,全筆移轉
RPTNMLOJKHLGFCU07DA,,101.55,集合住宅,鋼筋混凝土造,114年12月3日,七層,三層 陽台,全筆移轉
RPRNMLQJJHLGFAU76DA,50,71.38,住商用,鋼筋混凝土加強磚造,64年7月28日,二層,一層 二層 騎樓,全筆移轉
RPRNMLOJKHLGFCU86DA,,69.69,集合住宅,鋼筋混凝土造,114年12月3日,七層,三層 陽台,全筆移轉
RPTNMLOJKHLGFCU07DA,,35.01,共有部份,鋼筋混凝土造,114年12月3日,七層,,持分移轉
RPRNMLOJKHLGFCU86DA,,23.98,共有部份,鋼筋混凝土造,114年12月3日,七層,,持分移轉
RPRNMLOJKHLGFCU86DA,,13.79,共有部份,鋼筋混凝土造,114年12月3日,七層,,持分移轉
RPROMLQJKHLGFAU96DA,28,79.10,住家用,鋼筋混凝土造,87年4月3日,十層,九層 陽台,全筆移轉
RPROMLQJKHLGFAU96DA,28,11.42,共有部份,鋼筋混凝土造,87年4月3日,十層,,持分移轉
RPROMLQJKHLGFAU96DA,28,11.90,共有部份,鋼筋混凝土造,87年4月3日,十層,,持分移轉
RPVNMLOJKHLGFCU27DA,,49.78,集合住宅,鋼筋混凝土造,114年12月3日,七層,七層 陽台,全筆移轉
RPVNMLOJKHLGFCU27DA,,16.96,共有部份,鋼筋混凝土造,114年12月3日,七層,,持分移轉
RPVNMLOJKHLGFCU27DA,,13.79,共有部份,鋼筋混凝土造,114年12月3日,七層,,持分移轉
RPUNMLOJKHLGFCU17DA,,101.55,集合住宅,鋼筋混凝土造,114年12月3日,七層,五層 陽台,全筆移轉
RPUNMLOJKHLGFCU17DA,,35.05,共有部份,鋼筋混凝土造,114年12月3日,七層,,持分移轉
RPUNMLOJKHLGFCU17DA,,13.79,共有部份,鋼筋混凝土造,114年12月3日,七層,,持分移轉
RPRNMLTJKHLGFAU17DA,21,167.82,住家用,鋼筋混凝土造,93年6月23日,三層,一層 二層 三層 陽台 屋頂突出物,全筆移轉
RPQPMLPJKHLGFAU86DA,22,336.79,農舍,鋼筋混凝土造,92年12月19日,二層,一層 二層 陽台 見其他登記事項,全筆移轉
RPSNMLNKJHLGFAU66DA,37,197.90,住家用,鋼筋混凝土造,77年12月3日,二層,一層 二層 陽台 屋頂突出物 見其他登記事項,全筆移轉
RPXNMLOJKHLGFAU27DA,30,58.33,住家用,鋼筋混凝土造,85年3月6日,五層,一層 平台,全筆移轉
RPXNMLOJKHLGFAU27DA,30,7.22,共有部份,鋼筋混凝土造,85年3月6日,五層,,持分移轉
RPOPMLQJKHLGFAU76DA,31,193.70,住商用,鋼筋混凝土造,83年11月30日,三層,一層 二層 三層 陽台 騎樓,全筆移轉
RPQNMLOJKHLGFAU56DA,26,142.61,住家用,鋼筋混凝土造,89年5月3日,三層,一層 二層 三層 陽台,全筆移轉
RPVNMLOJKHLGFAU07DA,41,105.30,住家用,鋼筋混凝土造,74年1月7日,二層,一層 二層 陽台,全筆移轉
RPQNMLLKKHLGFAU98DA,43,110.68,住商用,鋼筋混凝土加強磚造,71年12月21日,二層,一層 二層 騎樓,全筆移轉
RPSNMLTJKHLGFAU27DA,34,235.03,住商用,鋼筋混凝土造,80年11月19日,四層,一層 二層 三層 四層 陽台 騎樓,全筆移轉
RPTNMLNKKHLGFAU86DA,39,108.00,住家用,鋼筋混凝土造,75年10月24日,二層,一層 二層,全筆移轉
RPSNMLKKKHLGFAU09DA,31,35.32,住家用,鋼筋混凝土造,84年1月14日,七層,四層 陽台 花台,全筆移轉
RPSNMLKKKHLGFAU09DA,31,9.78,共有部份,鋼筋混凝土造,84年1月14日,七層,,持分移轉
RPWNMLNKKHLGFAU17DA,37,145.85,住家用,鋼筋混凝土造,77年6月9日,二層,一層 二層 陽台 屋頂突出物 見其他登記事項,全筆移轉
RPPNMLNKKHLGFAU56EA,,112.46,住家用,鋼筋混凝土加強磚造,,二層,一層 二層,全筆移轉
RPRPMLSLJHLGFAU37DA,7,139.63,集合住宅,鋼筋混凝土造,108年6月13日,十一層,七層 陽台,全筆移轉
RPOOMLMJLHLGFAU98DA,45,100.05,住家用,鋼筋混凝土加強磚造,70年2月2日,二層,一層 二層,全筆移轉
RPRPMLSLJHLGFAU37DA,7,42.38,本共有部分之項目有防空避難室、停車空間、配電室、發電機室、電信室、機械室、管理委員會、梯廳、電梯、安全梯及騎樓等１１項,鋼筋混凝土造,108年6月13日,十一層,,持分移轉
RPRPMLSLJHLGFAU37DA,7,7.57,共有部份,鋼筋混凝土造,108年6月13日,十一層,,持分移轉
RPRPMLSLJHLGFAU37DA,7,23.28,停車空間,鋼筋混凝土造,108年6月13日,十一層,,持分移轉
RPXNMLNLKHLGFAU37DA,31,41.16,住家用,鋼筋混凝土造,83年7月29日,九層,七層,全筆移轉
RPXNMLNLKHLGFAU37DA,31,15.98,共有部份,鋼筋混凝土造,83年7月29日,九層,,持分移轉
RPQNMLMJLHLGFAU09DA,,190.50,住家用,鋼筋磚造,,二層,一層 二層 騎樓,全筆移轉
RPQNMLOLKHLGFAU76DA,21,374.86,農舍,鋼筋混凝土造,93年8月6日,三層,一層 二層 三層 陽台,全筆移轉
RPWNMLNJLHLGFAU17DA,42,100.62,住家用,鋼筋混凝土加強磚造,72年9月12日,二層,一層 二層,全筆移轉
RPVOMLPJLHLGFAU37DA,2,13.75,共有部分（停車空間）,鋼筋混凝土造,112年12月4日,十層,,持分移轉
RPRNMLPJLHLGFAU86DA,3,57.24,集合住宅,鋼筋混凝土造,111年8月16日,五層,三層 陽台,全筆移轉
RPRNMLPJLHLGFAU86DA,3,11.54,共有部份,鋼筋混凝土造,111年8月16日,五層,,持分移轉
RPUOMLPJLHLGFAU27DA,2,72.20,集合住宅,鋼筋混凝土造,112年12月4日,十層,七層 陽台,全筆移轉
RPUOMLPJLHLGFAU27DA,2,34.44,共有部份,鋼筋混凝土造,112年12月4日,十層,,持分移轉
RPWNMLSJKIKGFAU57DA,42,155.56,住家用,鋼筋混凝土造,72年12月10日,二層,一層 二層 屋頂突出物,全筆移轉
RPUOMLPJLHLGFAU27DA,2,.05,共有部分（停車空間）,鋼筋混凝土造,112年12月4日,十層,,持分移轉
RPPNMLQJLHLGFAU86EA,46,132.40,住家用,鋼筋混凝土加強磚造,69年2月26日,二層,一層 二層,全筆移轉
RPRNMLNJKIKGFCU86EA,22,300.83,農舍,鋼筋混凝土造,92年12月9日,一層,一層,全筆移轉
RPTNMLTJKIKGFAU37DA,10,386.29,住家用,鋼筋混凝土造,105年1月14日,四層,一層 二層 三層 四層 陽台 屋頂突出物 見其他登記事項,全筆移轉
RPQNMLLKKIKGFAU98DA,20,202.77,住家用,鋼筋混凝土造,95年4月21日,四層,一層 二層 三層 四層 陽台 見其他登記事項,全筆移轉
RPPOMLSJKIKGFAU96DA,23,106.23,住家用,鋼筋混凝土造,91年12月2日,十三層,九層 陽台,全筆移轉
RPPOMLSJKIKGFAU96DA,23,60.91,共有部份,鋼筋混凝土造,91年12月2日,十三層,,持分移轉
RPQNMLMKKIKGFAU09DA,22,89.45,住家用,鋼筋混凝土造,92年9月8日,六層,二層 陽台,全筆移轉
RPQNMLMKKIKGFAU09DA,22,42.31,共有部份,鋼筋混凝土造,92年9月8日,六層,,持分移轉
RPQNMLTJKIKGFCU27DA,8,215.75,住家用,鋼筋混凝土造,107年1月18日,三層,一層 二層 三層 屋頂突出物,全筆移轉
RPUNMLLKKIKGFAU76DA,30,45.87,住家用,鋼筋混凝土造,85年3月1日,六層,六層 陽台 花台,全筆移轉
RPUNMLLKKIKGFAU76DA,30,5.74,共有部份,鋼筋混凝土造,85年3月1日,六層,,持分移轉
RPUNMLLKKIKGFAU76DA,30,8.47,共有部份,鋼筋混凝土造,85年3月1日,六層,,持分移轉
RPQNMLLKKIKGFCU56DA,43,12.37,樓梯間,鋼筋混凝土造,72年1月15日,四層,,持分移轉
RPQNMLLKKIKGFCU56DA,43,76.77,住家用,鋼筋混凝土造,72年1月15日,四層,一層,全筆移轉
RPPNMLLKKIKGFCU09DA,36,161.34,住家用,鋼筋混凝土造,78年8月14日,二層,一層 二層 陽台 屋頂突出物,全筆移轉
RPRNMLLKKIKGFAU09DA,53,50.10,住家用,水泥磚蓋鐵皮,61年10月31日,一層,一層 騎樓,全筆移轉
RPTNMLPKKIKGFAU07DA,32,84.60,住家用,鋼筋混凝土造,82年6月18日,七層,二層 陽台,全筆移轉
RPTNMLPKKIKGFAU07DA,32,13.13,共有部份,鋼筋混凝土造,82年6月18日,七層,,持分移轉
RPOOMLPKKIKGFAU66DA,1,92.61,集合住宅,鋼筋混凝土造,113年6月28日,十四層,五層 陽台,全筆移轉
RPTNMLPKKIKGFAU07DA,32,10.59,共有部份,鋼筋混凝土造,82年6月18日,七層,,持分移轉
RPOOMLPKKIKGFAU66DA,1,36.45,共有部份,鋼筋混凝土造,113年6月28日,十四層,,持分移轉
RPTNMLPKKIKGFAU07DA,32,1.05,共有部份,鋼筋混凝土造,82年6月18日,七層,,持分移轉
RPQNMLMKKIKGFCU66DA,,217.46,住家用,鋼筋混凝土造,114年11月3日,四層,一層 二層 三層 四層 陽台,全筆移轉
RPSNMLMKKIKGFCU86DA,,222.78,住家用,鋼筋混凝土造,114年11月3日,四層,一層 二層 三層 四層 陽台,全筆移轉
RPQNMLOJKIKGFBU66DA,46,174.08,住商用,鋼筋混凝土加強磚造,69年1月8日,二層,一層 二層 騎樓,全筆移轉
SPQNMLOJKIKGFBU76DA,46,174.08,住商用,鋼筋混凝土加強磚造,69年1月8日,二層,一層 二層 騎樓,全筆移轉
RPPNMLMKKIKGFCU56DA,,161.72,住家用,鋼筋混凝土造,114年11月3日,三層,一層 二層 三層 陽台 見其他登記事項,全筆移轉
RPUOMLPKKIKGFAU27DA,30,27.88,住家用,鋼筋混凝土造,85年5月17日,六層,四層 陽台,全筆移轉
RPUOMLPKKIKGFAU27DA,30,6.74,共有部份,鋼筋混凝土造,85年5月17日,六層,,持分移轉
RPPNMLTJKIKGFCU17DA,31,201.52,住家用,鋼筋混凝土造,83年6月10日,三層,一層 二層 三層 陽台,全筆移轉
RPUNMLTKKIKGFAU57DA,1,261.42,溫室及植物環控栽培設施,鋼鐵（骨）造有牆,114年4月2日,一層,一層,全筆移轉
TPQNMLOJKIKGFBU86DA,46,174.08,住商用,鋼筋混凝土加強磚造,69年1月8日,二層,一層 二層 騎樓,全筆移轉
RPTNMLKKKIKGFAU56DA,1,251.33,住宅,鋼筋混凝土造,113年8月9日,四層,一層 二層 三層 四層 陽台 屋頂突出物,全筆移轉
RPPOMLLLJIKGFAU98DA,49,55.25,住家用,鋼筋混凝土加強磚造,66年1月26日,一層,一層,全筆移轉
RPSNMLQKKIKGFAU07DA,14,206.58,農舍,鋼筋混凝土造,100年7月7日,二層,一層 二層 陽台 見其他登記事項,全筆移轉
RPRNMLPLJIKGFAU86DA,31,105.49,住家用,鋼架有牆,83年7月15日,一層,一層 浴廁 見其他登記事項,全筆移轉
RPROMLTKKIKGFAU37DA,,54.30,集合住宅,鋼筋混凝土造,114年7月9日,五層,二層 陽台,全筆移轉
RPROMLTKKIKGFAU37DA,,23.38,共有部份,鋼筋混凝土造,114年7月9日,五層,,持分移轉
RPQNMLTKJIKGFAU07DA,41,105.30,住家用,鋼筋混凝土造,74年1月7日,二層,一層 二層 陽台,全筆移轉
RPVNMLTKKIKGFAU67DA,43,90.83,住家用,鋼筋混凝土加強磚造,71年12月2日,二層,一層 二層 屋頂突出物,全筆移轉
RPQOMLSJKIKGFAU07DA,32,81.76,住家用,鋼筋混凝土造,82年10月15日,五層,五層 陽台,全筆移轉
RPRNMLQLJIKGFAU96DA,,36.50,集合住宅,鋼筋混凝土造,114年9月2日,五層,三層 陽台,全筆移轉
RPVNMLSJKIKGFAU47DA,,35.75,集合住宅,鋼筋混凝土造,114年9月2日,五層,二層 陽台,全筆移轉
RPQOMLSJKIKGFAU07DA,32,28.95,共有部份,鋼筋混凝土造,82年10月15日,五層,,持分移轉
RPRNMLQLJIKGFAU96DA,,14.73,共有部份,鋼筋混凝土造,114年9月2日,五層,,持分移轉
RPVNMLSJKIKGFAU47DA,,14.60,共有部份,鋼筋混凝土造,114年9月2日,五層,,持分移轉
RPQNMLMLKIKGFAU56DA,26,115.40,住家用,鋼筋混凝土造,88年5月20日,五層,四層 五層 陽台 見其他登記事項,全筆移轉
RPQNMLMLKIKGFAU56DA,26,13.51,停車空間,鋼筋混凝土造,88年5月20日,五層,,持分移轉
RPQNMLMLKIKGFAU56DA,26,25.75,共有部份,鋼筋混凝土造,88年5月20日,五層,,持分移轉
RPRNMLOLKIKGFAU86DA,38,148.32,住家用,鋼筋混凝土造,76年6月25日,二層,一層 二層 陽台 屋頂突出物 門廳,全筆移轉
RPPNMLQJJIKGFCU76DA,,98.81,住家用,鋼筋混凝土加強磚造,,二層,一層 二層 騎樓,全筆移轉
RPQNMLNLKIKGFAU66DA,26,115.40,住家用,鋼筋混凝土造,88年5月20日,五層,四層 五層 陽台 見其他登記事項,全筆移轉
RPQNMLNLKIKGFAU66DA,26,13.51,停車空間,鋼筋混凝土造,88年5月20日,五層,,持分移轉
RPQNMLNLKIKGFAU66DA,26,25.75,共有部份,鋼筋混凝土造,88年5月20日,五層,,持分移轉
RPPOMLMKKIKGFAU09DA,32,138.15,住家用,鋼筋混凝土造,82年10月29日,三層,一層 二層 三層 陽台,全筆移轉
RPRNMLNLKIKGFAU76DA,31,28.67,住家用,鋼筋混凝土造,83年11月17日,五層,三層 陽台,全筆移轉
RPRNMLNLKIKGFAU76DA,31,6.50,共有部份,鋼筋混凝土造,83年11月17日,五層,,持分移轉
RPQNMLNLKIKGFCU86DA,1,185.27,住家用,鋼筋混凝土造,114年4月29日,三層,一層 二層 三層 陽台 屋頂突出物,全筆移轉
RPVNMLOLKIKGFAU27DA,18,190.49,住家用,鋼筋混凝土造,96年12月21日,四層,一層 二層 三層 四層 陽台 雨遮,全筆移轉
RPPNMLNLKIKGFCU76DA,1,207.15,住家用,鋼筋混凝土造,114年4月29日,三層,一層 二層 三層 陽台 屋頂突出物,全筆移轉
RPWNMLQLKIKGFAU57DA,27,86.99,住家用,鋼筋混凝土造,88年2月24日,六層,三層 陽台,全筆移轉
RPWNMLQLKIKGFAU57DA,27,35.11,共有部份,鋼筋混凝土造,88年2月24日,六層,,持分移轉
RPUNMLLLJIKGFAU76DA,40,96.80,住家用,鋼筋混凝土造,74年10月14日,二層,一層 二層 陽台,全筆移轉
RPUNMLKMKIKGFAU86DA,49,91.40,住家用,鋼筋混凝土加強磚造,66年3月21日,二層,一層 二層,全筆移轉
RPTNMLKMKIKGFAU76DA,32,22.97,共有部份,鋼筋混凝土造,83年3月8日,九層,,持分移轉
RPTNMLKMKIKGFAU76DA,32,99.58,住家用,鋼筋混凝土造,83年3月8日,九層,二層 陽台 露台 花台,全筆移轉
RPSOMLMJKIKGFAU66DA,50,441.21,住商用,鋼筋混凝土加強磚造,65年1月21日,三層,一層 二層 三層 騎樓 地下層,全筆移轉
RPPNMLQLKIKGFCU17EA,,86.13,住家用,鋼筋混凝土加強磚造,58年12月0日,二層,一層 二層,全筆移轉
RPTNMLMKKIKGFAU76DA,45,101.91,住家用,鋼筋混凝土加強磚造,70年2月2日,二層,一層 二層,全筆移轉
RPPNMLKMKIKGFCU56DA,1,190.53,住家用,鋼筋混凝土造,114年4月29日,三層,一層 二層 三層 陽台 屋頂突出物,全筆移轉
RPVNMLTLKIKGFAU77DA,,31.02,住宅,加強磚造,,一層,一層,全筆移轉
RPSNMLKMKIKGFAU66DA,29,71.04,住家用,鋼筋混凝土造,86年3月18日,五層,五層 陽台,全筆移轉
RPSNMLKMKIKGFAU66DA,29,12.62,共有部份,鋼筋混凝土造,86年3月18日,五層,,持分移轉
RPQNMLLMKIKGFAU56DA,44,118.72,住商用,鋼筋混凝土加強磚造,70年12月3日,二層,一層 二層 騎樓,全筆移轉
RPUPMLPKKIKGFAU37DA,33,136.71,住家用,鋼筋混凝土造,81年6月25日,二層,一層 二層 陽台 屋頂突出物,全筆移轉
RPWNMLLMKIKGFAU17DA,26,201.56,住家用,鋼筋混凝土造,88年12月24日,三層,一層 二層 三層 陽台 平台,全筆移轉
RPTNMLTKKIKGFAU47DA,,36.60,集合住宅,鋼筋混凝土造,114年9月2日,五層,二層 陽台,全筆移轉
RPTNMLTKKIKGFAU47DA,,14.73,共有部份,鋼筋混凝土造,114年9月2日,五層,,持分移轉
RPQOMLLMKIKGFAU66DA,57,66.82,住家用,鋼筋水泥空心磚造,57年9月30日,二層,一層 二層,全筆移轉
RPQOMLKMKIKGFAU56DA,44,148.49,住家用,鋼筋混凝土加強磚造,70年12月29日,二層,一層 二層 屋頂突出物,全筆移轉
RPSPMLPKKIKGFAU17DA,23,111.42,住家用,鋼筋混凝土造,91年12月2日,十三層,六層 陽台,全筆移轉
RPSNMLLMKIKGFAU76DA,27,102.98,住家用,鋼筋混凝土造,88年5月20日,五層,二層 三層 陽台 平台 雨遮,全筆移轉
RPSPMLPKKIKGFAU17DA,23,63.77,共有部份,鋼筋混凝土造,91年12月2日,十三層,,持分移轉
RPSNMLLMKIKGFAU76DA,27,13.40,停車空間,鋼筋混凝土造,88年5月20日,五層,,持分移轉
RPSNMLLMKIKGFAU76DA,27,22.58,共有部份,鋼筋混凝土造,88年5月20日,五層,,持分移轉
RPPNMLSLKIKGFAU07DA,46,209.75,住商用,鋼筋混凝土造,69年4月10日,三層,一層 二層 三層 屋頂突出物 騎樓 地下層,全筆移轉
RPWNMLKMKIKGFAU07DA,32,136.73,住家用,鋼筋混凝土造,82年10月29日,三層,一層 二層 三層 陽台,全筆移轉
RPPOMLPJJHLGFAU56DA,6,42.63,集合住宅,鋼筋混凝土造,108年12月17日,四層,四層 陽台,全筆移轉
RPPOMLPJJHLGFAU56DA,6,15.11,本共有部份之項目有安全梯、梯廳、電梯、機房、門廳、門廊等６項,鋼筋混凝土造,108年12月17日,四層,,持分移轉
RPVOMLRJJHLGFAU37DA,,41.52,集合住宅,鋼筋混凝土造,114年9月2日,五層,五層 陽台,全筆移轉
RPVOMLRJJHLGFAU37DA,,16.46,共有部份,鋼筋混凝土造,114年9月2日,五層,,持分移轉
RPWNMLSJJHLGFAU47DA,39,116.30,住商用,鋼筋混凝土造,75年9月16日,二層,一層 二層 騎樓,全筆移轉
RPROMLMKJHLGFAU56DA,31,230.51,住商用,鋼筋混凝土造,84年1月11日,四層,一層 二層 三層 四層 陽台 平台 花台,全筆移轉
RPXOMLRJJHLGFAU57DA,32,81.76,住家用,鋼筋混凝土造,82年10月15日,五層,二層 陽台,全筆移轉
RPXOMLRJJHLGFAU57DA,32,28.95,共有部份,鋼筋混凝土造,82年10月15日,五層,,持分移轉
RPQNMLOKJHLGFAU56DA,44,103.84,住商用,鋼筋混凝土加強磚造,70年7月21日,二層,一層 二層 屋頂突出物,全筆移轉
RPOPMLOKJHLGFAU56DA,22,128.54,住家用,鋼筋混凝土造,92年7月4日,三層,一層 二層 三層 陽台,全筆移轉
RPRNMLOKJHLGFAU66DA,38,156.38,住家用,鋼筋混凝土造,76年12月30日,三層,一層 二層 三層 陽台,全筆移轉
RPPNMLPKJHLGFAU56DA,,65.35,集合住宅,鋼筋混凝土造,114年6月30日,十層,十層 陽台,全筆移轉
RPPNMLPKJHLGFAU56DA,,.80,共有部分（管委會）,鋼筋混凝土造,114年6月30日,一層,,持分移轉
RPQNMLOKJHLGFCU76DA,44,115.48,住家用,鋼筋混凝土加強磚造,70年7月17日,二層,一層 二層,全筆移轉
RPPNMLPKJHLGFAU56DA,,22.52,共有部份,鋼筋混凝土造,114年6月30日,十層,,持分移轉
RPSPMLOKJHLGFAU96DA,8,105.16,店鋪,鋼筋混凝土造,107年2月6日,九層,一層 陽台 騎樓,全筆移轉
RPPNMLPKJHLGFAU56DA,,40.48,共有部分（停車空間、車道）,鋼筋混凝土造,114年6月30日,十層,,持分移轉
RPPNMLPKJHLGFAU56DA,,13.75,共有部分（停車空間）,鋼筋混凝土造,114年6月30日,十層,,持分移轉
RPSPMLOKJHLGFAU96DA,8,47.71,共有部份,鋼筋混凝土造,107年2月6日,九層,,持分移轉
RPUPMLOKJHLGFAU17DA,8,105.06,店鋪,鋼筋混凝土造,107年2月6日,九層,一層 陽台 騎樓,全筆移轉
RPUPMLOKJHLGFAU17DA,8,47.56,共有部份,鋼筋混凝土造,107年2月6日,九層,,持分移轉
RPUPMLOKJHLGFAU17DA,8,50.57,共有部份,鋼筋混凝土造,107年2月6日,九層,,持分移轉
RPPOMLPKJHLGFAU66DA,6,99.40,集合住宅,鋼筋混凝土造,108年8月29日,十層,七層 陽台,全筆移轉
RPPOMLPKJHLGFAU66DA,6,.32,警衛室,鋼筋混凝土造,108年8月29日,十層,一層,持分移轉
RPPOMLPKJHLGFAU66DA,6,30.30,本共有部分之項目有交誼廳、車道、梯廳、樓梯間、電梯間、受電室、電信機房、自來水箱、消防幫泵／發電機、屋頂突出物等,鋼筋混凝土造,108年8月29日,十層,,持分移轉
RPPOMLPKJHLGFAU66DA,6,28.04,共有部份（停車空間）,鋼筋混凝土造,108年8月29日,十層,,持分移轉
RPOOMLMLJHLGFAU98DA,46,137.86,住家用,鋼筋混凝土加強磚造,68年7月25日,一層,一層 夾層,全筆移轉
RPTOMLOJKIKGFAU96DA,25,134.44,住家用,鋼筋混凝土造,90年4月17日,二層,一層 二層 陽台,全筆移轉
RPUNMLQKJHLGFAU17DA,,36.38,集合住宅,鋼筋混凝土造,114年9月2日,五層,二層 陽台,全筆移轉
RPOOMLQKJHLGFAU66DA,,195.86,集合住宅,鋼筋混凝土造,114年6月30日,四層,一層 二層 三層 四層 陽台,全筆移轉
RPUNMLQKJHLGFAU17DA,,14.71,共有部份,鋼筋混凝土造,114年9月2日,五層,,持分移轉
RPROMLTKJHLGFAU27DA,,36.38,集合住宅,鋼筋混凝土造,114年9月2日,五層,五層 陽台,全筆移轉
RPROMLTKJHLGFAU27DA,,14.77,共有部份,鋼筋混凝土造,114年9月2日,五層,,持分移轉
RPVNMLMLKIKGFAU07DA,33,260.56,住工用,鋼筋混凝土造,81年5月25日,四層,一層 二層 三層 四層 陽台 見其他登記事項,全筆移轉
RPSNMLMLJHLGFAU66DA,39,257.93,住商用,鋼筋混凝土造,76年1月20日,三層,一層 二層 三層 陽台 騎樓,全筆移轉
RPXNMLLLJHLGFAU07DA,19,94.19,商業用,鋼筋混凝土造,96年1月4日,五層,一層 騎樓,全筆移轉
RPXNMLLLJHLGFAU07DA,19,15.30,共有部份,鋼筋混凝土造,96年1月4日,五層,,持分移轉
RPWNMLMLKIKGFAU17DA,,108.79,店舖,鋼筋水泥磚造,,二層,一層 二層 騎樓,全筆移轉
RPTNMLKLJHLGFAU56DA,39,71.55,住家用,鋼筋混凝土造,75年9月12日,二層,一層 二層 陽台,全筆移轉
RPQNMLNLJHLGFBU66DA,60,167.92,住家用,磚造,55年1月15日,一層,一層 騎樓,全筆移轉
RPTOMLMLJHLGFAU86DA,1,92.79,集合住宅,鋼筋混凝土造,114年3月18日,十一層,一層 陽台,全筆移轉
RPTOMLMLJHLGFAU86DA,1,45.73,共有部份,鋼筋混凝土造,114年3月18日,十一層,,持分移轉
RPTOMLMLJHLGFAU86DA,1,31.23,共有部分（停車空間）,鋼筋混凝土造,114年3月18日,十一層,,持分移轉
RPUNMLQLJHLGFAU27DA,,36.60,集合住宅,鋼筋混凝土造,114年9月2日,五層,五層 陽台,全筆移轉
RPUNMLQLJHLGFAU27DA,,14.73,共有部份,鋼筋混凝土造,114年9月2日,五層,,持分移轉
RPUNMLSJKIKGFAU37DA,39,108.62,住商用,鋼筋混凝土造,75年9月16日,二層,一層 二層 騎樓,全筆移轉
RPQOMLQLJIKGFAU96DA,,60.37,集合住宅,鋼筋混凝土造,114年7月16日,五層,二層 陽台,全筆移轉
RPXNMLLJKIKGFAU96DA,3,172.62,住家用,鋼筋混凝土造,111年5月12日,三層,一層 二層 三層 陽台 屋頂突出物,全筆移轉
RPQOMLQLJIKGFAU96DA,,30.33,共有部份,鋼筋混凝土造,114年7月16日,五層,,持分移轉
RPQNMLPKKIKGFCU96DA,,301.38,住家用,鋼筋混凝土造,114年11月3日,四層,一層 二層 三層 四層 陽台,全筆移轉
RPUNMLSLJHLGFAU47DA,41,141.78,住家用,鋼筋混凝土造,73年9月19日,五層,三層,全筆移轉
RPUNMLSLJHLGFAU47DA,41,13.81,共有部份,鋼筋混凝土造,73年9月19日,五層,,持分移轉
RPUNMLSLJHLGFAU47DA,41,14.63,共有部份,鋼筋混凝土造,73年9月19日,五層,,持分移轉
RPQNMLTJKIKGFAU07DA,32,106.79,住家用,鋼筋混凝土造,82年8月2日,七層,三層 陽台,全筆移轉
RPQNMLTJKIKGFAU07DA,32,43.51,共有部份,鋼筋混凝土造,82年8月2日,七層,,持分移轉
RPRNMLTJKIKGFAU17DA,51,97.53,住家用,加強磚造,63年9月1日,一層,一層,全筆移轉
RPTNMLMKJIKGFAU66DA,1,70.24,工業社區集合住宅,鋼筋混凝土造,113年5月2日,八層,四層 陽台,全筆移轉
RPTNMLMKJIKGFAU66DA,1,31.79,共有部份,鋼筋混凝土造,113年5月2日,八層,,持分移轉
RPTNMLMKJIKGFAU66DA,1,22.85,共有部分（停車空間）,鋼筋混凝土造,113年5月2日,八層,,持分移轉
RPXNMLTJKIKGFAU77DA,32,77.93,住家用,鋼筋混凝土造,82年8月2日,七層,三層 陽台,全筆移轉
RPXNMLTJKIKGFAU77DA,32,20.36,共有部份,鋼筋混凝土造,82年8月2日,七層,,持分移轉
RPSNMLPKKIKGFAU96DA,16,233.14,農舍,鋼筋混凝土造,98年11月25日,二層,一層 二層 雨遮 見其他登記事項,全筆移轉
RPTNMLLKKIKGFAU66DA,47,127.02,住商用,鋼筋混凝土造,67年8月4日,二層,一層 二層 騎樓,全筆移轉
RPPNMLQLJIKGFAU76DA,13,173.65,住家用,鋼筋混凝土造,102年4月2日,三層,一層 二層 三層 屋頂突出物,全筆移轉
RPPNMLMKKIKGFAU98DA,41,115.62,住家用,鋼筋混凝土造,73年12月26日,二層,一層 二層 陽台 屋頂突出物 夾層,全筆移轉
RPUNMLMKKIKGFAU86DA,24,186.95,住家用,鋼筋混凝土造,90年11月13日,四層,一層 二層 三層 四層 陽台 見其他登記事項,全筆移轉
RPPNMLTJKIKGFBU07DA,44,156.48,住家用,鋼筋混凝土加強磚造,70年12月31日,二層,一層 二層 陽台 走廊,全筆移轉
RPUNMLMKKIKGFAU86DA,24,30.27,共有部份,鋼筋混凝土造,90年11月13日,四層,,持分移轉
RPSNMLMKKIKGFAU66DA,62,41.99,住家用,木石磚造（雜木）,52年10月1日,一層,一層,全筆移轉
RPPOMLPKKIKGFAU76DA,,45.79,集合住宅,鋼筋混凝土造,114年6月30日,十層,九層 陽台,全筆移轉
RPPOMLPKKIKGFAU76DA,,.57,共有部分（管委會）,鋼筋混凝土造,114年6月30日,一層,,持分移轉
RPPOMLPKKIKGFAU76DA,,16.04,共有部份,鋼筋混凝土造,114年6月30日,十層,,持分移轉
RPTNMLQKKIKGFAU17DA,31,509.17,住商用,鋼筋混凝土造,83年5月13日,五層,一層 二層 三層 四層 五層 陽台 屋頂突出物,全筆移轉
RPPOMLPKKIKGFAU76DA,,9.04,共有部分（停車空間、車道）,鋼筋混凝土造,114年6月30日,十層,,持分移轉
RPVNMLMKJIKGFAU86DA,18,182.26,住家用,鋼筋混凝土造,96年5月4日,三層,一層 二層 三層 陽台,全筆移轉
RPROMLMJKIKGFAU56DA,,35.83,集合住宅,鋼筋混凝土造,114年9月2日,五層,二層 陽台,全筆移轉
RPROMLMJKIKGFAU56DA,,14.63,共有部份,鋼筋混凝土造,114年9月2日,五層,,持分移轉
RPROMLMJKIKGFAU56DA,,13.76,共有部分（停車空間）,鋼筋混凝土造,114年9月2日,五層,,持分移轉
RPSNMLTKKIKGFAU37DA,39,188.68,住家用,鋼筋混凝土造,76年1月20日,二層,一層 二層 陽台 屋頂突出物,全筆移轉
RPRNMLSKKIKGFCU37DA,38,76.63,住家用,木構架加強磚造,76年10月23日,一層,一層,全筆移轉
RPPNMLSLJIKGFAU96DA,,36.08,集合住宅,鋼筋混凝土造,114年9月2日,五層,五層 陽台,全筆移轉
RPWNMLNLKIKGFAU27DA,40,68.18,住家用,鋼筋混凝土加強磚造,75年1月18日,二層,一層 二層,全筆移轉
RPPNMLSLJIKGFAU96DA,,14.72,共有部份,鋼筋混凝土造,114年9月2日,五層,,持分移轉
RPPNMLSKKIKGFAU96DA,34,197.72,住家用,鋼筋混凝土造,81年2月22日,三層,一層 二層 三層 陽台,全筆移轉
RPUNMLNJKIKGFAU86DA,,36.38,集合住宅,鋼筋混凝土造,114年9月2日,五層,五層 陽台,全筆移轉
RPUNMLNJKIKGFAU86DA,,14.71,共有部份,鋼筋混凝土造,114年9月2日,五層,,持分移轉
RPUOMLMJKIKGFAU86DA,,73.11,集合住宅,鋼筋混凝土造,114年9月2日,五層,五層 陽台,全筆移轉
RPUOMLMJKIKGFAU86DA,,29.32,共有部份,鋼筋混凝土造,114年9月2日,五層,,持分移轉
RPUOMLMJKIKGFAU86DA,,13.76,共有部分（停車空間）,鋼筋混凝土造,114年9月2日,五層,,持分移轉
RPVNMLLKKIKGFAU86DA,,41.52,集合住宅,鋼筋混凝土造,114年9月2日,五層,四層 陽台,全筆移轉
RPPNMLMLKIKGFAU09DA,23,241.77,住家用,鋼筋混凝土造,91年11月21日,三層,一層 二層 三層 陽台 屋頂突出物,全筆移轉
RPVNMLLKKIKGFAU86DA,,16.46,共有部份,鋼筋混凝土造,114年9月2日,五層,,持分移轉
RPPNMLQLKIKGFAU86DA,56,137.06,住商用,鋼筋混凝土造,58年7月24日,五層,一層 二層 三層 四層 五層 騎樓 地下層,全筆移轉
RPTNMLTLKIKGFAU57DA,,121.68,住家用,鋼筋混凝土加強磚造,,二層,一層 二層 陽台,全筆移轉
RPUOMLKMKIKGFAU96DA,44,217.99,住商用,鋼筋混凝土造,70年9月15日,三層,一層 二層 三層 屋頂突出物 騎樓 地下層,全筆移轉
RPRNMLMJJHLGFAU98DA,21,196.85,住家用,鋼筋混凝土造,94年3月31日,三層,一層 二層 三層 陽台 屋頂突出物,全筆移轉
RPQNMLKLJIKGFAU88DA,,156.03,住宅,鋼筋混凝土造,114年8月20日,四層,一層 二層 三層 四層 陽台,全筆移轉
RPOOMLMKJHLGFAU88DA,42,90.74,住家用,鋼筋混凝土造,72年12月23日,二層,一層 二層,全筆移轉
RPWNMLPJJHLGFAU17DA,35,7.88,共有部份,鋼筋混凝土造,79年5月24日,七層,,持分移轉
RPUNMLMKJHLGFAU76DA,39,34.32,農舍,鋼架有牆,75年8月27日,一層,一層,全筆移轉
RPWNMLPJJHLGFAU17DA,35,66.87,住家用,鋼筋混凝土造,79年5月24日,七層,六層 陽台,全筆移轉
RPUNMLNKJHLGFAU86DA,22,221.73,住家用,鋼筋混凝土造,92年9月15日,四層,一層 二層 三層 四層 陽台,全筆移轉
RPQNMLPKJHLGFCU86DA,38,21.08,住家用,鋼筋混凝土加強磚造,76年12月14日,一層,一層,持分移轉
RPPNMLQLJHLGFCU96DA,34,361.85,住商用,鋼造,80年5月30日,一層,一層,全筆移轉
RPXOMLNLJHLGFAU37DA,1,65.59,集合住宅,鋼筋混凝土造,113年8月8日,十層,二層 陽台,全筆移轉
RPXOMLNLJHLGFAU37DA,1,27.42,共有部份,鋼筋混凝土造,113年8月8日,十層,,持分移轉
RPOOMLTKKIKGFAU07DA,54,104.67,住家用,鋼筋混凝土加強磚造,60年5月7日,二層,一層 二層,全筆移轉
RPUOMLOJKHLGFAU07DA,53,89.12,住家用,鋼筋混凝土加強磚造,61年7月8日,二層,一層 二層,全筆移轉
RPPPMLPJKHLGFAU76DA,32,35.87,住家用,鋼筋混凝土造,83年4月14日,六層,二層 陽台 花台,全筆移轉
RPPPMLPJKHLGFAU76DA,32,6.81,共有部份,鋼筋混凝土造,83年4月14日,六層,,持分移轉
RPQOMLOJKHLGFAU66DA,41,14.95,共有部份,鋼筋混凝土造,74年2月13日,四層,,持分移轉
RPTPMLPJKHLGFAU17DA,,57.39,集合住宅,鋼筋混凝土造,114年12月2日,五層,五層 陽台,全筆移轉
RPQOMLOJKHLGFAU66DA,41,102.43,住家用,鋼筋混凝土造,74年2月13日,四層,四層 陽台,全筆移轉
RPTPMLPJKHLGFAU17DA,,12.05,共有部份,鋼筋混凝土造,114年12月2日,五層,,持分移轉
RPPNMLKKKIKGFAU78DA,32,219.37,住家用,鋼筋混凝土造,82年5月3日,四層,一層 二層 三層 四層 陽台,全筆移轉
RPUNMLSLJIKGFAU47DA,,163.84,住宅,鋼筋混凝土造,114年8月18日,三層,一層 二層 三層 陽台 屋頂突出物,全筆移轉
RPWNMLKKKIKGFAU86DA,32,89.66,住家用,鋼筋混凝土造,82年12月15日,六層,三層 陽台,全筆移轉
RPWNMLKKKIKGFAU86DA,32,14.66,共有部份,鋼筋混凝土造,82年12月15日,六層,,持分移轉
RPWNMLKKKIKGFAU86DA,32,13.98,共有部份,鋼筋混凝土造,82年12月15日,七層,,持分移轉
RPRNMLMKKIKGFAU56DA,32,136.73,住家用,鋼筋混凝土造,82年12月29日,三層,一層 二層 三層 陽台,全筆移轉
RPXNMLMKJHLGFAU07DA,10,467.08,住家用,鋼筋混凝土造,105年1月6日,三層,一層 二層 三層 陽台,全筆移轉
RPVNMLTKJHLGFAU57DA,48,115.04,住家用,鋼筋混凝土造,67年1月30日,二層,一層 二層,全筆移轉
RPRNMLLLJHLGFAU09DA,46,84.06,住家用,鋼筋混凝土加強磚造,68年12月19日,二層,一層 二層,全筆移轉
RPPPMLOJJIKGFAU56DA,54,166.08,住家用,鋼筋混凝土加強磚造,60年8月25日,二層,一層 二層 騎樓,全筆移轉
RPPNMLQKKIKGFAU76DA,,107.47,集合住宅,鋼筋混凝土造,114年6月30日,十層,七層 陽台,全筆移轉
RPPNMLQKKIKGFAU76DA,,1.32,共有部分（管委會）,鋼筋混凝土造,114年6月30日,一層,,持分移轉
RPPNMLQKKIKGFAU76DA,,37.21,共有部份,鋼筋混凝土造,114年6月30日,十層,,持分移轉
RPPNMLQKKIKGFAU76DA,,48.75,共有部分（停車空間、車道）,鋼筋混凝土造,114年6月30日,十層,,持分移轉
RPPNMLQKKIKGFAU76DA,,13.75,共有部分（停車空間）,鋼筋混凝土造,114年6月30日,十層,,持分移轉
RPRNMLSLJHLGFAU17DA,23,126.24,住家用,鋼筋混凝土造,91年12月2日,十二層,九層 陽台,全筆移轉
RPRNMLSLJHLGFAU17DA,23,73.63,共有部份,鋼筋混凝土造,91年12月2日,十四層,,持分移轉
RPUNMLMLKIKGFAU96DA,48,160.62,住家用,鋼筋混凝土加強磚造,66年4月28日,二層,一層 二層 騎樓,全筆移轉
RPPNMLOJKHLGFAU09DA,18,477.49,住家用,鋼筋混凝土造,96年5月22日,四層,一層 二層 三層 四層 陽台 騎樓 見其他登記事項,全筆移轉
RPPOMLNLKHLGFAU66DA,,56.68,集合住宅,鋼筋混凝土造,114年12月2日,五層,五層 陽台,全筆移轉
RPPOMLNLKHLGFAU66DA,,15.07,共有部份,鋼筋混凝土造,114年12月2日,五層,,持分移轉
RPUNMLMJLHLGFAU86DA,,106.82,集合住宅,鋼筋混凝土造,114年12月4日,七層,四層 陽台,全筆移轉
RPUNMLMJLHLGFAU86DA,,55.09,共有部份,鋼筋混凝土造,114年12月4日,七層,,持分移轉
RPUNMLMJLHLGFAU86DA,,46.07,共有部分（停車空間）,鋼筋混凝土造,114年12月4日,七層,,持分移轉
RPVNMLTJJHLGFAU47DA,,107.02,集合住宅,鋼筋混凝土造,114年11月21日,七層,五層 陽台,全筆移轉
RPRNMLLJKHLGFAU98DA,,59.54,集合住宅,鋼筋混凝土造,114年11月21日,七層,四層 陽台,全筆移轉
RPVNMLTJJHLGFAU47DA,,44.87,共有部份,鋼筋混凝土造,114年11月21日,七層,,持分移轉
RPRNMLLJKHLGFAU98DA,,25.00,共有部份,鋼筋混凝土造,114年11月21日,七層,,持分移轉
RPVNMLTJJHLGFAU47DA,,34.05,共有部分（防空避難室兼停車空間）,鋼筋混凝土造,114年11月21日,七層,,持分移轉
RPRNMLLJKHLGFAU98DA,,37.17,共有部分（防空避難室兼停車空間）,鋼筋混凝土造,114年11月21日,七層,,持分移轉
RPTNMLNJKHLGFAU76DA,42,114.01,住商用,鋼筋混凝土加強磚造,72年5月19日,二層,一層 二層 屋頂突出物 騎樓,全筆移轉
RPTNMLMJLHLGFAU76DA,,106.84,集合住宅,鋼筋混凝土造,114年12月4日,七層,六層 陽台,全筆移轉
RPTNMLMJLHLGFAU76DA,,55.09,共有部份,鋼筋混凝土造,114年12月4日,七層,,持分移轉
RPTNMLMJLHLGFAU76DA,,14.69,共有部分（停車空間）,鋼筋混凝土造,114年12月4日,七層,,持分移轉
RPQNMLOLKIKGFAU76DA,41,77.93,住家用,鋼筋混凝土造,72年10月26日,五層,二層,全筆移轉
RPQNMLOLKIKGFAU76DA,41,12.35,共有部份,鋼筋混凝土造,72年10月20日,五層,,持分移轉
RPXNMLSJKIKGFAU67DA,39,73.96,住家用,鋼筋混凝土造,75年12月11日,二層,一層 二層 陽台,全筆移轉
RPQOMLQLJHLGFAU96DA,,56.40,集合住宅,鋼筋混凝土造,114年12月2日,五層,五層 陽台,全筆移轉
RPQOMLQLJHLGFAU96DA,,14.47,共有部份,鋼筋混凝土造,114年12月2日,五層,,持分移轉
RPXNMLTKJHLGFAU77DA,,77.76,集合住宅,鋼筋混凝土造,114年6月30日,十層,一層 陽台,全筆移轉
RPXNMLTKJHLGFAU77DA,,.96,共有部分（管委會）,鋼筋混凝土造,114年6月30日,一層,,持分移轉
RPVOMLNLKHLGFAU27DA,,56.40,集合住宅,鋼筋混凝土造,114年12月2日,五層,五層 陽台,全筆移轉
RPVOMLNLKHLGFAU27DA,,14.97,共有部份,鋼筋混凝土造,114年12月2日,五層,,持分移轉
RPXNMLTKJHLGFAU77DA,,26.94,共有部份,鋼筋混凝土造,114年6月30日,十層,,持分移轉
RPXNMLTKJHLGFAU77DA,,42.97,共有部分（停車空間、車道）,鋼筋混凝土造,114年6月30日,十層,,持分移轉
RPXNMLTKJHLGFAU77DA,,13.75,共有部分（停車空間）,鋼筋混凝土造,114年6月30日,十層,,持分移轉
RPSNMLKMJHLGFAU56DA,,84.11,店舖,鋼筋混凝土造,114年12月4日,七層,一層,全筆移轉
RPSNMLKMJHLGFAU56DA,,43.40,共有部份,鋼筋混凝土造,114年12月4日,七層,,持分移轉
RPTNMLMKKHLGFAU76DA,,61.05,集合住宅,鋼筋混凝土造,114年12月2日,五層,二層 陽台,全筆移轉
RPTNMLMKKHLGFAU76DA,,10.52,共有部份,鋼筋混凝土造,114年12月2日,五層,,持分移轉
RPOPMLNLJHLGFAU56DA,,56.40,集合住宅,鋼筋混凝土造,114年12月2日,五層,三層 陽台,全筆移轉
RPSNMLPJKHLGFAU86DA,,56.68,集合住宅,鋼筋混凝土造,114年12月2日,五層,三層 陽台,全筆移轉
RPOPMLNLJHLGFAU56DA,,14.97,共有部份,鋼筋混凝土造,114年12月2日,五層,,持分移轉
RPSNMLPJKHLGFAU86DA,,14.57,共有部份,鋼筋混凝土造,114年12月2日,五層,,持分移轉
RPROMLNLJHLGFAU76DA,,56.83,集合住宅,鋼筋混凝土造,114年12月2日,五層,一層,全筆移轉
RPROMLNLJHLGFAU76DA,,14.38,共有部份,鋼筋混凝土造,114年12月2日,五層,,持分移轉
RPRNMLQKJHLGFAU86DA,,179.48,住宅,鋼筋混凝土造,114年11月24日,三層,一層 二層 三層 陽台 屋頂突出物,全筆移轉
RPQNMLNLJHLGFAU56DA,,186.94,住宅,鋼筋混凝土造,114年11月24日,三層,一層 二層 三層 陽台 屋頂突出物,全筆移轉
RPQNMLRLKHLGFAU07DA,,27.73,集合住宅,鋼筋混凝土造,114年11月14日,五層,三層 陽台,全筆移轉
RPQNMLRLKHLGFAU07DA,,14.57,共有部份,鋼筋混凝土造,114年11月14日,五層,,持分移轉
RPPPMLSLJHLGFAU17DA,,67.92,集合住宅,鋼筋混凝土造,114年11月21日,七層,三層 陽台,全筆移轉
RPPPMLSLJHLGFAU17DA,,28.49,共有部份,鋼筋混凝土造,114年11月21日,七層,,持分移轉
RPPPMLSLJHLGFAU17DA,,34.05,共有部分（防空避難室兼停車空間）,鋼筋混凝土造,114年11月21日,七層,,持分移轉
RPPNMLTJKHLGFAU96DA,,179.48,住宅,鋼筋混凝土造,114年11月24日,三層,一層 二層 三層 陽台 屋頂突出物,全筆移轉
RPRNMLNKKHLGFAU66DA,,192.12,住宅,鋼筋混凝土造,114年11月24日,三層,一層 二層 三層 陽台 屋頂突出物,全筆移轉
RPWNMLQLKHLGFAU57DA,,106.88,集合住宅,鋼筋混凝土造,114年11月21日,七層,六層 陽台,全筆移轉
RPTNMLPJJHLGFAU86DA,,36.48,集合住宅,鋼筋混凝土造,114年9月2日,五層,五層 陽台,全筆移轉
RPWNMLQLKHLGFAU57DA,,44.87,共有部份,鋼筋混凝土造,114年11月21日,七層,,持分移轉
RPTNMLPJJHLGFAU86DA,,14.73,共有部份,鋼筋混凝土造,114年9月2日,五層,,持分移轉
RPWNMLQLKHLGFAU57DA,,34.05,共有部分（防空避難室兼停車空間）,鋼筋混凝土造,114年11月21日,七層,,持分移轉
RPVPMLPJKHLGFAU37DA,,183.27,住宅,鋼筋混凝土造,114年11月24日,三層,一層 二層 三層 陽台 屋頂突出物,全筆移轉
RPSNMLQLJIKGFAU07DA,,73.11,集合住宅,鋼筋混凝土造,114年9月2日,五層,三層 陽台,全筆移轉
RPUNMLNLKHLGFAU07DA,,48.72,集合住宅,鋼筋混凝土造,114年12月2日,五層,五層 陽台,全筆移轉
RPSNMLQLJIKGFAU07DA,,29.32,共有部份,鋼筋混凝土造,114年9月2日,五層,,持分移轉
RPUNMLNLKHLGFAU07DA,,6.42,共有部份,鋼筋混凝土造,114年12月2日,五層,,持分移轉
RPSNMLQLJIKGFAU07DA,,13.76,共有部分（停車空間）,鋼筋混凝土造,114年9月2日,五層,,持分移轉
RPSNMLNJKIKGFAU66DA,,36.26,集合住宅,鋼筋混凝土造,114年9月2日,五層,三層 陽台,全筆移轉
RPSNMLNJKIKGFAU66DA,,14.79,共有部份,鋼筋混凝土造,114年9月2日,五層,,持分移轉
RPSNMLNJKIKGFAU66DA,,12.65,共有部分（停車空間）,鋼筋混凝土造,114年9月2日,五層,,持分移轉
RPPNMLPKKIKGFAU66DA,,76.11,集合住宅,鋼筋混凝土造,114年9月2日,五層,二層 陽台,全筆移轉
RPPNMLPKKIKGFAU66DA,,30.66,共有部份,鋼筋混凝土造,114年9月2日,五層,,持分移轉
RPPNMLPKKIKGFAU66DA,,13.74,共有部分（停車空間）,鋼筋混凝土造,114年9月2日,五層,,持分移轉
RPRPMLMJKIKGFAU66DA,,41.52,集合住宅,鋼筋混凝土造,114年9月2日,五層,三層 陽台,全筆移轉
RPRPMLMJKIKGFAU66DA,,16.46,共有部份,鋼筋混凝土造,114年9月2日,五層,,持分移轉
RPWNMLNJKIKGFAU07DA,,36.16,集合住宅,鋼筋混凝土造,114年9月2日,五層,四層 陽台,全筆移轉
RPRPMLMJKIKGFAU66DA,,13.76,共有部分（停車空間）,鋼筋混凝土造,114年9月2日,五層,,持分移轉
RPWNMLNJKIKGFAU07DA,,14.75,共有部份,鋼筋混凝土造,114年9月2日,五層,,持分移轉
RPQOMLNJKIKGFAU56DA,,36.38,集合住宅,鋼筋混凝土造,114年9月2日,五層,四層 陽台,全筆移轉
RPQOMLNJKIKGFAU56DA,,14.73,共有部份,鋼筋混凝土造,114年9月2日,五層,,持分移轉
RPPOMLNJLHLGFAU56DA,,36.16,集合住宅,鋼筋混凝土造,114年9月2日,五層,五層 陽台,全筆移轉
RPPOMLNJLHLGFAU56DA,,14.75,共有部份,鋼筋混凝土造,114年9月2日,五層,,持分移轉
RPOOMLNJKIKGFAU98DA,,36.25,集合住宅,鋼筋混凝土造,114年9月2日,五層,四層 陽台,全筆移轉
RPOOMLNJKIKGFAU98DA,,14.79,共有部份,鋼筋混凝土造,114年9月2日,五層,,持分移轉
RPRNMLSJKIKGFAU07DA,,36.92,集合住宅,鋼筋混凝土造,114年9月2日,五層,三層 陽台,全筆移轉
RPRNMLSJKIKGFAU07DA,,14.78,共有部份,鋼筋混凝土造,114年9月2日,五層,,持分移轉
RPVNMLMKKIKGFAU96DA,,36.60,集合住宅,鋼筋混凝土造,114年9月2日,五層,四層 陽台,全筆移轉
RPVNMLMKKIKGFAU96DA,,14.73,共有部份,鋼筋混凝土造,114年9月2日,五層,,持分移轉
RPVNMLPKKIKGFAU27DA,,36.48,集合住宅,鋼筋混凝土造,114年9月2日,五層,四層 陽台,全筆移轉
RPVNMLPKKIKGFAU27DA,,14.78,共有部份,鋼筋混凝土造,114年9月2日,五層,,持分移轉
RPPOMLRJJHLGFAU76DA,,214.14,住宅,鋼筋混凝土造,114年11月24日,三層,一層 二層 三層 陽台 屋頂突出物,全筆移轉
RPTNMLLMKIKGFAU86DA,,36.08,集合住宅,鋼筋混凝土造,114年9月2日,五層,三層 陽台,全筆移轉
RPTNMLLMKIKGFAU86DA,,14.72,共有部份,鋼筋混凝土造,114年9月2日,五層,,持分移轉
RPTNMLLMKIKGFAU86DA,,13.76,共有部分（停車空間）,鋼筋混凝土造,114年9月2日,五層,,持分移轉
RPOOMLLLJHLGFAU88DA,,41.52,集合住宅,鋼筋混凝土造,114年9月2日,五層,二層 陽台,全筆移轉
RPOOMLLLJHLGFAU88DA,,16.46,共有部份,鋼筋混凝土造,114年9月2日,五層,,持分移轉
RPTNMLSJJHLGFAU17DA,,189.34,住宅,鋼筋混凝土造,114年11月24日,三層,一層 二層 三層 陽台 屋頂突出物,全筆移轉
RPQNMLMLJHLGFAU09DA,,36.48,集合住宅,鋼筋混凝土造,114年9月2日,五層,二層 陽台,全筆移轉
RPQNMLMLJHLGFAU09DA,,14.73,共有部份,鋼筋混凝土造,114年9月2日,五層,,持分移轉
RPPNMLMJJHLGFAU78DA,,36.48,集合住宅,鋼筋混凝土造,114年9月2日,五層,四層 陽台,全筆移轉
RPPNMLMJJHLGFAU78DA,,14.73,共有部份,鋼筋混凝土造,114年9月2日,五層,,持分移轉
RPPNMLMJJHLGFAU78DA,,13.76,共有部分（停車空間）,鋼筋混凝土造,114年9月2日,五層,,持分移轉
RPVNMLQKJHLGFAU27DA,,36.29,集合住宅,鋼筋混凝土造,114年9月2日,五層,三層 陽台,全筆移轉
RPVNMLQKJHLGFAU27DA,,14.68,共有部份,鋼筋混凝土造,114年9月2日,五層,,持分移轉
RPSNMLSLJHLGFAU27DA,,56.84,集合住宅,鋼筋混凝土造,114年12月2日,五層,一層,全筆移轉
RPSNMLSLJHLGFAU27DA,,13.88,共有部份,鋼筋混凝土造,114年12月2日,五層,,持分移轉
RPPNMLRLKHLGFAU96DA,,28.26,集合住宅,鋼筋混凝土造,114年11月14日,五層,二層 陽台,全筆移轉
RPPNMLRLKHLGFAU96DA,,15.02,共有部份,鋼筋混凝土造,114年11月14日,五層,,持分移轉
RPRNMLLMKIKGFAU66DA,,36.48,集合住宅,鋼筋混凝土造,114年9月2日,五層,三層 陽台,全筆移轉
RPRNMLLMKIKGFAU66DA,,14.73,共有部份,鋼筋混凝土造,114年9月2日,五層,,持分移轉
RPRNMLLMKIKGFAU66DA,,12.65,共有部分（停車空間）,鋼筋混凝土造,114年9月2日,五層,,持分移轉
RPPNMLMJLHLGFAU98DA,,27.73,集合住宅,鋼筋混凝土造,114年11月14日,五層,四層 陽台,全筆移轉
RPXNMLPKKIKGFAU47DA,,63.34,集合住宅,鋼筋混凝土造,114年6月30日,十層,四層 陽台,全筆移轉
RPXNMLPKKIKGFAU47DA,,.78,共有部分（管委會）,鋼筋混凝土造,114年6月30日,一層,,持分移轉
RPXNMLPKKIKGFAU47DA,,21.96,共有部份,鋼筋混凝土造,114年6月30日,十層,,持分移轉
RPPNMLMJLHLGFAU98DA,,14.57,共有部份,鋼筋混凝土造,114年11月14日,五層,,持分移轉
RPXNMLPKKIKGFAU47DA,,12.36,共有部分（停車空間、車道）,鋼筋混凝土造,114年6月30日,十層,,持分移轉
RPPOMLMJLHLGFAU09DA,,26.35,集合住宅,鋼筋混凝土造,114年11月14日,五層,三層 陽台,全筆移轉
RPPOMLMJLHLGFAU09DA,,13.82,共有部份,鋼筋混凝土造,114年11月14日,五層,,持分移轉
RPUOMLPJKHLGFAU17DA,,57.38,集合住宅,鋼筋混凝土造,114年12月2日,五層,四層 陽台,全筆移轉
RPUOMLPJKHLGFAU17DA,,14.33,共有部份,鋼筋混凝土造,114年12月2日,五層,,持分移轉
RPUNMLLJKHLGFAU66DA,,69.00,集合住宅,鋼筋混凝土造,114年11月21日,七層,二層 陽台,全筆移轉
RPVNMLPJKHLGFAU17DA,,57.22,集合住宅,鋼筋混凝土造,114年12月2日,五層,三層 陽台,全筆移轉
RPUNMLLJKHLGFAU66DA,,28.96,共有部份,鋼筋混凝土造,114年11月21日,七層,,持分移轉
RPVNMLPJKHLGFAU17DA,,13.78,共有部份,鋼筋混凝土造,114年12月2日,五層,,持分移轉
RPUNMLLJKHLGFAU66DA,,31.38,共有部分（防空避難室兼停車空間）,鋼筋混凝土造,114年11月21日,七層,,持分移轉
RPSNMLLJKHLGFAU09DA,,66.24,集合住宅,鋼筋混凝土造,114年11月21日,七層,二層 陽台,全筆移轉
RPSNMLLJKHLGFAU09DA,,27.82,共有部份,鋼筋混凝土造,114年11月21日,七層,,持分移轉
RPQNMLTLKIKGFAU27DA,,193.65,住宅,鋼筋混凝土造,114年10月7日,四層,一層 二層 三層 四層 陽台,全筆移轉
RPROMLNLKHLGFAU86DA,,56.40,集合住宅,鋼筋混凝土造,114年12月2日,五層,四層 陽台,全筆移轉
RPROMLNLKHLGFAU86DA,,14.97,共有部份,鋼筋混凝土造,114年12月2日,五層,,持分移轉
RPXOMLPKKIKGFAU57DA,,57.92,集合住宅,鋼筋混凝土造,114年6月30日,十層,一層,全筆移轉
RPXOMLPKKIKGFAU57DA,,.70,共有部分（管委會）,鋼筋混凝土造,114年6月30日,一層,,持分移轉
RPXOMLPKKIKGFAU57DA,,19.79,共有部份,鋼筋混凝土造,114年6月30日,十層,,持分移轉
RPXOMLPKKIKGFAU57DA,,38.96,共有部分（停車空間、車道）,鋼筋混凝土造,114年6月30日,十層,,持分移轉
RPXOMLPKKIKGFAU57DA,,13.75,共有部分（停車空間）,鋼筋混凝土造,114年6月30日,十層,,持分移轉
RPROMLKLJHLGFAU09DA,,187.93,住宅,鋼筋混凝土造,114年10月7日,三層,一層 二層 三層 陽台 屋頂突出物,全筆移轉
RPQNMLSLJHLGFAU07DA,,61.05,集合住宅,鋼筋混凝土造,114年12月2日,五層,三層 陽台,全筆移轉
RPQNMLSLJHLGFAU07DA,,10.52,共有部份,鋼筋混凝土造,114年12月2日,五層,,持分移轉
RPUOMLNLKHLGFAU17DA,,48.72,集合住宅,鋼筋混凝土造,114年12月2日,五層,四層 陽台,全筆移轉
RPUOMLNLKHLGFAU17DA,,6.87,共有部份,鋼筋混凝土造,114年12月2日,五層,,持分移轉
RPPOMLRLJHLGFAU96DA,,185.81,住宅,鋼筋混凝土造,114年10月7日,三層,一層 二層 三層 陽台 屋頂突出物,全筆移轉
RPUNMLTJJHLGFAU37DA,,60.61,集合住宅,鋼筋混凝土造,114年11月21日,七層,二層 陽台,全筆移轉
RPUNMLTJJHLGFAU37DA,,25.48,共有部份,鋼筋混凝土造,114年11月21日,七層,,持分移轉
RPSNMLNKKHLGFAU76DA,,56.40,集合住宅,鋼筋混凝土造,114年12月2日,五層,三層 陽台,全筆移轉
RPSNMLNKKHLGFAU76DA,,14.97,共有部份,鋼筋混凝土造,114年12月2日,五層,,持分移轉
RPVNMLNLKHLGFAU17DA,,57.38,集合住宅,鋼筋混凝土造,114年12月2日,五層,四層 陽台,全筆移轉
RPVNMLNLKHLGFAU17DA,,13.83,共有部份,鋼筋混凝土造,114年12月2日,五層,,持分移轉
RPPOMLQJKHLGFAU76DA,,61.05,集合住宅,鋼筋混凝土造,114年12月2日,五層,五層 陽台,全筆移轉
RPPOMLPJKHLGFAU66DA,,56.40,集合住宅,鋼筋混凝土造,114年12月2日,五層,三層 陽台,全筆移轉
RPPOMLQJKHLGFAU76DA,,10.52,共有部份,鋼筋混凝土造,114年12月2日,五層,,持分移轉
RPRNMLQKKIKGFAU96DA,,78.13,集合住宅,鋼筋混凝土造,114年6月30日,十層,一層 陽台,全筆移轉
RPRNMLQKKIKGFAU96DA,,.96,共有部分（管委會）,鋼筋混凝土造,114年6月30日,一層,,持分移轉
RPRNMLQKKIKGFAU96DA,,26.94,共有部份,鋼筋混凝土造,114年6月30日,十層,,持分移轉
RPRNMLQKKIKGFAU96DA,,42.96,共有部分（停車空間、車道）,鋼筋混凝土造,114年6月30日,十層,,持分移轉
RPRNMLQKKIKGFAU96DA,,13.75,共有部分（停車空間）,鋼筋混凝土造,114年6月30日,十層,,持分移轉
RPPOMLPJKHLGFAU66DA,,14.47,共有部份,鋼筋混凝土造,114年12月2日,五層,,持分移轉
RPWNMLMKKHLGFAU07DA,,61.05,集合住宅,鋼筋混凝土造,114年12月2日,五層,四層 陽台,全筆移轉
RPWNMLMKKHLGFAU07DA,,10.52,共有部份,鋼筋混凝土造,114年12月2日,五層,,持分移轉
RPPOMLQLJHLGFAU86DA,,57.22,集合住宅,鋼筋混凝土造,114年12月2日,五層,五層 陽台,全筆移轉
RPPOMLQLJHLGFAU86DA,,14.28,共有部份,鋼筋混凝土造,114年12月2日,五層,,持分移轉
RPQOMLRLJHLGFAU07DA,,57.22,集合住宅,鋼筋混凝土造,114年12月2日,五層,五層 陽台,全筆移轉
RPQOMLRLJHLGFAU07DA,,13.78,共有部份,鋼筋混凝土造,114年12月2日,五層,,持分移轉
RPROMLQLJHLGFAU07DA,,56.68,集合住宅,鋼筋混凝土造,114年12月2日,五層,四層 陽台,全筆移轉
RPROMLQLJHLGFAU07DA,,15.07,共有部份,鋼筋混凝土造,114年12月2日,五層,,持分移轉
RPXOMLSLJHLGFAU87DA,,67.92,集合住宅,鋼筋混凝土造,114年11月21日,七層,四層 陽台,全筆移轉
RPXOMLSLJHLGFAU87DA,,28.49,共有部份,鋼筋混凝土造,114年11月21日,七層,,持分移轉
RPXOMLSLJHLGFAU87DA,,31.38,共有部分（防空避難室兼停車空間）,鋼筋混凝土造,114年11月21日,七層,,持分移轉
RPUOMLQJKHLGFAU27DA,,32.80,集合住宅,鋼筋混凝土造,114年7月4日,七層,五層 陽台,全筆移轉
RPUOMLQJKHLGFAU27DA,,17.39,共有部份,鋼筋混凝土造,114年7月4日,七層,,持分移轉
RPUNMLPJKHLGFAU07DA,,46.30,集合住宅,鋼筋混凝土造,114年12月2日,五層,一層,全筆移轉
RPUNMLPJKHLGFAU07DA,,12.15,共有部份,鋼筋混凝土造,114年12月2日,五層,,持分移轉
RPOOMLQJKHLGFAU66DA,,56.84,集合住宅,鋼筋混凝土造,114年12月2日,五層,一層,全筆移轉
RPOOMLQJKHLGFAU66DA,,14.38,共有部份,鋼筋混凝土造,114年12月2日,五層,,持分移轉
RPROMLPJKHLGFAU86DA,,56.40,集合住宅,鋼筋混凝土造,114年12月2日,五層,二層 陽台,全筆移轉
RPROMLPJKHLGFAU86DA,,14.47,共有部份,鋼筋混凝土造,114年12月2日,五層,,持分移轉
RPSOMLPJKHLGFAU96DA,,56.83,集合住宅,鋼筋混凝土造,114年12月2日,五層,一層,全筆移轉
RPSOMLPJKHLGFAU96DA,,13.93,共有部份,鋼筋混凝土造,114年12月2日,五層,,持分移轉
RPTOMLQLJHLGFAU27DA,,56.40,集合住宅,鋼筋混凝土造,114年12月2日,五層,五層 陽台,全筆移轉
RPTOMLRLJHLGFAU37DA,,57.39,集合住宅,鋼筋混凝土造,114年12月2日,五層,三層 陽台,全筆移轉
RPTOMLQLJHLGFAU27DA,,14.97,共有部份,鋼筋混凝土造,114年12月2日,五層,,持分移轉
RPTOMLRLJHLGFAU37DA,,13.73,共有部份,鋼筋混凝土造,114年12月2日,五層,,持分移轉
RPOOMLSLJHLGFAU96DA,,61.05,集合住宅,鋼筋混凝土造,114年12月2日,五層,三層 陽台,全筆移轉
RPOOMLSLJHLGFAU96DA,,10.03,共有部份,鋼筋混凝土造,114年12月2日,五層,,持分移轉
RPRNMLKMKIKGFAU56DA,,63.34,集合住宅,鋼筋混凝土造,114年6月30日,十層,九層 陽台,全筆移轉
RPRNMLKMKIKGFAU56DA,,.78,共有部分（管委會）,鋼筋混凝土造,114年6月30日,一層,,持分移轉
RPRNMLKMKIKGFAU56DA,,21.96,共有部份,鋼筋混凝土造,114年6月30日,十層,,持分移轉
RPRNMLKMKIKGFAU56DA,,12.36,共有部分（停車空間、車道）,鋼筋混凝土造,114年6月30日,十層,,持分移轉
RPUNMLQJKHLGFAU17DA,,57.38,集合住宅,鋼筋混凝土造,114年12月2日,五層,三層 陽台,全筆移轉
RPUNMLQJKHLGFAU17DA,,14.28,共有部份,鋼筋混凝土造,114年12月2日,五層,,持分移轉
RPQOMLQJKHLGFAU86DA,,61.05,集合住宅,鋼筋混凝土造,114年12月2日,五層,五層 陽台,全筆移轉
RPQOMLQJKHLGFAU86DA,,10.03,共有部份,鋼筋混凝土造,114年12月2日,五層,,持分移轉
RPVNMLNKJHLGFAU96DA,,182.84,住宅,鋼筋混凝土造,114年10月7日,三層,一層 二層 三層 陽台 屋頂突出物,全筆移轉
RPPNMLOLKHLGFAU66DA,,57.38,集合住宅,鋼筋混凝土造,114年12月2日,五層,五層 陽台,全筆移轉
RPVNMLMKKHLGFAU96DA,,57.39,集合住宅,鋼筋混凝土造,114年12月2日,五層,四層 陽台,全筆移轉
RPPNMLOLKHLGFAU66DA,,14.33,共有部份,鋼筋混凝土造,114年12月2日,五層,,持分移轉
RPVOMLNLJHLGFAU17DA,,182.84,住宅,鋼筋混凝土造,114年10月7日,三層,一層 二層 三層 陽台 屋頂突出物,全筆移轉
RPVNMLMKKHLGFAU96DA,,13.73,共有部份,鋼筋混凝土造,114年12月2日,五層,,持分移轉
RPSOMLQJKHLGFAU07DA,,187.93,住宅,鋼筋混凝土造,114年10月7日,三層,一層 二層 三層 陽台 屋頂突出物,全筆移轉
RPPNMLKMJHLGFAU88DA,,182.84,住宅,鋼筋混凝土造,114年10月7日,三層,一層 二層 三層 陽台 屋頂突出物,全筆移轉
RPRNMLTKJHLGFAU17DA,,185.07,住宅,鋼筋混凝土造,114年10月7日,三層,一層 二層 三層 陽台 屋頂突出物,全筆移轉
RPPNMLQJKHLGFAU66DA,,58.88,集合住宅,鋼筋混凝土造,114年11月21日,七層,三層 陽台,全筆移轉
RPSOMLKLJHLGFAU56DA,,185.30,住宅,鋼筋混凝土造,114年10月7日,三層,一層 二層 三層 陽台 屋頂突出物,全筆移轉
RPPNMLQJKHLGFAU66DA,,24.66,共有部份,鋼筋混凝土造,114年11月21日,七層,,持分移轉
RPPOMLKMJHLGFAU98DA,,106.82,集合住宅,鋼筋混凝土造,114年12月4日,七層,三層 陽台,全筆移轉
RPPOMLKMJHLGFAU98DA,,55.09,共有部份,鋼筋混凝土造,114年12月4日,七層,,持分移轉
RPPOMLKMJHLGFAU98DA,,14.69,共有部分（停車空間）,鋼筋混凝土造,114年12月4日,七層,,持分移轉
RPVNMLKMJHLGFAU86DA,,106.84,集合住宅,鋼筋混凝土造,114年12月4日,七層,三層 陽台,全筆移轉
RPVNMLKMJHLGFAU86DA,,55.09,共有部份,鋼筋混凝土造,114年12月4日,七層,,持分移轉
RPVNMLKMJHLGFAU86DA,,14.69,共有部分（停車空間）,鋼筋混凝土造,114年12月4日,七層,,持分移轉
RPRNMLMJLHLGFAU56DA,,106.84,集合住宅,鋼筋混凝土造,114年12月4日,七層,四層 陽台,全筆移轉
RPRNMLMJLHLGFAU56DA,,55.09,共有部份,鋼筋混凝土造,114年12月4日,七層,,持分移轉
RPRNMLMJLHLGFAU56DA,,14.69,共有部分（停車空間）,鋼筋混凝土造,114年12月4日,七層,,持分移轉
RPQNMLQLJHLGFAU86DA,,60.83,集合住宅,鋼筋混凝土造,114年6月30日,十層,九層 陽台,全筆移轉
RPQNMLQLJHLGFAU86DA,,.75,共有部分（管委會）,鋼筋混凝土造,114年6月30日,一層,,持分移轉
RPQNMLQLJHLGFAU86DA,,21.17,共有部份,鋼筋混凝土造,114年6月30日,十層,,持分移轉
RPROMLPKKIKGFAU96DA,,80.56,集合住宅,鋼筋混凝土造,114年6月30日,十層,一層 陽台,全筆移轉
RPQNMLQLJHLGFAU86DA,,11.92,共有部分（停車空間、車道）,鋼筋混凝土造,114年6月30日,十層,,持分移轉
RPROMLPKKIKGFAU96DA,,1.00,共有部分（管委會）,鋼筋混凝土造,114年6月30日,一層,,持分移轉
RPROMLPKKIKGFAU96DA,,28.18,共有部份,鋼筋混凝土造,114年6月30日,十層,,持分移轉
RPROMLPKKIKGFAU96DA,,43.68,共有部分（停車空間、車道）,鋼筋混凝土造,114年6月30日,十層,,持分移轉
RPROMLPKKIKGFAU96DA,,13.75,共有部分（停車空間）,鋼筋混凝土造,114年6月30日,十層,,持分移轉
RPQNMLOJKHLGFCU76DA,,69.69,集合住宅,鋼筋混凝土造,114年12月3日,七層,四層 陽台,全筆移轉
RPQNMLOJKHLGFCU76DA,,23.98,共有部份,鋼筋混凝土造,114年12月3日,七層,,持分移轉
RPPNMLOJLHLGFCU76DA,,101.55,集合住宅,鋼筋混凝土造,114年12月3日,七層,四層 陽台,全筆移轉
RPPNMLOJLHLGFCU76DA,,35.05,共有部份,鋼筋混凝土造,114年12月3日,七層,,持分移轉
RPPNMLOJLHLGFCU76DA,,12.96,共有部份,鋼筋混凝土造,114年12月3日,七層,,持分移轉
RPSNMLMJLHLGFAU66DA,,106.82,集合住宅,鋼筋混凝土造,114年12月4日,七層,六層 陽台,全筆移轉
RPSNMLMJLHLGFAU66DA,,55.09,共有部份,鋼筋混凝土造,114年12月4日,七層,,持分移轉
RPSNMLMJLHLGFAU66DA,,14.69,共有部分（停車空間）,鋼筋混凝土造,114年12月4日,七層,,持分移轉
RPSOMLMKJHLGFAU66DA,,190.77,住宅,鋼筋混凝土造,114年10月7日,三層,一層 二層 三層 陽台 屋頂突出物,全筆移轉
RPTNMLKMJHLGFAU66DA,,106.84,集合住宅,鋼筋混凝土造,114年12月4日,七層,二層 陽台,全筆移轉
RPOPMLPKKIKGFAU76DA,,107.47,集合住宅,鋼筋混凝土造,114年6月30日,十層,五層 陽台,全筆移轉
RPTNMLKMJHLGFAU66DA,,55.09,共有部份,鋼筋混凝土造,114年12月4日,七層,,持分移轉
RPOPMLPKKIKGFAU76DA,,1.32,共有部分（管委會）,鋼筋混凝土造,114年6月30日,一層,,持分移轉
RPOPMLPKKIKGFAU76DA,,37.21,共有部份,鋼筋混凝土造,114年6月30日,十層,,持分移轉
RPTNMLKMJHLGFAU66DA,,14.69,共有部分（停車空間）,鋼筋混凝土造,114年12月4日,七層,,持分移轉
RPOPMLPKKIKGFAU76DA,,20.95,共有部分（停車空間、車道）,鋼筋混凝土造,114年6月30日,十層,,持分移轉
RPQOMLSLJHLGFAU17DA,,188.74,住宅,鋼筋混凝土造,114年10月7日,三層,一層 二層 三層 陽台 屋頂突出物,全筆移轉
RPSNMLOJKHLGFCU96DA,,101.55,集合住宅,鋼筋混凝土造,114年12月3日,七層,二層 陽台,全筆移轉
RPSNMLOJKHLGFCU96DA,,35.01,共有部份,鋼筋混凝土造,114年12月3日,七層,,持分移轉
RPSNMLOJKHLGFCU96DA,,13.79,共有部份,鋼筋混凝土造,114年12月3日,七層,,持分移轉
RPVNMLSLJHLGFAU57DA,,187.93,住宅,鋼筋混凝土造,114年10月7日,三層,一層 二層 三層 陽台 屋頂突出物,全筆移轉
RPWNMLOKJHLGFAU17DA,,187.93,住宅,鋼筋混凝土造,114年10月7日,三層,一層 二層 三層 陽台 屋頂突出物,全筆移轉
RPPNMLKMKIKGFAU98DA,,105.00,集合住宅,鋼筋混凝土造,114年6月30日,十層,二層 陽台,全筆移轉
RPPNMLKMKIKGFAU98DA,,1.29,共有部分（管委會）,鋼筋混凝土造,114年6月30日,一層,,持分移轉
RPPNMLKMKIKGFAU98DA,,36.28,共有部份,鋼筋混凝土造,114年6月30日,十層,,持分移轉
RPPNMLKMKIKGFAU98DA,,20.42,共有部分（停車空間、車道）,鋼筋混凝土造,114年6月30日,十層,,持分移轉
RPRPMLPKKIKGFAU07DA,,108.59,集合住宅,鋼筋混凝土造,114年6月30日,十層,六層 陽台,全筆移轉
RPRPMLPKKIKGFAU07DA,,1.34,共有部分（管委會）,鋼筋混凝土造,114年6月30日,一層,,持分移轉
RPUOMLKMJHLGFAU86DA,,106.82,集合住宅,鋼筋混凝土造,114年12月4日,七層,五層 陽台,全筆移轉
RPUOMLKMJHLGFAU86DA,,55.09,共有部份,鋼筋混凝土造,114年12月4日,七層,,持分移轉
RPRPMLPKKIKGFAU07DA,,37.77,共有部份,鋼筋混凝土造,114年6月30日,十層,,持分移轉
RPUOMLKMJHLGFAU86DA,,108.82,共有部分（停車空間）,鋼筋混凝土造,114年12月4日,七層,,持分移轉
RPVOMLKMJHLGFAU96DA,,106.84,集合住宅,鋼筋混凝土造,114年12月4日,七層,七層 陽台,全筆移轉
RPRPMLPKKIKGFAU07DA,,21.27,共有部分（停車空間、車道）,鋼筋混凝土造,114年6月30日,十層,,持分移轉
RPVOMLKMJHLGFAU96DA,,55.09,共有部份,鋼筋混凝土造,114年12月4日,七層,,持分移轉
RPVOMLKMJHLGFAU96DA,,46.07,共有部分（停車空間）,鋼筋混凝土造,114年12月4日,七層,,持分移轉
RPQNMLKMKIKGFAU09DA,,108.59,集合住宅,鋼筋混凝土造,114年6月30日,十層,五層 陽台,全筆移轉
RPQNMLKMKIKGFAU09DA,,1.34,共有部分（管委會）,鋼筋混凝土造,114年6月30日,一層,,持分移轉
RPQNMLKMKIKGFAU09DA,,37.77,共有部份,鋼筋混凝土造,114年6月30日,十層,,持分移轉
RPQNMLKMKIKGFAU09DA,,21.27,共有部分（停車空間、車道）,鋼筋混凝土造,114年6月30日,十層,,持分移轉
RPTOMLPKKIKGFAU17DA,,195.86,集合住宅,鋼筋混凝土造,114年6月30日,四層,一層 二層 三層 四層 陽台,全筆移轉
RPQOMLMKKIKGFAU56DA,,45.79,集合住宅,鋼筋混凝土造,114年6月30日,十層,六層 陽台,全筆移轉
RPQOMLMKKIKGFAU56DA,,.57,共有部分（管委會）,鋼筋混凝土造,114年6月30日,一層,,持分移轉
RPQOMLMKKIKGFAU56DA,,16.04,共有部份,鋼筋混凝土造,114年6月30日,十層,,持分移轉
RPQOMLMKKIKGFAU56DA,,9.04,共有部分（停車空間、車道）,鋼筋混凝土造,114年6月30日,十層,,持分移轉
RPROMLMKKIKGFAU66DA,,63.34,集合住宅,鋼筋混凝土造,114年6月30日,十層,七層 陽台,全筆移轉
RPROMLMKKIKGFAU66DA,,.78,共有部分（管委會）,鋼筋混凝土造,114年6月30日,一層,,持分移轉
RPROMLMKKIKGFAU66DA,,21.96,共有部份,鋼筋混凝土造,114年6月30日,十層,,持分移轉
RPROMLMKKIKGFAU66DA,,40.16,共有部分（停車空間、車道）,鋼筋混凝土造,114年6月30日,十層,,持分移轉
RPROMLMKKIKGFAU66DA,,13.75,共有部分（停車空間）,鋼筋混凝土造,114年6月30日,十層,,持分移轉
RPXNMLKMKIKGFAU17DA,,195.86,集合住宅,鋼筋混凝土造,114年6月30日,四層,一層 二層 三層 四層 陽台,全筆移轉
RPSOMLPKKIKGFAU07DA,,78.13,集合住宅,鋼筋混凝土造,114年6月30日,十層,五層 陽台,全筆移轉
RPSOMLPKKIKGFAU07DA,,.96,共有部分（管委會）,鋼筋混凝土造,114年6月30日,一層,,持分移轉
RPSOMLPKKIKGFAU07DA,,26.94,共有部份,鋼筋混凝土造,114年6月30日,十層,,持分移轉
RPSOMLPKKIKGFAU07DA,,42.96,共有部分（停車空間、車道）,鋼筋混凝土造,114年6月30日,十層,,持分移轉
RPSOMLPKKIKGFAU07DA,,13.75,共有部分（停車空間）,鋼筋混凝土造,114年6月30日,十層,,持分移轉
RPQNMLQKKIKGFAU86DA,,63.34,集合住宅,鋼筋混凝土造,114年6月30日,十層,六層 陽台,全筆移轉
RPQNMLQKKIKGFAU86DA,,.78,共有部分（管委會）,鋼筋混凝土造,114年6月30日,一層,,持分移轉
RPQNMLQKKIKGFAU86DA,,21.96,共有部份,鋼筋混凝土造,114年6月30日,十層,,持分移轉
RPQNMLQKKIKGFAU86DA,,12.36,共有部分（停車空間、車道）,鋼筋混凝土造,114年6月30日,十層,,持分移轉
RPRNMLRLJHLGFAU07DA,,108.59,集合住宅,鋼筋混凝土造,114年6月30日,十層,七層 陽台,全筆移轉
RPRNMLRLJHLGFAU07DA,,1.34,共有部分（管委會）,鋼筋混凝土造,114年6月30日,一層,,持分移轉
RPRNMLRLJHLGFAU07DA,,37.77,共有部份,鋼筋混凝土造,114年6月30日,十層,,持分移轉
RPRNMLRLJHLGFAU07DA,,49.07,共有部分（停車空間、車道）,鋼筋混凝土造,114年6月30日,十層,,持分移轉
RPRNMLRLJHLGFAU07DA,,13.75,共有部分（停車空間）,鋼筋混凝土造,114年6月30日,十層,,持分移轉
