編號,土地位置,土地移轉面積平方公尺,使用分區或編定,權利人持分分母,權利人持分分子,移轉情形,地號
The serial number, land position,land shifting area square meter,the use zoning or compiles and checks,,,,land parcel
RPPNMLOLKHLGFCU86DA,高寮段,1464.93,非都市：山坡地保育區 ; 非都市編定：農牧用地,1,1,全筆移轉,01660000
RPPNMLOLKHLGFCU86DA,高寮南段,2977.72,非都市：山坡地保育區 ; 非都市編定：農牧用地,1,1,全筆移轉,02400000
RPUNMLLKKHLGFAU76DA,慶豐段,195.00,都市：農,1,1,全筆移轉,11820004
RPPNMLOJKHLGFCU66DA,古風段,2510.00,非都市：山坡地保育區 ; 非都市編定：林業用地,1,1,全筆移轉,11850000
RPPNMLOJKHLGFCU66DA,古風段,4550.00,非都市：山坡地保育區 ; 非都市編定：林業用地,1,1,全筆移轉,15980000
RPPNMLOJKHLGFCU66DA,古風段,1760.00,非都市：山坡地保育區 ; 非都市編定：林業用地,1,1,全筆移轉,18530000
RPPNMLOJKHLGFCU66DA,古風段,4980.00,非都市：山坡地保育區 ; 非都市編定：林業用地,1,1,全筆移轉,18600000
RPPNMLOJKHLGFCU66DA,古風段,7180.00,非都市：山坡地保育區 ; 非都市編定：林業用地,1,1,全筆移轉,18630000
RPPNMLPJLHLGFCU96EA,德武段,20.23,非都市：鄉村區 ; 非都市編定：乙種建築用地,1,1,全筆移轉,11940002
RPTNMLNJKHLGFCU96DA,古風段,15700.00,非都市：山坡地保育區 ; 非都市編定：林業用地,1,1,全筆移轉,12130000
RPPNMLNKKHLGFAU09DA,下崇德段,186.05,都市：農,100,4,持分移轉,05980000
RPUOMLPLKHLGFAU37DA,慈勝段,74.65,都市：住,4,1,持分移轉,02820000
RPPNMLTJLHLGFAU17EA,大禮段,8040.00,非都市：國家公園區 ; 非都市編定：,1,1,全筆移轉,01980000
RPPNMLOLKHLGFBU86EA,東富段,87.07,非都市：鄉村區 ; 非都市編定：乙種建築用地,1,1,全筆移轉,13250001
RPRNMLOLKHLGFAU86DA,慈勝段,103.16,都市：住,1,1,全筆移轉,05020000
RPVNMLKKKHLGFCU96DA,竹田段,1184.85,非都市：特定農業區 ; 非都市編定：農牧用地,4,1,持分移轉,04710000
RPPNMLPJLHLGFCU86DA,溪埔段,5690.88,非都市：特定農業區 ; 非都市編定：農牧用地,1,1,全筆移轉,04430000
RPXPMLPJLHLGFAU67DA,福祥段,17.00,都市：其他:道路用地,1,1,全筆移轉,10760000
RPXPMLPJLHLGFAU67DA,福祥段,48.00,都市：其他:道路用地,1,1,全筆移轉,10800000
RPTNMLOLKHLGFAU07DA,宜安段,167.43,都市：其他:兒童遊樂場用地,7,2,持分移轉,01760000
RPPNMLMJLHLGFCU66EA,源北段,1884.92,非都市：特定農業區 ; 非都市編定：農牧用地,1,1,全筆移轉,10600000
RPPNMLMJLHLGFCU66EA,源北段,1373.34,非都市：特定農業區 ; 非都市編定：農牧用地,1,1,全筆移轉,10610000
RPPNMLMJLHLGFCU66EA,源北段,568.96,非都市：特定農業區 ; 非都市編定：農牧用地,1,1,全筆移轉,10620000
RPPNMLRLKHLGFBU07DA,新白陽段,2562.29,非都市：山坡地保育區 ; 非都市編定：農牧用地,1,1,全筆移轉,12890000
RPWNMLPLKHLGFAU47DA,德姆南段,1128.21,都市：其他:保護區,1,1,全筆移轉,10060002
RPUNMLMKKHLGFAU86DA,玻士岸段,2026.48,都市：農,1,1,全筆移轉,15450000
RPSNMLKKKHLGFCU66DA,源城段,213.00,非都市：特定農業區 ; 非都市編定：特定目的事業用地,1,1,全筆移轉,00130001
RPSNMLKKKHLGFCU66DA,源城段,17.00,非都市：特定農業區 ; 非都市編定：特定目的事業用地,1,1,全筆移轉,00130002
RPVNMLKKKHLGFAU76DA,國風段,3.83,都市：住,10000,1008,持分移轉,18230000
RPVNMLKKKHLGFAU76DA,國風段,24.39,都市：住,10000,1008,持分移轉,18240000
RPTOMLPLKHLGFAU27DA,路內段,53.04,都市：住,100000,1024,持分移轉,03840000
RPTNMLKKKHLGFCU76DA,源城段,98.00,非都市：特定農業區 ; 非都市編定：特定目的事業用地,1,1,全筆移轉,03120001
RPVNMLLKKHLGFAU86DA,慶豐段,195.00,都市：農,1,1,全筆移轉,11820003
RPUNMLQLKHLGFAU37DA,吉興段,7.01,都市：住,100000,5497,持分移轉,02000000
RPPNMLPLKHLGFBU96EA,大安段,76.00,都市：其他:住宅區,1,1,全筆移轉,12230004
RPPNMLPLKHLGFBU96EA,大安段,22.00,都市：其他:住宅區,1,1,全筆移轉,12230008
RPUNMLQLKHLGFAU37DA,吉興段,7.23,都市：其他:住宅區,100000,5497,持分移轉,02010000
RPUNMLKKKHLGFCU86DA,源城段,191.00,非都市：特定農業區 ; 非都市編定：特定目的事業用地,1,1,全筆移轉,03240001
RPTNMLOJLHLGFAU96DA,吳全段,16.52,都市：農,10000,201,持分移轉,09900000
RPPNMLQJLHLGFCU96DA,瑞穗段,2673.00,非都市：特定農業區 ; 非都市編定：農牧用地,1,1,全筆移轉,23530001
RPRNMLPJJHLGFAU66DA,太昌段,59.00,都市：農,1,1,全筆移轉,15590007
RPQOMLMKJHLGFAU09DA,富國段,4.12,都市：住,10000,51,持分移轉,04810000
RPPNMLPJLHLGFAU66DA,宜寧段,70.00,都市：住,1,1,全筆移轉,07300000
RPVOMLPLKHLGFAU47DA,太昌段,73.00,都市：住,1,1,全筆移轉,05490000
RPUOMLRJJHLGFAU27DA,仁禮段,2379.00,都市：其他:河川區,1,1,全筆移轉,01520000
RPUOMLRJJHLGFAU27DA,仁禮段,1.00,都市：其他:道路用地,1,1,全筆移轉,01520001
RPUOMLRJJHLGFAU27DA,仁禮段,1.00,都市：其他:道路用地,1,1,全筆移轉,01530001
RPQNMLSJJHLGFBU96DA,鳳仁段,119.00,都市：其他:住宅區,1,1,全筆移轉,10210008
RPSNMLPKJHLGFAU86DA,嘉南段,65.00,都市：商,1,1,全筆移轉,03450000
RPTNMLPKJHLGFAU96DA,仁義段,5.00,都市：其他:道路用地,1,1,全筆移轉,06800005
RPXNMLKLJHLGFAU96DA,慶豐段,48.00,都市：商,2,1,持分移轉,21460002
RPPNMLOKJHLGFCU76EA,鱉溪段,89.11,非都市：山坡地保育區 ; 非都市編定：農牧用地,1,1,全筆移轉,02130000
RPWOMLOKJHLGFAU27DA,上崇德段,298.00,都市：住,1,1,全筆移轉,05390000
RPXNMLPKJHLGFAU37DA,自強段,5.63,都市：住,10000,34,持分移轉,00140000
RPRNMLPKJHLGFAU76DA,主權段,30.00,都市：住,1710,300,持分移轉,03060000
RPQOMLKLJHLGFAU98DA,林森段,67.00,都市：商,1,1,全筆移轉,35580000
RPROMLMLJHLGFAU66DA,光輝段,433.13,非都市：一般農業區 ; 非都市編定：農牧用地,1,1,全筆移轉,04730000
RPPOMLMLJHLGFAU09DA,宜昌段,12.00,都市：其他:道路用地,1,1,全筆移轉,01880000
RPVNMLQLKHLGFAU47DA,布拉旦段,340.51,非都市：鄉村區 ; 非都市編定：乙種建築用地,1,1,全筆移轉,01340000
RPVNMLQLKHLGFAU47DA,布拉旦段,310.73,非都市：山坡地保育區 ; 非都市編定：農牧用地,1,1,全筆移轉,01350000
RPRNMLTJJHLGFAU07DA,廣賢段,54.28,非都市：鄉村區 ; 非都市編定：乙種建築用地,10000,23,持分移轉,01530000
RPPOMLNLJHLGFAU56DA,林森段,28.70,都市：住,10,7,持分移轉,25850000
RPTOMLKLJHLGFAU66DA,宜安段,15.88,都市：商,10000,259,持分移轉,06780000
RPPOMLNLJHLGFAU56DA,林森段,14.00,都市：商,10,7,持分移轉,25850001
RPPNMLLLJHLGFAU98EA,豐東段,136.15,非都市：鄉村區 ; 非都市編定：乙種建築用地,2,1,持分移轉,10840002
RPPOMLKLJHLGFAU88DA,慶豐段,135.00,都市：農,1,1,全筆移轉,03340027
RPPOMLKLJHLGFAU88DA,慶豐段,18.00,都市：農,1,1,全筆移轉,03540016
RPQNMLMLJHLGFBU66EA,大興段,262.81,非都市：一般農業區 ; 非都市編定：農牧用地,100000,8842,持分移轉,06830001
RPTOMLRJJHLGFAU17DA,嘉平段,23.85,都市：住,100000,6535,持分移轉,15140000
RPWOMLKLJHLGFAU96DA,大禮段,20000.00,非都市：國家公園區 ; 非都市編定：,1,1,全筆移轉,02090017
RPSOMLMLJHLGFAU76DA,稻香段,75.37,都市：住,750,95,持分移轉,01260000
RPPNMLMLJHLGFBU56EA,馬錫山段,392.53,非都市：山坡地保育區 ; 非都市編定：丙種建築用地,1,1,全筆移轉,00470000
RPWNMLNKJHLGFAU07DA,東華段,23.60,都市：住,1,1,全筆移轉,04050001
RPWNMLNKJHLGFAU07DA,東華段,11.17,都市：其他:道路用地,1,1,全筆移轉,04050002
RPVOMLQLJHLGFAU47DA,莊敬段,3.01,都市：住,10000,146,持分移轉,05340001
RPWNMLNKJHLGFAU07DA,東華段,156.66,都市：其他:道路用地,1,1,全筆移轉,04100000
RPWNMLNKJHLGFAU07DA,東華段,23.50,都市：住,1,1,全筆移轉,04100001
RPVOMLQLJHLGFAU47DA,莊敬段,1.75,都市：住,10000,146,持分移轉,05350012
RPVOMLQLJHLGFAU47DA,莊敬段,1.83,都市：住,10000,146,持分移轉,05350013
RPWNMLQLJHLGFAU47DA,富國段,4.77,都市：商,10000,93,持分移轉,02710001
RPUNMLRLJHLGFAU37DA,太昌段,60.00,都市：住,1,1,全筆移轉,12910000
RPQNMLTLJHLGFBU37EA,富豐段,1497.93,非都市：一般農業區 ; 非都市編定：農牧用地,1,1,全筆移轉,05580000
RPRNMLTLJHLGFAU27DA,國股段,579.59,都市：其他:廣場兼停車場用地,70,35,持分移轉,07070000
RPQNMLLLJHLGFAU98DA,福南段,1268.74,非都市：特定農業區 ; 非都市編定：農牧用地,1,1,全筆移轉,06520000
RPQNMLLLJHLGFAU98DA,福南段,598.22,非都市：特定農業區 ; 非都市編定：農牧用地,1,1,全筆移轉,06530000
RPWNMLLLJHLGFAU96DA,主權段,147.17,都市：其他:道路用地,200,145,持分移轉,08210001
RPPNMLMLJHLGFCU66EA,石平段,1170.00,非都市：山坡地保育區 ; 非都市編定：農牧用地,1,1,全筆移轉,03160000
RPWNMLLLJHLGFAU96DA,主權段,552.00,都市：商,1,1,全筆移轉,08220000
RPRNMLOLJHLGFCU96DA,民北段,1400.56,非都市：山坡地保育區 ; 非都市編定：農牧用地,1,1,全筆移轉,01150000
RPPNMLQLJHLGFAU76DA,興海段,71.46,都市：住,1,1,全筆移轉,05820000
RPPNMLRLJHLGFAU86DA,明月段,170.80,非都市：鄉村區 ; 非都市編定：乙種建築用地,1,1,全筆移轉,12060000
RPUNMLMLJHLGFAU86DA,南埔段,44.50,非都市：特定農業區 ; 非都市編定：甲種建築用地,2,1,持分移轉,29540022
RPQNMLQKJHLGFAU76DA,富國段,4.52,都市：住,10000,56,持分移轉,04810000
RPSNMLOKJHLGFCU96DA,瑞穗段,148.00,非都市：特定農業區 ; 非都市編定：甲種建築用地,1,1,全筆移轉,23360007
RPSPMLSLJHLGFAU47DA,民意段,23.76,都市：住,10000,440,持分移轉,05740000
RPRNMLKMJHLGFAU09DA,明義段,50.00,都市：其他:商業區,1,1,全筆移轉,11240000
RPUPMLSLJHLGFAU67DA,下崇德段,339.83,都市：住,1,1,全筆移轉,07090000
RPRNMLKMJHLGFAU09DA,明義段,2.00,都市：其他:商業區,1,1,全筆移轉,11240001
RPPNMLRLJHLGFBU07EA,新紅葉段,6344.54,非都市：山坡地保育區 ; 非都市編定：農牧用地,1,1,全筆移轉,09090000
RPPNMLRLJHLGFBU07EA,新紅葉段,827.15,非都市：山坡地保育區 ; 非都市編定：交通用地,1,1,全筆移轉,09100000
RPPNMLRLJHLGFBU07EA,新紅葉段,2377.51,非都市：山坡地保育區 ; 非都市編定：農牧用地,1,1,全筆移轉,09130000
RPPNMLSLJHLGFCU17DA,玉璞段,87.00,都市：其他:住宅區,1,1,全筆移轉,17830001
RPSNMLKMJHLGFCU86EA,大里段,2517.00,非都市：山坡地保育區 ; 非都市編定：農牧用地,1,1,全筆移轉,03380311
RPPNMLKMJHLGFCU09DA,興南段,3335.04,非都市：山坡地保育區 ; 非都市編定：農牧用地,24,23,持分移轉,00110000
RPPNMLKLJHLGFAU88EA,永新段,1508.46,非都市：特定農業區 ; 非都市編定：農牧用地,1,1,全筆移轉,00150000
RPPNMLKMJHLGFCU09DA,興南段,5078.48,非都市：一般農業區 ; 非都市編定：農牧用地,24,23,持分移轉,01150000
RPOOMLMJKHLGFAU88DA,富國段,113.00,都市：住,1,1,全筆移轉,01560001
RPQNMLKMJHLGFBU56EA,浴海段,335.24,都市：其他:農業區,1,1,全筆移轉,04070000
RPPNMLKMJHLGFCU56EA,新興段,241.82,非都市：特定農業區 ; 非都市編定：農牧用地,7,1,持分移轉,02480000
RPPNMLKMJHLGFCU56EA,新興段,232.08,非都市：特定農業區 ; 非都市編定：農牧用地,7,1,持分移轉,02490000
RPRNMLKMJHLGFCU76EA,神農段,3171.56,非都市：特定農業區 ; 非都市編定：農牧用地,1,1,全筆移轉,17440000
RPPNMLLJKHLGFCU98DA,新莊段,262.59,非都市：山坡地保育區 ; 非都市編定：農牧用地,1,1,全筆移轉,00980000
RPTNMLLJKHLGFAU56DA,莊敬段,12.77,都市：住,1000,43,持分移轉,04360000
RPXNMLKMJHLGFAU07DA,太昌段,82.67,都市：農,6,1,持分移轉,15960006
RPXNMLKMJHLGFAU07DA,太昌段,314.00,都市：農,1,1,全筆移轉,15960012
RPPNMLMLJHLGFAU98DA,富國段,9.45,都市：住,100,5,持分移轉,04000002
RPXNMLKMJHLGFAU07DA,太昌段,1.33,都市：其他:機關用地,6,1,持分移轉,15960013
RPXNMLKMJHLGFAU07DA,太昌段,8.67,都市：其他:機關用地,6,1,持分移轉,15960014
RPQNMLNJKHLGFCU66DA,新興段,53.13,非都市：特定農業區 ; 非都市編定：交通用地,1,1,全筆移轉,05420002
RPROMLKMJHLGFAU56DA,富國段,12.40,都市：商,100,4,持分移轉,00960004
RPPNMLNJKHLGFCU56DA,新興段,12.94,非都市：特定農業區 ; 非都市編定：交通用地,1,1,全筆移轉,04260001
RPQNMLKMJHLGFCU66EA,新興段,314.04,非都市：特定農業區 ; 非都市編定：農牧用地,7,1,持分移轉,02700000
SPQNMLNJKHLGFCU76DA,新興段,42.87,非都市：特定農業區 ; 非都市編定：交通用地,1,1,全筆移轉,05560002
RPPNMLMJKHLGFAU88DA,壽農段,35.66,非都市：特定農業區 ; 非都市編定：甲種建築用地,2,1,持分移轉,09770000
RPQNMLMJKHLGFCU56DA,瑞泉段,3555.26,非都市：特定農業區 ; 非都市編定：農牧用地,1,1,全筆移轉,06060001
RPRNMLNJKHLGFCU76DA,新興段,11.76,非都市：特定農業區 ; 非都市編定：交通用地,1,1,全筆移轉,06070001
RPSNMLNJKHLGFCU86DA,玉璞段,66.00,,1,1,全筆移轉,32510002
RPPNMLTLJHLGFAU07DA,慈惠段,28.85,都市：住,8,1,持分移轉,11770001
RPSNMLNJKHLGFCU86DA,玉璞段,39.00,,1,1,全筆移轉,32520002
RPPNMLTLJHLGFAU07DA,慈惠段,103.44,都市：住,4,1,持分移轉,11770008
RPPNMLNJKHLGFAU98DA,嘉新段,46.00,都市：農,1,1,全筆移轉,04070000
RPROMLMJKHLGFAU56DA,富國段,21.69,都市：住,26,1,持分移轉,04960000
RPWOMLOJKHLGFAU27DA,民勤段,10.28,都市：住,10000,194,持分移轉,00510001
RPQOMLMJKHLGFAU09DA,仁愛段,2884.86,非都市：特定農業區 ; 非都市編定：農牧用地,1,1,全筆移轉,03050000
RPROMLMJKHLGFAU56DA,富國段,13.76,都市：住,15800,1376,持分移轉,04960002
RPPOMLMJKHLGFAU98DA,自強段,45.82,都市：住,100000,303,持分移轉,01940000
RPOOMLKMJHLGFAU88DA,帛士林段,1004.15,非都市：一般農業區 ; 非都市編定：農牧用地,1,1,全筆移轉,08870000
RPQNMLNJKHLGFAU09DA,民孝段,38.85,都市：住,100000,494,持分移轉,00390000
RPUNMLNJKHLGFAU86DA,光中段,927.41,非都市：一般農業區 ; 非都市編定：農牧用地,1,1,全筆移轉,08450000
RPOPMLOJKHLGFAU56DA,太昌段,14.00,都市：住,580,14,持分移轉,13800023
RPOPMLOJKHLGFAU56DA,太昌段,84.00,都市：住,1,1,全筆移轉,13800036
RPTOMLOJKHLGFAU96DA,碧雲段,41.91,都市：住,10000,611,持分移轉,00260000
RPVOMLOJKHLGFAU17DA,永興段,28.77,非都市：特定農業區 ; 非都市編定：甲種建築用地,10000,191,持分移轉,04130000
RPWNMLKMJHLGFAU96DA,德姆南段,9833.14,非都市：山坡地保育區 ; 非都市編定：農牧用地,1,1,全筆移轉,05710000
RPQNMLMJKHLGFAU98DA,吳全段,8.88,都市：農,10000,108,持分移轉,09900000
RPPNMLMJKHLGFCU09DA,瑞強段,13.22,非都市：一般農業區 ; 非都市編定：農牧用地,274420,13223,持分移轉,03330007
RPPNMLMJKHLGFCU09DA,瑞強段,101.00,非都市：一般農業區 ; 非都市編定：甲種建築用地,1,1,全筆移轉,03450000
RPQPMLOJKHLGFAU76DA,光輝段,1173.90,非都市：一般農業區 ; 非都市編定：農牧用地,1,1,全筆移轉,10750000
RPQPMLOJKHLGFAU76DA,光輝段,294.43,非都市：一般農業區 ; 非都市編定：農牧用地,602350,294425,持分移轉,10760000
RPQPMLOJKHLGFAU76DA,慈惠段,7.02,都市：其他:住宅區,4,1,持分移轉,12240002
RPPNMLNJKHLGFBU56EA,砂荖段,321.97,非都市：特定農業區 ; 非都市編定：農牧用地,1,1,全筆移轉,00740000
RPQPMLOJKHLGFAU76DA,慈惠段,45.67,都市：其他:住宅區,4,1,持分移轉,12240003
RPPNMLNJKHLGFBU56EA,砂荖段,13.03,非都市：特定農業區 ; 非都市編定：農牧用地,1,1,全筆移轉,00740001
RPPNMLNJKHLGFBU56EA,砂荖段,677.58,非都市：特定農業區 ; 非都市編定：甲種建築用地,1,1,全筆移轉,00750000
RPPNMLNJKHLGFBU56EA,砂荖段,45.87,非都市：特定農業區 ; 非都市編定：甲種建築用地,1,1,全筆移轉,00750001
RPSNMLQJKHLGFAU96DA,民勤段,106.00,都市：住,3,2,持分移轉,02700000
RPQNMLPJKHLGFCU86DA,塔菲拉段,28.18,非都市：鄉村區 ; 非都市編定：乙種建築用地,4,1,持分移轉,02840000
RPVNMLNJKHLGFAU96DA,富國段,3.59,都市：商,20000,43,持分移轉,03090000
RPPNMLLKKHLGFAU88DA,慈安段,15.89,都市：住,1000,94,持分移轉,08860000
RPQNMLKKKHLGFCU09DA,玉昌段,34.60,都市：其他:住宅區,1000,79,持分移轉,15950000
RPPNMLMKKHLGFAU98DA,樹人段,74.00,都市：住,1,1,全筆移轉,04870000
RPPNMLMKKHLGFAU09EA,米棧段,21462.18,非都市：山坡地保育區 ; 非都市編定：農牧用地,100,90,持分移轉,06160000
RPTOMLQJKHLGFAU17DA,國股段,22.65,都市：住,1,1,全筆移轉,05540001
RPPNMLMKKHLGFAU09EA,米棧段,11825.51,非都市：山坡地保育區 ; 非都市編定：農牧用地,100,90,持分移轉,06190000
RPPNMLKKKHLGFAU78DA,永安段,90.99,非都市：鄉村區 ; 非都市編定：乙種建築用地,1,1,全筆移轉,12670000
RPPNMLMKKHLGFAU09EA,米棧段,10512.77,非都市：山坡地保育區 ; 非都市編定：農牧用地,100,90,持分移轉,06200000
RPPNMLMKKHLGFAU09EA,米棧段,1756.85,非都市：森林區 ; 非都市編定：農牧用地,100,90,持分移轉,06300000
RPPNMLMKKHLGFAU09EA,米棧段,27657.24,非都市：森林區 ; 非都市編定：農牧用地,100,90,持分移轉,06330000
RPPNMLMKKHLGFAU09EA,米棧段,44165.26,非都市：森林區 ; 非都市編定：農牧用地,100,90,持分移轉,06410000
RPRNMLNLJHLGFAU66DA,仁禮段,21.27,都市：商,200000,5352,持分移轉,00240000
RPWNMLRLJHLGFAU57DA,嘉南段,40.97,都市：住,100000,1401,持分移轉,01130000
RPSNMLLLJHLGFAU56DA,德安段,17.08,都市：住,100000,373,持分移轉,19020000
RPRNMLLKKHLGFAU09DA,帛士林段,920.00,非都市：山坡地保育區 ; 非都市編定：農牧用地,1,1,全筆移轉,04280000
RPRNMLLKKHLGFAU09DA,帛士林段,1970.00,非都市：山坡地保育區 ; 非都市編定：農牧用地,1,1,全筆移轉,04290000
RPPNMLTJKHLGFBU17EA,新紅葉段,8682.28,非都市：山坡地保育區 ; 非都市編定：農牧用地,1,1,全筆移轉,06480000
RPRNMLTJKHLGFBU27DA,大和段,67.43,非都市：一般農業區 ; 非都市編定：農牧用地,1,1,全筆移轉,05180001
RPPNMLTJKHLGFBU07DA,水廣段,24.96,非都市：一般農業區 ; 非都市編定：農牧用地,1,1,全筆移轉,08740002
RPQNMLTJKHLGFBU17DA,大全段,37.83,,1,1,全筆移轉,02420002
RPQNMLLKKHLGFCU56DA,福岡段,2367.36,非都市：特定農業區 ; 非都市編定：農牧用地,1,1,全筆移轉,12080000
RPSNMLTJKHLGFBU37DA,大和段,181.81,非都市：一般農業區 ; 非都市編定：農牧用地,1,1,全筆移轉,05200002
RPXNMLSLJHLGFAU77DA,壽農段,72.83,非都市：鄉村區 ; 非都市編定：乙種建築用地,1,1,全筆移轉,15210000
RPUNMLTJKHLGFBU57DA,富豐段,66.24,非都市：一般農業區 ; 非都市編定：農牧用地,1,1,全筆移轉,01260002
RPVNMLTJKHLGFBU67DA,富豐段,281.12,非都市：一般農業區 ; 非都市編定：農牧用地,1,1,全筆移轉,01560001
RPTNMLTJKHLGFBU47DA,富豐段,47.31,非都市：一般農業區 ; 非都市編定：農牧用地,1,1,全筆移轉,01190002
RPTNMLTJKHLGFBU47DA,富豐段,68.52,非都市：一般農業區 ; 非都市編定：農牧用地,1,1,全筆移轉,01240002
RPTNMLTJKHLGFBU47DA,富豐段,62.58,非都市：一般農業區 ; 非都市編定：農牧用地,1,1,全筆移轉,01250002
RPWNMLTJKHLGFBU77DA,富豐段,404.71,非都市：一般農業區 ; 非都市編定：農牧用地,1,1,全筆移轉,01580001
RPPNMLNLKHLGFBU66DA,大和段,165.33,非都市：一般農業區 ; 非都市編定：交通用地,1,1,全筆移轉,05230001
RPPNMLNKKHLGFBU56DA,馬遠段,13232.00,非都市：山坡地保育區 ; 非都市編定：林業用地,1,1,全筆移轉,09890000
RPPNMLNKKHLGFBU56DA,馬遠段,5238.00,非都市：山坡地保育區 ; 非都市編定：林業用地,1,1,全筆移轉,09890003
RPPNMLNKKHLGFBU56DA,馬遠段,5169.00,非都市：山坡地保育區 ; 非都市編定：林業用地,1,1,全筆移轉,09890004
RPXNMLPJKHLGFAU37DA,谷那段,225.36,非都市：鄉村區 ; 非都市編定：乙種建築用地,1,1,全筆移轉,01780001
RPWOMLNLKHLGFAU37DA,仁恥段,113.00,都市：住,1,1,全筆移轉,07970000
RPOPMLNLKHLGFAU66DA,碧雲段,146.00,都市：商,1,1,全筆移轉,04140011
RPQNMLNLKHLGFBU76DA,大和段,133.18,非都市：一般農業區 ; 非都市編定：交通用地,1,1,全筆移轉,05210001
RPPNMLNLKHLGFBU76EA,西寶段,946.63,非都市：特定農業區 ; 非都市編定：農牧用地,2,1,持分移轉,04450000
RPRNMLNLKHLGFCU96DA,瑞穗段,144.00,非都市：特定農業區 ; 非都市編定：甲種建築用地,1,1,全筆移轉,23360022
RPQNMLQLJHLGFCU07DA,源南段,224.19,非都市：一般農業區 ; 非都市編定：農牧用地,1,1,全筆移轉,05250001
RPQNMLQLJHLGFCU07DA,源南段,259.69,非都市：一般農業區 ; 非都市編定：甲種建築用地,1,1,全筆移轉,06470000
RPQNMLQLJHLGFCU07DA,源南段,196.42,非都市：一般農業區 ; 非都市編定：甲種建築用地,1,1,全筆移轉,06470002
RPQNMLQLJHLGFCU07DA,源南段,291.85,非都市：一般農業區 ; 非都市編定：農牧用地,1,1,全筆移轉,06540002
RPQNMLPLKHLGFAU86DA,民勤段,16.08,都市：住,10000,90,持分移轉,01500000
RPQNMLNLKHLGFCU86DA,瑞穗段,144.00,非都市：特定農業區 ; 非都市編定：甲種建築用地,1,1,全筆移轉,23360019
RPSNMLOLKHLGFAU96DA,自強段,16.22,都市：住,1000,49,持分移轉,05720000
RPPNMLLKKHLGFCU09DA,瑞新段,109.16,都市：其他:住宅區,1,1,全筆移轉,02180016
RPXOMLNLKHLGFAU47DA,自強段,32.75,都市：住,4,1,持分移轉,01080023
RPQNMLKKKHLGFAU88DA,大禮段,13955.00,非都市：國家公園區 ; 非都市編定：,1,1,全筆移轉,04150000
RPTNMLPLKHLGFAU17DA,民享段,14.65,都市：其他:商業區,10000,263,持分移轉,05120000
RPXNMLPLKHLGFAU57DA,林森段,114.00,都市：住,1,1,全筆移轉,34570000
RPXNMLPLKHLGFAU57DA,林森段,67.00,都市：住,1,1,全筆移轉,34620000
RPXNMLPLKHLGFAU57DA,林森段,61.00,都市：其他:道路用地,1,1,全筆移轉,34630000
RPPPMLNLKHLGFAU76DA,永興段,34.64,非都市：特定農業區 ; 非都市編定：甲種建築用地,10000,230,持分移轉,04130000
RPVNMLPLKHLGFAU37DA,國興段,191.09,都市：農,1,1,全筆移轉,04740001
RPPNMLPLKHLGFAU76DA,裕民段,16.39,都市：住,100000,2476,持分移轉,05800000
RPQNMLPLKHLGFCU07DA,瑞美段,152.00,都市：其他:商業區,1,1,全筆移轉,06740000
RPVNMLPLKHLGFAU37DA,國興段,20.24,都市：農,1,1,全筆移轉,04770007
RPTNMLTJKHLGFAU37DA,慶豐段,96.00,都市：住,1,1,全筆移轉,10190070
RPPNMLPLKHLGFBU86DA,大豐段,937.01,非都市：一般農業區 ; 非都市編定：農牧用地,1,1,全筆移轉,05880000
RPOOMLPLKHLGFAU76DA,永興段,28.77,非都市：特定農業區 ; 非都市編定：甲種建築用地,10000,191,持分移轉,04130000
RPXNMLNKKHLGFAU27DA,稻園段,5.74,非都市：特定農業區 ; 非都市編定：甲種建築用地,1,1,全筆移轉,05500002
RPXNMLNKKHLGFAU27DA,稻園段,193.25,非都市：特定農業區 ; 非都市編定：甲種建築用地,1,1,全筆移轉,05510002
RPPNMLQLKHLGFAU86DA,莊敬段,11.52,都市：住,10000,336,持分移轉,01730000
RPXNMLNKKHLGFAU27DA,稻園段,48.31,非都市：特定農業區 ; 非都市編定：甲種建築用地,1,1,全筆移轉,05510005
RPPNMLQLKHLGFAU86DA,莊敬段,4.97,都市：住,10000,336,持分移轉,01780004
RPQOMLPLKHLGFAU96DA,永興段,13.10,非都市：特定農業區 ; 非都市編定：甲種建築用地,10000,87,持分移轉,04130000
RPSOMLPLKHLGFAU17DA,永興段,17.92,非都市：特定農業區 ; 非都市編定：甲種建築用地,10000,119,持分移轉,04130000
RPVNMLOLKHLGFAU27DA,北濱段,11.91,都市：住,100000,4092,持分移轉,00950003
RPPNMLOLKHLGFAU76EA,民生段,44.25,都市：商,4,1,持分移轉,09190000
RPOOMLNLKHLGFAU56DA,民意段,78.00,都市：其他:住宅區,1,1,全筆移轉,06630005
RPVNMLOLKHLGFAU27DA,北濱段,11.42,都市：住,100000,4092,持分移轉,00950004
RPPOMLPLKHLGFAU86DA,永興段,13.10,非都市：特定農業區 ; 非都市編定：甲種建築用地,10000,87,持分移轉,04130000
RPQNMLQLKHLGFAU96DA,永興段,36.45,非都市：特定農業區 ; 非都市編定：甲種建築用地,10000,242,持分移轉,04130000
RPROMLPLKHLGFAU07DA,永興段,30.73,非都市：特定農業區 ; 非都市編定：甲種建築用地,10000,204,持分移轉,04130000
RPQNMLMJLHLGFAU56EA,富國段,30.61,都市：住,54,3,持分移轉,04120002
RPPNMLOJLHLGFAU56DA,民孝段,109.00,都市：其他:住宅區,1,1,全筆移轉,01100002
RPPPMLOJKHLGFAU66DA,自強段,106.00,都市：住,1,1,全筆移轉,07840004
RPPNMLNJKHLGFBU09DA,北林段,1738.42,非都市：特定農業區 ; 非都市編定：農牧用地,1,1,全筆移轉,03800000
RPVNMLNJLHLGFAU07DA,仁義段,164.00,都市：住,1,1,全筆移轉,08400000
RPQNMLOJLHLGFAU66DA,石壁段,610.76,非都市：一般農業區 ; 非都市編定：農牧用地,1,1,全筆移轉,08980001
RPTNMLNJLHLGFAU86DA,東昌段,277.72,都市：農,1,1,全筆移轉,07830007
RPTNMLNJLHLGFAU86DA,東昌段,26.48,都市：其他:農業區,10000,497,持分移轉,07830009
RPQNMLTJKHLGFAU07DA,格督尚段,514.41,非都市：一般農業區 ; 非都市編定：農牧用地,1,1,全筆移轉,06040000
RPQNMLTJKHLGFAU07DA,格督尚段,1903.41,非都市：一般農業區 ; 非都市編定：農牧用地,1,1,全筆移轉,06100000
RPUNMLNJLHLGFAU96DA,仁禮段,96.00,都市：住,1,1,全筆移轉,06380000
RPRNMLKKKHLGFCU56DA,永良段,8486.86,非都市：特定農業區 ; 非都市編定：農牧用地,1,1,全筆移轉,05660000
RPRNMLKKKHLGFCU56DA,永良段,4908.24,非都市：特定農業區 ; 非都市編定：農牧用地,1,1,全筆移轉,05670000
RPXOMLPJLHLGFAU57DA,永興段,22.52,非都市：鄉村區 ; 非都市編定：乙種建築用地,100000,1446,持分移轉,11890000
RPQNMLQJLHLGFAU86DA,國光段,93.88,都市：住,32,2,持分移轉,00350002
RPVPMLPJLHLGFAU47DA,自強段,5.63,都市：住,10000,34,持分移轉,00140000
RPVNMLRLJHLGFAU47DA,福德段,78.00,都市：農,2,1,持分移轉,06310000
RPXNMLRLJHLGFAU67DA,福德段,78.00,都市：農,2,1,持分移轉,06310000
RPPNMLTJLHLGFCU27DA,石平段,2600.00,非都市：山坡地保育區 ; 非都市編定：農牧用地,1,1,全筆移轉,08380002
RPOOMLOJKHLGFAU09DA,吳全段,16.03,都市：農,10000,121,持分移轉,09510000
RPQNMLPJLHLGFCU96DA,瑞良段,118.74,都市：其他:住宅區,1,1,全筆移轉,02660000
RPPOMLPJLHLGFAU76DA,富國段,5.59,都市：商,10000,110,持分移轉,02170000
RPPOMLQJLHLGFAU86DA,干城段,130.27,非都市：鄉村區 ; 非都市編定：乙種建築用地,1,1,全筆移轉,05340000
RPPNMLKKKHLGFCU98DA,麻汝段,6232.17,非都市：山坡地保育區 ; 非都市編定：農牧用地,1,1,全筆移轉,07630000
RPPNMLKKKHLGFCU98DA,麻汝段,3420.29,非都市：山坡地保育區 ; 非都市編定：農牧用地,1,1,全筆移轉,07640000
RPPNMLLKKIKGFAU98EA,佳林段,202.89,都市：其他:鐵路用地,1,1,全筆移轉,01140000
RPOOMLSJKIKGFAU86DA,富國段,3.17,都市：商,40000,76,持分移轉,03090000
RPPNMLTJKIKGFBU17EA,萬寶段,6665.80,非都市：山坡地保育區 ; 非都市編定：農牧用地,1,1,全筆移轉,11320000
RPPNMLRKKIKGFAU86DA,德安段,13.46,都市：住,100000,294,持分移轉,19020000
RPWNMLQKKIKGFAU47DA,明義段,83.00,都市：住,1,1,全筆移轉,03820000
RPQNMLSKKIKGFCU37EA,玉璞段,84.00,都市：其他:住宅區,1,1,全筆移轉,10370000
RPWNMLQKKIKGFAU47DA,明義段,2.00,都市：住,1,1,全筆移轉,03820001
RPPNMLSJKIKGFAU86DA,仁廉段,1.00,都市：其他:道路用地,1,1,全筆移轉,03000002
RPQNMLQKKIKGFCU17EA,瑞強段,10.12,非都市：鄉村區 ; 非都市編定：乙種建築用地,8,1,持分移轉,04690000
RPPNMLPKKIKGFBU76DA,西富段,3836.04,非都市：特定農業區 ; 非都市編定：農牧用地,1,1,全筆移轉,11500000
RPQNMLSKKIKGFAU07DA,自強段,15.22,都市：住,300000,302,持分移轉,01940000
RPRNMLTKKIKGFAU27DA,福安段,68.00,都市：商,1,1,全筆移轉,03200001
RPTNMLMLKIKGFAU86DA,四維段,17.06,都市：農,10000,482,持分移轉,06430007
RPRNMLTKKIKGFAU27DA,福安段,34.00,都市：商,1,1,全筆移轉,03350000
RPSNMLSKKIKGFAU27DA,石壁段,100.02,非都市：鄉村區 ; 非都市編定：乙種建築用地,1,1,全筆移轉,01840000
RPSNMLSKKIKGFCU47DA,玉璞段,70.00,都市：其他:住宅區,1,1,全筆移轉,32510004
RPSNMLSKKIKGFCU47DA,玉璞段,40.00,,1,1,全筆移轉,32520004
SPTNMLMLKIKGFAU96DA,四維段,25.95,都市：農,10000,733,持分移轉,06430007
RPUNMLQKKIKGFAU27DA,宜安段,23.14,都市：住,10000,114,持分移轉,05940000
RPPNMLOLKIKGFBU76DA,大安段,152.00,都市：其他:住宅區,1,1,全筆移轉,05980003
RPTNMLOLKIKGFAU07DA,福祥段,134.00,都市：住,1,1,全筆移轉,00570000
RPPNMLTKKIKGFBU17DA,悅付南段,15.47,非都市：一般農業區 ; 非都市編定：甲種建築用地,1,1,全筆移轉,10880000
RPVNMLKMKIKGFAU96DA,慶豐段,87.00,都市：住,1,1,全筆移轉,18400017
RPXNMLMLKIKGFAU27DA,慶豐段,85.00,都市：住,1,1,全筆移轉,13590000
RPPNMLOLKIKGFBU86EA,支亞干段,454.34,非都市：山坡地保育區 ; 非都市編定：交通用地,1,1,全筆移轉,22490000
RPPNMLOLKIKGFBU86EA,支亞干段,4055.16,非都市：山坡地保育區 ; 非都市編定：農牧用地,1,1,全筆移轉,22500000
RPQNMLKMKIKGFCU66DA,民北段,1400.56,非都市：山坡地保育區 ; 非都市編定：農牧用地,1,1,全筆移轉,01150000
RPQPMLPKKIKGFAU96DA,廣安段,2508.37,非都市：一般農業區 ; 非都市編定：農牧用地,1,1,全筆移轉,04230002
RPUNMLTLKIKGFAU67DA,國風段,73.00,都市：住,1,1,全筆移轉,00670000
RPQNMLMJJHLGFAU88DA,國興段,545.82,非都市：特定農業區 ; 非都市編定：農牧用地,1,1,全筆移轉,03940000
RPQNMLQJJHLGFAU66DA,慈雲段,101.55,都市：農,1,1,全筆移轉,01950000
RPRNMLMLKIKGFAU66DA,慈安段,70.00,都市：住,1,1,全筆移轉,10540000
RPRNMLMLKIKGFAU66DA,慈安段,119.00,都市：住,1,1,全筆移轉,10590000
RPSNMLPJJHLGFAU76DA,南華段,74.31,非都市：鄉村區 ; 非都市編定：乙種建築用地,1,1,全筆移轉,06630000
RPSNMLPJJHLGFAU76DA,南華段,13.68,非都市：鄉村區 ; 非都市編定：乙種建築用地,1,1,全筆移轉,07400007
RPWNMLTKKIKGFAU77DA,光華段二小段,13.44,非都市：工業區 ; 非都市編定：丁種建築用地,10000,337,持分移轉,01170004
RPWNMLTKKIKGFAU77DA,光華段二小段,15.23,非都市：工業區 ; 非都市編定：丁種建築用地,10000,337,持分移轉,01170005
RPPNMLQLKIKGFBU07EA,大安段,175.00,都市：其他:商業區,1,1,全筆移轉,17590000
RPPNMLQLKIKGFBU07EA,大安段,20.00,都市：其他:商業區,1,1,全筆移轉,17600000
RPPNMLQJJHLGFBU66DA,大榮段,1489.44,非都市：一般農業區 ; 非都市編定：農牧用地,1,1,全筆移轉,08500000
RPUNMLLMKIKGFAU96DA,北濱段,3.44,都市：住,10000,153,持分移轉,00950000
RPVNMLQKKIKGFAU37DA,主商段,7.97,都市：商,10000,65,持分移轉,07060000
RPVNMLQKKIKGFAU37DA,主商段,.29,都市：其他:道路用地,10000,65,持分移轉,07060002
RPQNMLSJJHLGFAU86DA,玻士岸段,92.75,,1,1,全筆移轉,01420001
RPPNMLSJJHLGFBU86DA,大安段,79.00,都市：其他:住宅區,1,1,全筆移轉,05980031
RPQOMLRJJHLGFAU86DA,民心段,168.00,都市：其他:保護區,1,1,全筆移轉,00010122
RPPNMLQJJHLGFAU56DA,福興段,94.00,都市：住,1,1,全筆移轉,03080008
RPUNMLRJJHLGFAU17DA,國光段,5.18,都市：商,10000,76,持分移轉,00390000
RPSNMLQJJHLGFAU86DA,裕民段,129.00,都市：其他:倉儲區,1,1,全筆移轉,01810002
RPWOMLKMKIKGFAU17DA,壽月段,142.04,非都市：鄉村區 ; 非都市編定：乙種建築用地,1,1,全筆移轉,01300000
RPPNMLPJJHLGFBU66EA,萬利段,580.66,非都市：山坡地保育區 ; 非都市編定：農牧用地,1,1,全筆移轉,18970000
RPPNMLPJJHLGFBU66EA,萬利段,253.25,非都市：山坡地保育區 ; 非都市編定：農牧用地,1,1,全筆移轉,18980000
RPRNMLSJJHLGFAU96DA,平和段,97.09,都市：農,1,1,全筆移轉,09180000
RPRNMLSJJHLGFAU96DA,平和段,120.84,都市：農,1,1,全筆移轉,09200000
RPPNMLPJJHLGFAU09DA,加灣段,6020.51,非都市：一般農業區 ; 非都市編定：農牧用地,1,1,全筆移轉,01650000
RPWNMLRJJHLGFAU37DA,東昌段,214.95,都市：其他:公園用地,1,1,全筆移轉,04860003
RPWOMLRJJHLGFAU47DA,富國段,7.87,都市：住,10000,132,持分移轉,00720000
RPPNMLRJJHLGFBU86EA,東富段,472.63,非都市：特定農業區 ; 非都市編定：甲種建築用地,1,1,全筆移轉,06300000
RPPNMLSJJHLGFBU96EA,北林段,102.50,非都市：特定農業區 ; 非都市編定：甲種建築用地,1,1,全筆移轉,03120000
RPPOMLLMKIKGFAU56DA,自強段,47.64,都市：住,100000,315,持分移轉,01940000
RPUNMLSJJHLGFAU27DA,莊敬段,11.04,都市：住,1000,60,持分移轉,02360000
RPPNMLTJJHLGFAU86DA,光榮段,39.43,非都市：鄉村區 ; 非都市編定：交通用地,1,1,全筆移轉,06030000
RPPNMLTJJHLGFAU86DA,光榮段,36.36,非都市：鄉村區 ; 非都市編定：交通用地,1,1,全筆移轉,06040000
RPPNMLTJJHLGFAU86DA,光榮段,303.94,非都市：鄉村區 ; 非都市編定：乙種建築用地,10,8,持分移轉,06520000
RPPNMLTJJHLGFAU86DA,光榮段,75.98,非都市：鄉村區 ; 非都市編定：乙種建築用地,10,2,持分移轉,06520000
RPRNMLRJJHLGFAU86DA,富國段,8.14,都市：住,100000,4678,持分移轉,01750000
RPQNMLTJJHLGFAU96DA,宜安段,3.65,都市：住,10000,18,持分移轉,05940000
RPQNMLNKJHLGFAU09DA,興海段,74.93,都市：住,1,1,全筆移轉,01030000
RPQNMLQJJHLGFCU86DA,中平段,.32,,1,1,全筆移轉,06110001
RPQNMLQJJHLGFCU86DA,中平段,20.11,都市：其他:鐵路用地,1,1,全筆移轉,06120000
RPPOMLMKJHLGFAU98DA,嘉平段,53.00,都市：商,1,1,全筆移轉,06460000
RPSOMLRJJHLGFCU27DA,玉璞段,205.00,都市：其他:住宅區,1,1,全筆移轉,08610000
RPPNMLQJJHLGFCU76DA,中平段,66.42,都市：其他:鐵路用地,1,1,全筆移轉,02500000
RPPNMLQJJHLGFCU76DA,中平段,31.95,都市：其他:鐵路用地,1,1,全筆移轉,02500001
RPPNMLRJJHLGFCU86DA,中平段,126.85,,1,1,全筆移轉,06550003
RPPNMLRJJHLGFCU86DA,中平段,198.25,,1,1,全筆移轉,06550004
RPWNMLTLKIKGFAU87DA,嘉南段,85.00,都市：住,1,1,全筆移轉,05550006
RPQNMLRJJHLGFCU96DA,中平段,42.54,都市：其他:鐵路用地,1,1,全筆移轉,06140000
RPVNMLRJJHLGFCU47DA,中平段,25.67,都市：其他:鐵路用地,3,1,持分移轉,06210000
RPWNMLRJJHLGFCU57DA,中平段,2.67,都市：其他:鐵路用地,1,1,全筆移轉,06230000
RPTNMLRJJHLGFCU27DA,中平段,25.67,都市：其他:鐵路用地,3,1,持分移轉,06210000
RPTNMLRJJHLGFCU27DA,中平段,16.83,都市：其他:鐵路用地,1,1,全筆移轉,06290000
RPSNMLRJJHLGFCU17DA,中平段,39.66,都市：其他:鐵路用地,1,1,全筆移轉,06180000
RPXNMLRJJHLGFCU67DA,中平段,75.53,都市：其他:鐵路用地,1,1,全筆移轉,06240000
RPRNMLRJJHLGFCU07DA,中平段,24.23,都市：其他:鐵路用地,1,1,全筆移轉,06170000
RPOOMLRJJHLGFCU86DA,中平段,59.77,都市：其他:鐵路用地,1,1,全筆移轉,06280000
RPQOMLRJJHLGFCU07DA,中平段,146.88,,1,1,全筆移轉,07040001
RPQOMLRJJHLGFCU07DA,中平段,49.92,,1,1,全筆移轉,07050002
RPROMLRJJHLGFCU17DA,中平段,203.44,,1,1,全筆移轉,07230001
RPRNMLMKJHLGFCU66DA,明里段,3074.48,非都市：特定農業區 ; 非都市編定：農牧用地,1,1,全筆移轉,05810000
RPRNMLMKJHLGFAU09DA,福安段,26.00,都市：住,1,1,全筆移轉,19090000
RPQNMLMKJHLGFCU56DA,中興段,94.91,都市：其他:住宅區,1,1,全筆移轉,07880000
RPRNMLMKJHLGFAU09DA,福安段,7.00,都市：住,1,1,全筆移轉,19130000
RPVNMLOKJHLGFAU07DA,德安段,92.00,都市：住,1,1,全筆移轉,13810000
RPPNMLNKJHLGFCU66EA,崙布山段,1597.04,非都市：山坡地保育區 ; 非都市編定：農牧用地,1,1,全筆移轉,02810000
RPPNMLNKJHLGFCU66EA,崙布山段,3501.94,非都市：山坡地保育區 ; 非都市編定：農牧用地,1,1,全筆移轉,06590000
RPXNMLOKJHLGFAU27DA,民勤段,104.00,都市：住,1,1,全筆移轉,03360004
RPOOMLOKJHLGFAU09DA,慈安段,133.00,都市：住,1,1,全筆移轉,06980016
RPOOMLOKJHLGFAU09DA,慈安段,5.00,都市：其他:住宅區,1,1,全筆移轉,07050002
RPTNMLOKJHLGFAU86DA,仁禮段,23.33,都市：住,10000,309,持分移轉,08500000
RPPNMLMKJHLGFCU09DA,瑞新段,117.00,都市：其他:住宅區,1,1,全筆移轉,00920000
RPTNMLOKJHLGFCU07DA,中平段,123.85,都市：其他:住宅區,1,1,全筆移轉,01170004
RPQNMLPKJHLGFAU66DA,主權段,30.00,都市：住,1710,300,持分移轉,03060000
RPUNMLRJJHLGFCU37DA,中平段,25.67,都市：其他:鐵路用地,3,1,持分移轉,06210000
RPUNMLOKJHLGFAU96DA,仁廉段,177.00,都市：住,1,1,全筆移轉,08920008
RPQPMLOKJHLGFAU76DA,宜寧段,.04,都市：住,10000,411,持分移轉,05650005
RPQPMLOKJHLGFAU76DA,宜寧段,.74,都市：住,10000,411,持分移轉,05660003
RPQPMLOKJHLGFAU76DA,宜寧段,.25,都市：住,10000,411,持分移轉,05660004
RPQPMLOKJHLGFAU76DA,宜寧段,2.30,都市：住,10000,411,持分移轉,05670000
RPQPMLOKJHLGFAU76DA,宜寧段,1.64,都市：住,10000,411,持分移轉,05680000
RPQPMLOKJHLGFAU76DA,宜寧段,1.32,都市：住,10000,411,持分移轉,05690000
RPTOMLOKJHLGFAU96DA,路內段,32.27,都市：住,100000,935,持分移轉,03730000
RPQPMLOKJHLGFAU76DA,宜寧段,3.45,都市：住,10000,411,持分移轉,05700000
RPQPMLOKJHLGFAU76DA,宜寧段,7.07,都市：住,10000,411,持分移轉,05710000
RPQPMLOKJHLGFAU76DA,宜寧段,1.19,都市：住,10000,411,持分移轉,05720000
RPQPMLOKJHLGFAU76DA,宜寧段,.37,都市：住,10000,411,持分移轉,05730001
RPTOMLOKJHLGFAU96DA,路內段,4.00,都市：住,100000,935,持分移轉,03730001
RPTOMLOKJHLGFAU96DA,路內段,4.09,都市：住,100000,935,持分移轉,03730002
RPTOMLOKJHLGFAU96DA,路內段,9.05,都市：住,100000,935,持分移轉,03730003
RPTNMLQJJHLGFCU17DA,中平段,68.79,都市：其他:鐵路用地,4,1,持分移轉,02510000
RPTNMLQJJHLGFCU17DA,中平段,94.11,,4,1,持分移轉,04960002
RPRNMLQJJHLGFCU96DA,中平段,68.79,都市：其他:鐵路用地,4,1,持分移轉,02510000
RPRNMLQJJHLGFCU96DA,中平段,94.11,,4,1,持分移轉,04960002
RPOOMLPKJHLGFAU56DA,林森段,104.00,都市：住,1,1,全筆移轉,33320000
RPSNMLQJJHLGFCU07DA,中平段,68.79,都市：其他:鐵路用地,4,1,持分移轉,02510000
RPSNMLQJJHLGFCU07DA,中平段,94.11,,4,1,持分移轉,04960002
RPUNMLQJJHLGFCU27DA,中平段,68.79,都市：其他:鐵路用地,4,1,持分移轉,02510000
RPUNMLQJJHLGFCU27DA,中平段,94.11,,4,1,持分移轉,04960002
RPRNMLPKJHLGFCU96DA,竹田段,112.30,非都市：鄉村區 ; 非都市編定：乙種建築用地,1,1,全筆移轉,07920000
RPPNMLTKKIKGFAU07DA,莊敬段,89.00,都市：住,1,1,全筆移轉,02260005
RPROMLLMKIKGFAU76DA,裕民段,28.37,都市：住,100000,2869,持分移轉,04390000
RPPNMLQKJHLGFCU96EA,高寮段,940.28,非都市：特定農業區 ; 非都市編定：農牧用地,1,1,全筆移轉,03790000
RPPNMLQKJHLGFCU96EA,高寮段,1545.99,非都市：特定農業區 ; 非都市編定：農牧用地,1,1,全筆移轉,04700000
RPPNMLQKJHLGFCU96EA,高寮段,210.71,非都市：特定農業區 ; 非都市編定：農牧用地,1,1,全筆移轉,05660000
RPTNMLQKJHLGFAU07DA,光榮段,1532.54,非都市：一般農業區 ; 非都市編定：農牧用地,1,1,全筆移轉,00500001
RPPNMLQKJHLGFAU76EA,主商段,785.00,都市：商,1,1,全筆移轉,06620000
RPPNMLQKJHLGFAU76EA,主商段,12.00,都市：其他:道路用地,1,1,全筆移轉,06620001
RPPNMLQKJHLGFAU66DA,福祥段,85.00,都市：住,1,1,全筆移轉,07200000
RPSOMLRJJHLGFAU07DA,嘉平段,31.06,都市：住,100000,8510,持分移轉,15140000
RPPNMLMKJHLGFAU88DA,永安段,82.12,非都市：鄉村區 ; 非都市編定：乙種建築用地,1,1,全筆移轉,08210000
RPUNMLTKJHLGFAU47DA,下崇德段,519.77,都市：住,1,1,全筆移轉,09270000
RPUNMLTKJHLGFAU47DA,下崇德段,106.91,都市：其他:道路用地,1,1,全筆移轉,09280000
RPRNMLQLKIKGFAU07DA,主商段,10.91,都市：商,10000,89,持分移轉,07060000
RPRNMLQLKIKGFAU07DA,主商段,.39,都市：其他:道路用地,10000,89,持分移轉,07060002
RPPNMLQKJHLGFCU86DA,玉昌段,15.00,都市：其他:住宅區,1,1,全筆移轉,10820000
RPPNMLKLJHLGFAU78DA,下崇德段,4684.16,都市：其他:遊憩區,1,1,全筆移轉,00340000
RPPNMLQKJHLGFCU86DA,玉昌段,102.00,都市：其他:住宅區,1,1,全筆移轉,10830000
RPPNMLSKJHLGFAU86DA,海濱段,1115.05,非都市：一般農業區 ; 非都市編定：農牧用地,1,1,全筆移轉,03130000
RPPNMLTKJHLGFAU96DA,順安段,33.57,都市：住,4,1,持分移轉,01950000
RPTNMLTKJHLGFAU37DA,福德段,80.00,都市：住,1,1,全筆移轉,03310000
RPSNMLPKJHLGFCU07DA,玉璞段,103.00,都市：其他:住宅區,1,1,全筆移轉,00430029
RPVNMLLMKIKGFAU07DA,民德段,12.51,都市：住,100000,1409,持分移轉,05050000
RPSNMLSJJHLGFAU07DA,樹人段,10.92,都市：商,10000,47,持分移轉,06350000
RPSNMLSJJHLGFAU07DA,樹人段,10.18,都市：其他:住宅區,10000,47,持分移轉,06390000
RPUNMLLLJHLGFAU76DA,下台地段,3485.33,非都市：一般農業區 ; 非都市編定：農牧用地,1,1,全筆移轉,07180000
RPSNMLTKJHLGFAU27DA,富國段,2.50,都市：商,10000,15,持分移轉,03090000
RPSNMLKLJHLGFAU09DA,豐裡段,103.07,非都市：一般農業區 ; 非都市編定：甲種建築用地,1,1,全筆移轉,09560000
RPTNMLMKJHLGFAU66DA,福南段,1656.88,非都市：特定農業區 ; 非都市編定：農牧用地,1,1,全筆移轉,02840000
RPRNMLTKJHLGFCU37DA,德武段,218.38,非都市：鄉村區 ; 非都市編定：乙種建築用地,100,20,持分移轉,16460000
RPTNMLMKJHLGFAU66DA,福南段,264.45,非都市：特定農業區 ; 非都市編定：農牧用地,1,1,全筆移轉,02850000
RPQNMLKLJHLGFCU09DA,瑞良段,11.67,都市：其他:住宅區,3,1,持分移轉,04110003
RPPNMLKLJHLGFCU98DA,玉璞段,72.00,都市：其他:商業區,1,1,全筆移轉,03550000
RPQNMLKLJHLGFCU09DA,瑞良段,81.33,都市：其他:住宅區,3,1,持分移轉,04120000
RPUNMLQJJHLGFAU07DA,仁廉段,22.20,都市：商,5,1,持分移轉,11570000
RPUNMLKLJHLGFAU66DA,白雲段,125.46,非都市：鄉村區 ; 非都市編定：乙種建築用地,1,1,全筆移轉,02380000
RPPNMLTKJHLGFCU17DA,泰林段,2654.82,非都市：特定農業區 ; 非都市編定：農牧用地,2,1,持分移轉,12010000
RPPNMLTKJHLGFCU17DA,泰林段,458.71,非都市：特定農業區 ; 非都市編定：農牧用地,2,1,持分移轉,12020000
RPRNMLMLJHLGFAU56DA,明義段,55.00,都市：住,1,1,全筆移轉,03270000
RPRNMLMLJHLGFAU56DA,明義段,4.00,都市：其他:住宅區,1,1,全筆移轉,03300000
RPRNMLMLJHLGFAU56DA,明義段,3.00,都市：其他:道路用地,1,1,全筆移轉,03300001
RPWNMLTKJHLGFAU67DA,山嶺段,2425.00,非都市：風景區 ; 非都市編定：農牧用地,1,1,全筆移轉,03270000
RPVOMLKLJHLGFAU86DA,福興段,87.00,都市：商,1,1,全筆移轉,06480005
RPTNMLLLJHLGFAU66DA,廣賢段,54.28,非都市：鄉村區 ; 非都市編定：乙種建築用地,10000,23,持分移轉,01530000
RPQNMLLLJHLGFCU56DA,玉璞段,136.00,,1,1,全筆移轉,32520009
RPOOMLTKJHLGFAU96DA,太昌段,502.00,都市：農,1,1,全筆移轉,14940000
RPQNMLKLJHLGFAU88DA,白雲段,79.29,非都市：一般農業區 ; 非都市編定：甲種建築用地,1,1,全筆移轉,03230000
RPQNMLKLJHLGFAU88DA,永安段,62.32,非都市：一般農業區 ; 非都市編定：農牧用地,1000,238,持分移轉,13780000
RPPNMLMLJHLGFCU56DA,玉璞段,66.00,,1,1,全筆移轉,32510001
RPPNMLMLJHLGFCU56DA,玉璞段,39.00,,1,1,全筆移轉,32520001
RPWNMLMKJHLGFAU96DA,光明段,936.93,非都市：一般農業區 ; 非都市編定：農牧用地,1,1,全筆移轉,07430000
RPRNMLMLJHLGFCU76DA,富山段,987.87,非都市：山坡地保育區 ; 非都市編定：丙種建築用地,1,1,全筆移轉,02240000
RPVNMLMKJHLGFAU86DA,永安段,74.56,非都市：鄉村區 ; 非都市編定：乙種建築用地,1,1,全筆移轉,11300000
RPSNMLNLJHLGFAU76DA,民生段,30.00,都市：商,1,1,全筆移轉,11250000
RPUOMLKLJHLGFAU76DA,豐坪段,2730.00,非都市：一般農業區 ; 非都市編定：農牧用地,1,1,全筆移轉,03410000
RPUOMLKLJHLGFAU76DA,豐坪段,2730.00,非都市：一般農業區 ; 非都市編定：農牧用地,1,1,全筆移轉,03420000
RPVNMLMLJHLGFAU96DA,仁恥段,103.00,都市：住,1,1,全筆移轉,01690000
RPWOMLNLJHLGFAU27DA,民享段,29.54,都市：商,24,1,持分移轉,17960000
RPXNMLNLJHLGFAU27DA,道拉斯段,2540.30,非都市：山坡地保育區 ; 非都市編定：農牧用地,1,1,全筆移轉,04290000
RPXNMLQLJHLGFAU57DA,德安段,17.63,都市：住,100000,385,持分移轉,19020000
RPXNMLRJJHLGFAU47DA,光華段二小段,13.44,非都市：工業區 ; 非都市編定：丁種建築用地,10000,337,持分移轉,01170004
RPSOMLNLJHLGFAU86DA,南埔段,97.00,非都市：鄉村區 ; 非都市編定：乙種建築用地,1,1,全筆移轉,25660006
RPXNMLRJJHLGFAU47DA,光華段二小段,15.23,非都市：工業區 ; 非都市編定：丁種建築用地,10000,337,持分移轉,01170005
RPOOMLRLJHLGFAU86DA,永興段,70.95,非都市：特定農業區 ; 非都市編定：甲種建築用地,1,1,全筆移轉,00430000
RPOOMLRLJHLGFAU86DA,永興段,3.89,非都市：特定農業區 ; 非都市編定：交通用地,1,1,全筆移轉,00440000
RPPOMLSLJHLGFAU07DA,大坪段,592.00,非都市：一般農業區 ; 非都市編定：甲種建築用地,1,1,全筆移轉,08550000
RPQPMLRJJHLGFAU96DA,慈惠段,452.18,都市：住,1,1,全筆移轉,12820000
RPOOMLRJJHLGFAU66DA,光華段二小段,13.44,非都市：工業區 ; 非都市編定：丁種建築用地,10000,337,持分移轉,01170004
RPOOMLRJJHLGFAU66DA,光華段二小段,15.23,非都市：工業區 ; 非都市編定：丁種建築用地,10000,337,持分移轉,01170005
RPSNMLQLJHLGFAU07DA,裕民段,12.28,都市：商,10000,124,持分移轉,02130000
RPRNMLQLJHLGFAU96DA,宜寧段,27.13,都市：商,100000,2435,持分移轉,04440000
RPRNMLRLJHLGFCU27DA,高寮南段,7375.50,非都市：山坡地保育區 ; 非都市編定：農牧用地,1,1,全筆移轉,00730000
RPRNMLQLJHLGFAU96DA,宜寧段,1.73,都市：商,100000,2435,持分移轉,04450000
RPTOMLSLJHLGFAU47DA,永興段,22.52,非都市：鄉村區 ; 非都市編定：乙種建築用地,200000,2892,持分移轉,11890000
RPXOMLRLJHLGFAU77DA,石壁段,79.93,非都市：鄉村區 ; 非都市編定：乙種建築用地,1,1,全筆移轉,01740000
RPWNMLSLJHLGFAU67DA,國風段,23.00,都市：其他:住宅區,1,1,全筆移轉,02760000
RPWNMLSLJHLGFAU67DA,國風段,47.00,都市：其他:道路用地,1,1,全筆移轉,02770000
RPWNMLSLJHLGFAU67DA,國風段,1.00,都市：其他:住宅區,1,1,全筆移轉,02770001
RPQNMLTKJHLGFCU27DA,後湖段,603.40,非都市：鄉村區 ; 非都市編定：乙種建築用地,4,2,持分移轉,09620000
RPQNMLQLKIKGFCU17DA,玉璞段,66.00,,1,1,全筆移轉,32510003
RPQNMLQLKIKGFCU17DA,玉璞段,39.00,,1,1,全筆移轉,32520003
RPTPMLSLJHLGFAU57DA,富國段,3.14,都市：商,420,10,持分移轉,03210002
RPTPMLSLJHLGFAU57DA,富國段,3.14,都市：商,420,10,持分移轉,03210003
RPTPMLSLJHLGFAU57DA,富國段,3.14,都市：商,420,10,持分移轉,03210004
RPQNMLRLJHLGFCU17DA,麻汝段,63.57,非都市：鄉村區 ; 非都市編定：乙種建築用地,1,1,全筆移轉,13380000
RPQNMLRLJHLGFCU17DA,麻汝段,65.81,非都市：鄉村區 ; 非都市編定：乙種建築用地,1,1,全筆移轉,13390000
RPPNMLRLJHLGFCU07DA,舞鶴東段,1406.10,非都市：山坡地保育區 ; 非都市編定：農牧用地,1,1,全筆移轉,01810000
RPPNMLQLJHLGFBU96EA,支亞干段,64.82,非都市：一般農業區 ; 非都市編定：農牧用地,1,1,全筆移轉,05490000
RPPNMLRJJHLGFAU66DA,主商段,59.00,都市：住,1,1,全筆移轉,13140000
SPPNMLQLJHLGFBU07EA,支亞干段,1105.76,非都市：一般農業區 ; 非都市編定：農牧用地,1,1,全筆移轉,05500000
RPPNMLRJJHLGFAU66DA,主商段,2.00,都市：其他:道路用地,1,1,全筆移轉,13140001
RPUNMLTLJHLGFAU57DA,民享段,161.00,都市：住,1,1,全筆移轉,10030000
RPWOMLSLJHLGFAU77DA,宜安段,25.34,都市：住,100000,607,持分移轉,06410000
RPPNMLNLJHLGFBU66EA,馬錫山段,630.48,非都市：山坡地保育區 ; 非都市編定：丙種建築用地,1,1,全筆移轉,01240000
SPTNMLTLJHLGFAU57DA,裕民段,151.00,都市：住,1,1,全筆移轉,01310002
RPTNMLTLJHLGFAU47DA,裕民段,25.57,都市：住,7,1,持分移轉,01310000
RPTNMLTLJHLGFAU47DA,裕民段,152.00,都市：住,1,1,全筆移轉,01310001
RPRNMLTLJHLGFBU37DA,東興段,1062.24,非都市：風景區 ; 非都市編定：農牧用地,1,1,全筆移轉,04460003
RPPNMLRLJHLGFAU96EA,福吉段,3022.71,非都市：特定農業區 ; 非都市編定：農牧用地,8,5,持分移轉,10150000
RPQOMLTKJHLGFAU17DA,仁廉段,2.74,都市：住,100000,2825,持分移轉,04300000
RPQOMLTKJHLGFAU17DA,仁廉段,1.41,都市：住,100000,2825,持分移轉,04300001
RPQOMLTKJHLGFAU17DA,仁廉段,.42,都市：住,100000,2825,持分移轉,04300002
RPQOMLTKJHLGFAU17DA,仁廉段,24.94,都市：住,100000,2825,持分移轉,04480000
RPQPMLSLJHLGFAU27DA,民孝段,38.77,都市：住,100000,493,持分移轉,00390000
RPQOMLKMJHLGFAU09DA,林森段,45.05,都市：其他:住宅區,10000000,617100,持分移轉,15110000
RPQOMLKMJHLGFAU09DA,林森段,16.23,都市：其他:住宅區,10000000,617100,持分移轉,15580000
RPPNMLPKJHLGFBU66DA,鳳光段,32.03,都市：其他:住宅區,10000,74,持分移轉,09440000
RPSNMLMJKHLGFAU56DA,廣賢段,54.28,非都市：鄉村區 ; 非都市編定：乙種建築用地,10000,23,持分移轉,01530000
RPPNMLNLJHLGFAU09DA,福祥段,36.00,都市：住,1,1,全筆移轉,10850000
RPTNMLSKKIKGFCU57DA,信農段,219.58,非都市：山坡地保育區 ; 非都市編定：暫未編定,1,1,全筆移轉,02840000
RPTNMLSKKIKGFCU57DA,信農段,4034.12,非都市：山坡地保育區 ; 非都市編定：農牧用地,1,1,全筆移轉,02850000
RPTNMLSKKIKGFCU57DA,信農段,129.78,非都市：山坡地保育區 ; 非都市編定：丙種建築用地,1,1,全筆移轉,02860000
RPTNMLSKKIKGFCU57DA,信農段,157.09,非都市：山坡地保育區 ; 非都市編定：暫未編定,1,1,全筆移轉,02890000
RPTNMLSKKIKGFCU57DA,信農段,27558.36,非都市：山坡地保育區 ; 非都市編定：林業用地,1,1,全筆移轉,02960000
RPTNMLSKKIKGFCU57DA,信農段,5293.87,非都市：山坡地保育區 ; 非都市編定：農牧用地,1,1,全筆移轉,02970000
RPTNMLSKKIKGFCU57DA,禹西段,366.00,非都市：山坡地保育區 ; 非都市編定：農牧用地,1,1,全筆移轉,08400000
RPTNMLRJJHLGFAU07DA,民意段,30.21,都市：住,10000,260,持分移轉,09870000
RPPNMLOKJHLGFCU66DA,玉昌段,146.50,都市：其他:住宅區,10,5,持分移轉,03810002
RPOPMLRLJHLGFAU96DA,民生段,21.00,都市：商,1,1,全筆移轉,09740000
RPSOMLKMJHLGFAU66DA,東昌段,659.92,都市：其他:農業區,1,1,全筆移轉,08480000
RPVNMLRJJHLGFAU27DA,民享段,58.00,都市：住,1,1,全筆移轉,08730000
RPRNMLNJKHLGFAU56DA,主商段,196.00,都市：住,1,1,全筆移轉,12060000
RPSOMLMJKHLGFAU66DA,太昌段,80.00,都市：住,1,1,全筆移轉,10670000
RPSNMLNJKHLGFAU66DA,忠孝段,990.33,都市：農,1,1,全筆移轉,00200000
RPSOMLMJKHLGFAU66DA,太昌段,9.00,都市：其他:機關用地,1,1,全筆移轉,10680000
RPRNMLOJKHLGFAU66DA,稻香段,486.00,都市：農,1,1,全筆移轉,04580000
RPSOMLOJKHLGFAU86DA,慶豐段,9.04,都市：住,10000,134,持分移轉,02930000
RPPNMLPJKHLGFCU76DA,新舞鶴段,4082.35,非都市：山坡地保育區 ; 非都市編定：農牧用地,1,1,全筆移轉,06890000
RPTNMLQJKHLGFAU07DA,廣安段,105.22,非都市：鄉村區 ; 非都市編定：乙種建築用地,1,1,全筆移轉,09810000
RPPNMLPJKHLGFCU76DA,新舞鶴段,185.57,非都市：山坡地保育區 ; 非都市編定：農牧用地,1,1,全筆移轉,06930000
RPPNMLPJKHLGFCU76DA,新舞鶴段,592.80,非都市：山坡地保育區 ; 非都市編定：農牧用地,1,1,全筆移轉,06940000
RPROMLOJKHLGFAU76DA,路內段,53.04,都市：住,100000,1024,持分移轉,03840000
RPXNMLMJKHLGFAU07DA,裕民段,32.49,都市：住,100000,4908,持分移轉,05800000
RPVNMLTLJHLGFAU67DA,自強段,12.13,都市：住,10000,245,持分移轉,05600000
RPVOMLPJKHLGFAU27DA,福祥段,51.00,都市：其他:文教區,1,1,全筆移轉,02770000
RPVOMLQJKHLGFAU37DA,太昌段,90.00,都市：住,1,1,全筆移轉,04540186
RPTNMLOJKHLGFCU07DA,玉城段,24.81,都市：其他:住宅區,10000,768,持分移轉,13510000
RPRNMLOJKHLGFCU86DA,玉城段,16.99,都市：其他:住宅區,10000,526,持分移轉,13510000
RPRNMLQJJHLGFAU76DA,民意段,55.00,都市：住,1,1,全筆移轉,09170000
RPTNMLOJKHLGFCU07DA,玉城段,12.67,都市：其他:住宅區,10000,768,持分移轉,13510005
RPRNMLOJKHLGFCU86DA,玉城段,8.68,都市：其他:住宅區,10000,526,持分移轉,13510005
RPROMLQJKHLGFAU96DA,德安段,17.30,都市：住,10000,53,持分移轉,20210000
RPVNMLOJKHLGFCU27DA,玉城段,12.02,都市：其他:住宅區,10000,372,持分移轉,13510000
RPVNMLOJKHLGFCU27DA,玉城段,6.14,都市：其他:住宅區,10000,372,持分移轉,13510005
RPUNMLOJKHLGFCU17DA,玉城段,24.84,都市：其他:住宅區,10000,769,持分移轉,13510000
RPUNMLOJKHLGFCU17DA,玉城段,12.69,都市：其他:住宅區,10000,769,持分移轉,13510005
RPRNMLTJKHLGFAU17DA,慶豐段,89.00,都市：住,1,1,全筆移轉,19250038
RPQPMLPJKHLGFAU86DA,永興段,2333.02,非都市：特定農業區 ; 非都市編定：農牧用地,1,1,全筆移轉,05500000
RPPNMLTLJHLGFBU27EA,溪州段,6313.19,非都市：特定農業區 ; 非都市編定：農牧用地,1,1,全筆移轉,09070000
RPSNMLNKJHLGFAU66DA,民享段,133.00,都市：商,1,1,全筆移轉,17420006
RPSNMLNKJHLGFAU66DA,民享段,37.00,都市：其他:住宅區,1,1,全筆移轉,17420008
RPQNMLSLJHLGFBU17DA,馬遠段,6660.00,非都市：山坡地保育區 ; 非都市編定：林業用地,1,1,全筆移轉,05880000
RPXNMLOJKHLGFAU27DA,仁廉段,19.13,都市：住,15,1,持分移轉,07770000
RPOPMLPJKHLGFAU66DA,福祥段,17.00,都市：其他:道路用地,1,1,全筆移轉,10760000
RPOPMLPJKHLGFAU66DA,福祥段,48.00,都市：其他:道路用地,1,1,全筆移轉,10800000
RPPNMLMJKHLGFBU98DA,水車段,2500.00,非都市：一般農業區 ; 非都市編定：農牧用地,1,1,全筆移轉,05560000
RPPNMLPJKHLGFBU76EA,豐義段,183.83,都市：其他:住宅區,1,1,全筆移轉,01970000
RPOPMLQJKHLGFAU76DA,福興段,92.00,都市：住,1,1,全筆移轉,04560015
RPQNMLPJKHLGFBU86EA,豐義段,76.00,都市：其他:商業區,1,1,全筆移轉,06870000
RPQNMLOJKHLGFAU56DA,仁義段,69.00,都市：住,1,1,全筆移轉,03620005
RPVNMLOJKHLGFAU07DA,樹林段,157.20,非都市：一般農業區 ; 非都市編定：甲種建築用地,1,1,全筆移轉,04730000
RPQNMLLKKHLGFAU98DA,莊敬段,93.00,都市：住,1,1,全筆移轉,01050002
RPSNMLTJKHLGFAU27DA,慶豐段,113.00,都市：住,1,1,全筆移轉,03240005
RPTNMLNKKHLGFAU86DA,太昌段,98.00,都市：住,1,1,全筆移轉,06170005
RPTNMLNLKHLGFAU96DA,東升段,15163.00,非都市：風景區 ; 非都市編定：農牧用地,1,1,全筆移轉,00650001
RPQNMLQLJHLGFAU96EA,東升段,200.00,非都市：鄉村區 ; 非都市編定：乙種建築用地,1,1,全筆移轉,09530000
RPQNMLQLJHLGFAU96EA,東升段,14.00,非都市：鄉村區 ; 非都市編定：乙種建築用地,1,1,全筆移轉,09540000
RPSNMLKKKHLGFAU09DA,國光段,8.40,都市：住,10000,71,持分移轉,00330000
RPWNMLNKKHLGFAU17DA,碧雲段,117.00,都市：住,1,1,全筆移轉,00270028
RPPNMLNKKHLGFAU56EA,南埔段,113.00,非都市：特定農業區 ; 非都市編定：甲種建築用地,1,1,全筆移轉,29060007
RPRPMLSLJHLGFAU37DA,民享段,25.76,都市：商,10000,241,持分移轉,17510000
RPOOMLMJLHLGFAU98DA,嘉北段,97.00,非都市：鄉村區 ; 非都市編定：乙種建築用地,1,1,全筆移轉,00330000
RPRPMLSLJHLGFAU37DA,民享段,.14,都市：其他:住宅區,10000,241,持分移轉,17610001
RPPNMLMJLHLGFAU09EA,富國段,30.61,都市：住,54,3,持分移轉,04120002
RPXNMLNLKHLGFAU37DA,仁禮段,8.58,都市：住,10000,128,持分移轉,10700000
RPQNMLMJLHLGFAU09DA,國風段,159.00,都市：住,1,1,全筆移轉,00060000
RPQNMLOLKHLGFAU76DA,東昌段,1253.19,都市：農,1,1,全筆移轉,03600000
RPQNMLOLKHLGFAU76DA,東昌段,18.26,都市：其他:道路用地,1,1,全筆移轉,03600001
RPWNMLNJLHLGFAU17DA,自強段,94.00,都市：住,1,1,全筆移轉,05210003
RPRNMLPJLHLGFAU86DA,新興段,29.88,都市：住,35,1,持分移轉,01280001
RPUOMLPJLHLGFAU27DA,民享段,15.46,都市：商,1000,42,持分移轉,12050000
RPWNMLSJKIKGFAU57DA,自強段,150.00,都市：住,1,1,全筆移轉,05330007
RPUOMLPJLHLGFAU27DA,民享段,2.31,都市：其他:住宅區,1000,42,持分移轉,12050002
RPSNMLTJKIKGFAU27DA,嘉新段,22.00,都市：住,1,1,全筆移轉,02760000
RPPNMLQJLHLGFAU86EA,仁廉段,154.00,都市：住,1,1,全筆移轉,08180000
RPSNMLTJKIKGFAU27DA,嘉新段,85.00,都市：住,1,1,全筆移轉,02770000
RPQNMLMJKIKGFAU98DA,仁廉段,3.09,都市：其他:零售市場用地,22,1,持分移轉,12790000
RPRNMLNJKIKGFCU86EA,哈拉灣段,3953.25,非都市：山坡地保育區 ; 非都市編定：農牧用地,1,1,全筆移轉,03800000
RPTNMLTJKIKGFAU37DA,慈雲段,167.50,都市：住,1,1,全筆移轉,05380005
RPRNMLPJKIKGFBU86DA,東興段,51.67,非都市：風景區 ; 非都市編定：農牧用地,1,1,全筆移轉,04510001
RPRNMLPJKIKGFBU86DA,東興段,79.55,非都市：風景區 ; 非都市編定：農牧用地,1,1,全筆移轉,04520002
RPQNMLLKKIKGFAU98DA,國風段,11.99,都市：住,10000,789,持分移轉,08420000
RPQNMLLKKIKGFAU98DA,國風段,114.00,都市：住,1,1,全筆移轉,08420013
RPQNMLLKKIKGFAU98DA,國風段,12.39,都市：住,10000,789,持分移轉,08420020
RPPOMLSJKIKGFAU96DA,民孝段,36.81,都市：其他:住宅區,100000,468,持分移轉,00390000
RPQNMLPJKIKGFBU76DA,東興段,34.19,非都市：風景區 ; 非都市編定：農牧用地,1,1,全筆移轉,04460013
RPQNMLPJKIKGFBU76DA,東興段,12.57,非都市：風景區 ; 非都市編定：農牧用地,1,1,全筆移轉,04460014
RPQNMLMKKIKGFAU09DA,仁義段,42.01,都市：住,10000,306,持分移轉,01720000
RPTNMLOJKIKGFAU86DA,樹林段,1258.53,非都市：一般農業區 ; 非都市編定：交通用地,1,1,全筆移轉,00430002
RPSNMLOJKIKGFAU76DA,樹林段,3677.71,非都市：一般農業區 ; 非都市編定：交通用地,1,1,全筆移轉,00450000
RPXNMLMKKIKGFAU17DA,德安段,24.00,都市：住,1,1,全筆移轉,13010000
RPXNMLMKKIKGFAU17DA,德安段,55.00,都市：其他:道路用地,1,1,全筆移轉,13020000
RPWNMLLJKIKGFAU86DA,格督尚段,1943.78,非都市：一般農業區 ; 非都市編定：農牧用地,1,1,全筆移轉,02070000
RPQNMLTJKIKGFCU27DA,玉城段,22.83,都市：其他:住宅區,6,1,持分移轉,06010000
RPQNMLTJKIKGFCU27DA,玉城段,104.00,都市：其他:住宅區,1,1,全筆移轉,06010006
RPUNMLLKKIKGFAU76DA,裕民段,17.65,都市：住,100000,3420,持分移轉,05090000
RPQNMLLKKIKGFCU56DA,玉昌段,40.30,都市：其他:住宅區,1000,92,持分移轉,15950000
RPPNMLLKKIKGFCU09DA,玉城段,173.00,都市：其他:住宅區,1,1,全筆移轉,07510035
RPRNMLLKKIKGFAU09DA,福德段,63.00,都市：住,1,1,全筆移轉,03450000
RPTNMLPKKIKGFAU07DA,富國段,20.39,都市：住,10000,273,持分移轉,05140000
RPOOMLPKKIKGFAU66DA,宜昌段,28.87,都市：住,100000,1860,持分移轉,02750000
RPOOMLPKKIKGFAU66DA,宜昌段,.06,都市：住,100000,1860,持分移轉,02760000
RPOOMLPKKIKGFAU66DA,宜昌段,2.46,都市：住,100000,1860,持分移轉,02820001
RPQNMLMKKIKGFCU66DA,玉璞段,97.00,都市：其他:住宅區,1,1,全筆移轉,35050001
RPSNMLMKKIKGFCU86DA,玉璞段,109.00,都市：其他:住宅區,1,1,全筆移轉,35050002
RPQNMLOJKIKGFBU66DA,豐義段,396.24,都市：其他:商業區,1,1,全筆移轉,07600000
RPQNMLOJKIKGFBU66DA,豐義段,58.89,都市：其他:機關用地,1,1,全筆移轉,07610000
RPQNMLOJKIKGFBU66DA,豐義段,73.31,都市：其他:機關用地,1,1,全筆移轉,07610001
RPPNMLQKKIKGFCU07EA,神農段,1630.00,非都市：一般農業區 ; 非都市編定：農牧用地,1,1,全筆移轉,04590000
RPPNMLMKKIKGFCU66EA,源城段,4048.00,非都市：特定農業區 ; 非都市編定：農牧用地,1,1,全筆移轉,07610000
SPQNMLOJKIKGFBU76DA,豐義段,2.69,都市：其他:保護區,1,1,全筆移轉,02820000
RPPNMLMKKIKGFCU56DA,玉璞段,99.00,都市：其他:住宅區,1,1,全筆移轉,35050003
SPQNMLOJKIKGFBU76DA,豐義段,550.66,都市：其他:住宅區,1,1,全筆移轉,02870000
RPUOMLPKKIKGFAU27DA,富國段,8.14,都市：住,10000,174,持分移轉,00590000
RPPNMLSKKIKGFCU27EA,源北段,4575.98,非都市：特定農業區 ; 非都市編定：農牧用地,1,1,全筆移轉,07910000
RPPNMLTJKIKGFCU17DA,玉璞段,44.00,都市：其他:住宅區,1,1,全筆移轉,33650003
RPPNMLTJKIKGFCU17DA,玉璞段,88.00,都市：其他:住宅區,1,1,全筆移轉,33660002
RPSNMLRKKIKGFAU17DA,潭南段,2539.70,非都市：山坡地保育區 ; 非都市編定：農牧用地,1,1,全筆移轉,04800001
TPQNMLOJKIKGFBU86DA,豐義段,109.60,都市：其他:商業區,1,1,全筆移轉,07570000
RPUNMLTKKIKGFAU57DA,太昌段,1000.00,都市：農,1,1,全筆移轉,17620001
RPTNMLKKKIKGFAU56DA,嘉平段,123.00,都市：住,1,1,全筆移轉,02070002
RPSNMLQKKIKGFAU07DA,廣安段,1250.02,非都市：一般農業區 ; 非都市編定：農牧用地,1,1,全筆移轉,02490000
RPPOMLLLJIKGFAU98DA,慶豐段,76.00,都市：住,1,1,全筆移轉,13320000
RPPOMLLLJIKGFAU98DA,慶豐段,14.00,都市：其他:道路用地,1,1,全筆移轉,13320001
RPRNMLPLJIKGFAU86DA,仁廉段,357.00,都市：住,1,1,全筆移轉,00230000
RPRNMLPLJIKGFAU86DA,仁廉段,23.00,都市：其他:道路用地,1,1,全筆移轉,00350000
RPROMLTKKIKGFAU37DA,太昌段,28.59,都市：住,1800,235,持分移轉,10540000
RPRNMLSKKIKGFAU17DA,興海段,152.18,都市：住,1,1,全筆移轉,05330000
RPQNMLTKJIKGFAU07DA,樹林段,96.76,非都市：一般農業區 ; 非都市編定：甲種建築用地,1,1,全筆移轉,04800000
RPQNMLMJKIKGFCU56DA,掃叭頂段,341.00,非都市：鄉村區 ; 非都市編定：乙種建築用地,1,1,全筆移轉,00170000
RPVNMLTKKIKGFAU67DA,民孝段,75.68,都市：其他:住宅區,10000,579,持分移轉,01060000
RPQNMLSKKIKGFCU27DA,玉城段,813.00,都市：其他:住宅區,1,1,全筆移轉,13970000
RPRNMLQLJIKGFAU96DA,裕民段,16.33,都市：住,100000,2467,持分移轉,05800000
RPQOMLSJKIKGFAU07DA,自強段,26.45,都市：住,20,1,持分移轉,02220000
RPVNMLSJKIKGFAU47DA,裕民段,16.19,都市：住,100000,2445,持分移轉,05800000
RPQOMLSJKIKGFAU07DA,自強段,.57,都市：住,10000,28,持分移轉,02220007
RPQNMLMLKIKGFAU56DA,路內段,53.04,都市：住,100000,1024,持分移轉,03840000
RPPNMLLKKIKGFBU98DA,馬遠段,6101.00,非都市：山坡地保育區 ; 非都市編定：林業用地,1,1,全筆移轉,13330518
RPRNMLOLKIKGFAU86DA,自強段,110.00,都市：住,1,1,全筆移轉,04560004
RPPNMLQJJIKGFCU76DA,玉昌段,736.00,都市：其他:住宅區,1,1,全筆移轉,07110000
RPPNMLQJJIKGFCU76DA,玉昌段,49.00,都市：其他:住宅區,1,1,全筆移轉,07120000
RPQNMLNLKIKGFAU66DA,路內段,52.80,都市：住,100000,1025,持分移轉,03740000
RPPNMLKLKIKGFCU09DA,源城段,4150.00,非都市：特定農業區 ; 非都市編定：農牧用地,1,1,全筆移轉,04650000
RPPOMLMKKIKGFAU09DA,樹林段,97.57,非都市：一般農業區 ; 非都市編定：甲種建築用地,1,1,全筆移轉,02810000
RPPNMLMLKIKGFBU56DA,馬遠段,210.00,非都市：山坡地保育區 ; 非都市編定：丙種建築用地,1,1,全筆移轉,11730002
RPRNMLNLKIKGFAU76DA,自強段,6.39,都市：住,10000,180,持分移轉,03840000
RPRNMLNLKIKGFAU76DA,自強段,3.69,都市：住,10000,180,持分移轉,03850000
RPQNMLNLKIKGFCU86DA,玉璞段,90.00,都市：其他:住宅區,1,1,全筆移轉,32310013
RPVNMLOLKIKGFAU27DA,民德段,77.00,都市：住,1,1,全筆移轉,05860028
RPPNMLNLKIKGFCU76DA,玉璞段,101.00,都市：其他:住宅區,1,1,全筆移轉,32310012
RPWNMLQLKIKGFAU57DA,北濱段,27.40,都市：其他:住宅區,4555,278,持分移轉,05140000
RPUNMLLLJIKGFAU76DA,廣安段,90.10,非都市：鄉村區 ; 非都市編定：乙種建築用地,1,1,全筆移轉,01650000
RPRNMLQLKIKGFCU27DA,崙布山段,4212.71,非都市：山坡地保育區 ; 非都市編定：農牧用地,1,1,全筆移轉,09910002
RPPNMLOLKIKGFCU96EA,後湖段,602.26,非都市：鄉村區 ; 非都市編定：乙種建築用地,2,1,持分移轉,09630000
RPUNMLKMKIKGFAU86DA,國風段,71.00,都市：住,1,1,全筆移轉,12650000
RPTNMLKMKIKGFAU76DA,民德段,20.67,都市：其他:住宅區,10000,87,持分移轉,03650000
RPPNMLTLKIKGFBU27DA,鳳信段,933.11,非都市：鄉村區 ; 非都市編定：乙種建築用地,1,1,全筆移轉,00710000
RPSOMLMJKIKGFAU66DA,明義段,200.00,都市：商,1,1,全筆移轉,07210000
RPPNMLQLKIKGFCU17EA,玉城段,69.00,都市：其他:住宅區,1,1,全筆移轉,01270000
RPSNMLQLKIKGFCU37DA,源城段,2632.00,非都市：特定農業區 ; 非都市編定：農牧用地,1,1,全筆移轉,00660000
RPTNMLMKKIKGFAU76DA,嘉北段,99.00,非都市：鄉村區 ; 非都市編定：乙種建築用地,1,1,全筆移轉,00520000
RPPNMLKMKIKGFCU56DA,玉璞段,102.00,都市：其他:住宅區,1,1,全筆移轉,32330000
RPVNMLTLKIKGFAU77DA,光輝段,150.14,非都市：一般農業區 ; 非都市編定：甲種建築用地,1,1,全筆移轉,07950000
RPPPMLMJKIKGFAU09DA,永安段,1633.05,非都市：一般農業區 ; 非都市編定：農牧用地,1,1,全筆移轉,05200000
RPSNMLKMKIKGFAU66DA,德安段,21.95,都市：住,10000,950,持分移轉,14880000
RPQNMLLMKIKGFAU56DA,南埔段,129.00,非都市：特定農業區 ; 非都市編定：甲種建築用地,1,1,全筆移轉,29060021
RPUNMLNLKIKGFAU07DA,嘉南段,161.00,都市：住,1,1,全筆移轉,03220000
RPOOMLKMKIKGFAU98DA,仁廉段,178.00,都市：住,1,1,全筆移轉,09740002
RPUPMLPKKIKGFAU37DA,慶豐段,113.00,都市：住,1,1,全筆移轉,24080016
RPWNMLLMKIKGFAU17DA,石壁段,138.52,非都市：一般農業區 ; 非都市編定：甲種建築用地,1,1,全筆移轉,07640000
RPTNMLTKKIKGFAU47DA,裕民段,16.33,都市：住,100000,2467,持分移轉,05800000
RPWNMLLMKIKGFAU17DA,石壁段,12.68,非都市：一般農業區 ; 非都市編定：甲種建築用地,1,1,全筆移轉,07680001
RPQOMLLMKIKGFAU66DA,慈安段,55.00,都市：住,1,1,全筆移轉,04850000
RPQOMLKMKIKGFAU56DA,南埔段,152.00,非都市：特定農業區 ; 非都市編定：甲種建築用地,1,1,全筆移轉,23240005
RPSPMLPKKIKGFAU17DA,民孝段,38.54,都市：住,100000,490,持分移轉,00390000
RPSNMLLMKIKGFAU76DA,路內段,46.31,都市：住,100000,899,持分移轉,03740000
RPPNMLSLKIKGFAU07DA,富國段,152.00,都市：住,1,1,全筆移轉,01860000
RPSNMLNLKIKGFAU86DA,民意段,117.00,都市：住,1,1,全筆移轉,08620000
RPPNMLTLKIKGFBU37EA,萬利段,2622.72,非都市：一般農業區 ; 非都市編定：農牧用地,1,1,全筆移轉,01460000
RPQNMLQLKIKGFBU17EA,秀山段,73.46,都市：其他:保護區,1,1,全筆移轉,01880001
RPPNMLQJJHLGFCU86EA,玉昌段,30.00,,1,1,全筆移轉,13360005
RPXNMLLMKIKGFAU27DA,豐東段,2654.99,非都市：一般農業區 ; 非都市編定：農牧用地,1,1,全筆移轉,14810000
RPWNMLKMKIKGFAU07DA,樹林段,84.42,非都市：一般農業區 ; 非都市編定：甲種建築用地,1,1,全筆移轉,02340000
RPPOMLPJJHLGFAU56DA,主權段,22.81,都市：住,231,17,持分移轉,00910000
RPVOMLRJJHLGFAU37DA,裕民段,18.25,都市：住,100000,2757,持分移轉,05800000
RPVNMLQJJHLGFCU37DA,萬寧段,1115.11,非都市：山坡地保育區 ; 非都市編定：農牧用地,1,1,全筆移轉,04370000
RPWNMLSJJHLGFAU47DA,慶豐段,89.00,都市：住,1,1,全筆移轉,10690011
RPPNMLSJJHLGFAU76DA,平和段,1025.00,都市：農,1,1,全筆移轉,08250015
RPPNMLSJJHLGFAU76DA,平和段,37.27,都市：農,32,1,持分移轉,08250017
RPPNMLSJJHLGFAU76DA,平和段,32.26,都市：農,1,1,全筆移轉,08270002
RPWNMLTJJHLGFAU57DA,石壁段,309.90,非都市：一般農業區 ; 非都市編定：農牧用地,1,1,全筆移轉,03810003
RPWNMLTJJHLGFAU57DA,石壁段,452.93,非都市：一般農業區 ; 非都市編定：農牧用地,1,1,全筆移轉,08490001
RPPNMLTLKIKGFCU37DA,舞鶴東段,4641.00,非都市：山坡地保育區 ; 非都市編定：農牧用地,1,1,全筆移轉,02260000
RPROMLMKJHLGFAU56DA,慶豐段,102.00,都市：住,1,1,全筆移轉,10730036
RPXOMLRJJHLGFAU57DA,自強段,26.45,都市：住,20,1,持分移轉,02220000
RPVNMLSJJHLGFAU37DA,仁恥段,540.00,都市：農,1,1,全筆移轉,00080000
RPVNMLSJJHLGFAU37DA,仁恥段,62.75,都市：農,4,1,持分移轉,00080004
RPXOMLRJJHLGFAU57DA,自強段,.57,都市：住,10000,28,持分移轉,02220007
RPQNMLOKJHLGFAU56DA,林森段,99.00,都市：住,1,1,全筆移轉,15600000
RPWOMLMJKIKGFAU07DA,仁恥段,126.00,都市：其他:道路用地,1,1,全筆移轉,09280000
RPOPMLOKJHLGFAU56DA,碧雲段,28.00,都市：住,1,1,全筆移轉,00620002
RPOPMLOKJHLGFAU56DA,碧雲段,11.00,都市：住,1,1,全筆移轉,00620009
RPOPMLOKJHLGFAU56DA,碧雲段,56.00,都市：住,1,1,全筆移轉,00620010
RPPNMLNKJHLGFAU98DA,光榮段,37.84,非都市：鄉村區 ; 非都市編定：乙種建築用地,1,1,全筆移轉,00980004
RPRNMLOKJHLGFCU86DA,民北段,4075.77,非都市：山坡地保育區 ; 非都市編定：農牧用地,1,1,全筆移轉,00510000
RPPNMLNKJHLGFAU98DA,光榮段,37.50,非都市：鄉村區 ; 非都市編定：乙種建築用地,1,1,全筆移轉,00980005
RPPNMLNKJHLGFAU98DA,光榮段,15.99,非都市：鄉村區 ; 非都市編定：乙種建築用地,1,1,全筆移轉,00990002
RPPNMLNKJHLGFAU98DA,光榮段,15.88,非都市：鄉村區 ; 非都市編定：乙種建築用地,1,1,全筆移轉,00990003
RPRNMLOKJHLGFAU66DA,自強段,113.00,都市：住,1,1,全筆移轉,00370009
RPPNMLPKJHLGFAU56DA,宜安段,27.35,都市：住,100000,655,持分移轉,06410000
RPQNMLOKJHLGFCU76DA,玉昌段,17.00,都市：其他:住宅區,1,1,全筆移轉,03690022
RPSPMLOKJHLGFAU96DA,明義段,23.70,都市：商,10000,309,持分移轉,10900000
RPQNMLOKJHLGFCU76DA,玉昌段,57.00,都市：其他:住宅區,1,1,全筆移轉,03690023
RPQNMLOKJHLGFCU76DA,玉昌段,29.00,都市：其他:住宅區,1,1,全筆移轉,03690024
RPSPMLOKJHLGFAU96DA,明義段,1.48,都市：商,10000,309,持分移轉,10900004
RPPNMLTKJHLGFCU27EA,瑞良段,39.99,都市：其他:住宅區,1,1,全筆移轉,05550001
RPUPMLOKJHLGFAU17DA,明義段,23.62,都市：商,10000,308,持分移轉,10900000
RPUPMLOKJHLGFAU17DA,明義段,1.48,都市：商,10000,308,持分移轉,10900004
RPPOMLPKJHLGFAU66DA,仁恥段,46.05,都市：住,400000,10060,持分移轉,00360000
RPTOMLOJKIKGFAU96DA,永興段,131.19,非都市：特定農業區 ; 非都市編定：甲種建築用地,1,1,全筆移轉,01680002
RPOOMLMLJHLGFAU98DA,仁恥段,403.00,都市：住,1,1,全筆移轉,05950000
RPUNMLQKJHLGFAU17DA,裕民段,16.31,都市：住,100000,2464,持分移轉,05800000
RPOOMLQKJHLGFAU66DA,宜安段,82.71,都市：住,100000,1981,持分移轉,06410000
RPWNMLKLJHLGFAU86DA,明義段,76.00,都市：住,1,1,全筆移轉,00390000
RPROMLTKJHLGFAU27DA,裕民段,16.38,都市：住,100000,2474,持分移轉,05800000
RPVNMLMLKIKGFAU07DA,慈惠段,114.86,都市：住,1000,485,持分移轉,04880008
RPSNMLMLJHLGFAU66DA,宜昌段,21.00,都市：其他:道路用地,1,1,全筆移轉,09510000
RPSNMLMLJHLGFAU66DA,宜昌段,351.00,都市：商,1,1,全筆移轉,09520000
RPQNMLMKJIKGFAU98DA,裕民段,242.00,都市：商,1,1,全筆移轉,04560000
RPPNMLOLKIKGFAU76EA,國光段,12.54,都市：住,10000,95,持分移轉,00650000
RPXNMLLLJHLGFAU07DA,民勤段,46.93,都市：住,1000,95,持分移轉,00840000
RPTOMLNLJHLGFAU96DA,國股段,1766.44,都市：其他:公園兼兒童遊樂場用地,1,1,全筆移轉,05540000
RPWNMLMLKIKGFAU17DA,民生段,100.00,都市：商,1,1,全筆移轉,08430000
RPRNMLNLJHLGFBU76DA,南平段,7072.60,非都市：一般農業區 ; 非都市編定：農牧用地,1,1,全筆移轉,02380000
RPWNMLMLKIKGFAU17DA,民生段,2.00,都市：商,1,1,全筆移轉,08430001
RPTNMLKLJHLGFAU56DA,大漢段,115.17,非都市：鄉村區 ; 非都市編定：乙種建築用地,1,1,全筆移轉,01690000
RPQNMLNLJHLGFBU66DA,大安段,181.00,都市：其他:商業區,1,1,全筆移轉,16790000
RPTOMLMLJHLGFAU86DA,宜寧段,25.34,都市：商,100000,2275,持分移轉,04440000
RPTOMLMLJHLGFAU86DA,宜寧段,1.62,都市：商,100000,2275,持分移轉,04450000
RPOOMLKLJHLGFAU78DA,廣賢段,3005.03,非都市：一般農業區 ; 非都市編定：農牧用地,1,1,全筆移轉,01750003
RPSNMLRLJHLGFAU17DA,四維段,564.64,都市：農,1,1,全筆移轉,01620003
RPUNMLQLJHLGFAU27DA,裕民段,16.33,都市：住,100000,2467,持分移轉,05800000
RPPNMLPLKHLGFCU96DA,禹中段,2568.55,非都市：一般農業區 ; 非都市編定：農牧用地,1,1,全筆移轉,07490000
RPUNMLSJKIKGFAU37DA,慶豐段,87.00,都市：住,1,1,全筆移轉,10690014
RPQOMLQLJIKGFAU96DA,慶豐段,21.67,都市：商,10000,1238,持分移轉,17040001
RPXNMLLJKIKGFAU96DA,民意段民意小段,77.13,都市：其他:住宅區,1,1,全筆移轉,00020007
RPQNMLPKKIKGFCU96DA,玉璞段,86.00,都市：其他:住宅區,1,1,全筆移轉,32510000
RPUNMLSLJHLGFAU47DA,富國段,33.56,都市：商,10000,226,持分移轉,03370000
RPQNMLPKKIKGFCU96DA,玉璞段,55.00,都市：其他:住宅區,1,1,全筆移轉,32520000
RPQNMLTJKIKGFAU07DA,慈惠段一小段,29.55,都市：住,10000,379,持分移轉,00240000
RPQNMLTJKIKGFAU07DA,慈惠段一小段,.02,都市：其他:人行步道虛線,10000,379,持分移轉,00240001
RPQNMLTJKIKGFAU07DA,慈惠段一小段,1.00,都市：住,10000,379,持分移轉,00250000
RPRNMLTJKIKGFAU17DA,忠孝段,315.01,都市：農,1,1,全筆移轉,07940000
RPTNMLMKJIKGFAU66DA,光華段二小段,13.44,非都市：工業區 ; 非都市編定：丁種建築用地,10000,337,持分移轉,01170004
RPTNMLMKJIKGFAU66DA,光華段二小段,15.23,非都市：工業區 ; 非都市編定：丁種建築用地,10000,337,持分移轉,01170005
RPXNMLTJKIKGFAU77DA,莊敬段,7.54,都市：住,10000,366,持分移轉,05340001
RPXNMLTJKIKGFAU77DA,莊敬段,4.39,都市：住,10000,366,持分移轉,05350012
RPXNMLTJKIKGFAU77DA,莊敬段,4.58,都市：住,10000,366,持分移轉,05350013
RPUNMLTJKIKGFAU47DA,慈雲段,405.56,都市：農,1,1,全筆移轉,02690000
RPUNMLTJKIKGFAU47DA,慈雲段,84.73,都市：農,1,1,全筆移轉,02690001
RPSNMLPKKIKGFAU96DA,古魯社段,2608.02,都市：農,1,1,全筆移轉,08580000
RPTNMLLKKIKGFAU66DA,宜安段,97.00,都市：住,1,1,全筆移轉,00150000
RPPNMLQLJIKGFAU76DA,嘉南段,93.00,都市：住,1,1,全筆移轉,07320015
RPPNMLMKKIKGFAU98DA,樹人段,75.00,都市：其他:住宅區,1,1,全筆移轉,00040008
RPUNMLMKKIKGFAU86DA,林森段,94.97,都市：住,10000,1678,持分移轉,15850000
RPPNMLTJKIKGFBU07DA,鳳仁段,198.00,都市：其他:住宅區,1,1,全筆移轉,08440000
RPUOMLSLIIKGFCU67DA,瑞祥段,2344.46,非都市：一般農業區 ; 非都市編定：農牧用地,1,1,全筆移轉,09350000
RPUOMLSLIIKGFCU67DA,瑞祥段,671.10,非都市：一般農業區 ; 非都市編定：甲種建築用地,1,1,全筆移轉,09360000
SPUOMLSLIIKGFCU77DA,瑞祥段,3972.98,非都市：一般農業區 ; 非都市編定：農牧用地,1,1,全筆移轉,09370000
SPUOMLSLIIKGFCU77DA,瑞祥段,2847.07,非都市：一般農業區 ; 非都市編定：農牧用地,1,1,全筆移轉,09370001
RPSNMLMKKIKGFAU66DA,北濱段,54.00,都市：住,1,1,全筆移轉,03360002
RPPOMLPKKIKGFAU76DA,宜安段,19.50,都市：住,100000,467,持分移轉,06410000
RPWNMLMKKIKGFAU07DA,德安段,153.00,都市：其他:住宅區,1,1,全筆移轉,12860001
RPTNMLQKKIKGFAU17DA,國風段,156.00,都市：住,1,1,全筆移轉,04620001
RPTNMLQKKIKGFAU17DA,國風段,41.67,都市：其他:住宅區,12,2,持分移轉,04640000
RPVNMLMKJIKGFAU86DA,嘉南段,100.00,都市：住,1,1,全筆移轉,05270004
RPQNMLRKKIKGFAU96DA,光英段,264.70,非都市：一般農業區 ; 非都市編定：農牧用地,1,1,全筆移轉,02280000
RPROMLMJKIKGFAU56DA,裕民段,16.22,都市：住,100000,2450,持分移轉,05800000
RPXNMLNJKIKGFAU17DA,國股段,496.44,都市：農,1,1,全筆移轉,01110001
SPQOMLTKKIKGFAU37DA,草林段,253.42,非都市：一般農業區 ; 非都市編定：甲種建築用地,1,1,全筆移轉,06250000
RPSNMLTKKIKGFAU37DA,莊敬段,161.00,都市：住,1,1,全筆移轉,02400000
RPQOMLTKKIKGFAU27DA,草林段,214.73,非都市：一般農業區 ; 非都市編定：農牧用地,1,1,全筆移轉,06240000
RPRNMLSKKIKGFCU37DA,酸柑段,97.00,非都市：一般農業區 ; 非都市編定：甲種建築用地,1,1,全筆移轉,02630000
RPWNMLNLKIKGFAU27DA,廣安段,74.89,非都市：一般農業區 ; 非都市編定：甲種建築用地,1,1,全筆移轉,05420000
RPPNMLSLJIKGFAU96DA,裕民段,16.32,都市：住,100000,2465,持分移轉,05800000
RPPNMLSKKIKGFAU96DA,仁義段,29.20,都市：住,10,1,持分移轉,03730008
RPPNMLSKKIKGFAU96DA,仁義段,117.00,都市：住,1,1,全筆移轉,03730011
RPUNMLNJKIKGFAU86DA,裕民段,16.31,都市：住,100000,2464,持分移轉,05800000
RPPNMLMLKIKGFCU66DA,明里段,2068.30,非都市：特定農業區 ; 非都市編定：農牧用地,1,1,全筆移轉,06590000
RPQNMLMLKIKGFCU76DA,明里段,2216.79,非都市：一般農業區 ; 非都市編定：農牧用地,1,1,全筆移轉,01210000
RPRNMLMLKIKGFCU86DA,明里段,1607.99,非都市：一般農業區 ; 非都市編定：農牧用地,1,1,全筆移轉,01400000
RPUOMLMJKIKGFAU86DA,裕民段,32.52,都市：住,100000,4912,持分移轉,05800000
RPVNMLLKKIKGFAU86DA,裕民段,18.25,都市：住,100000,2757,持分移轉,05800000
RPPNMLMLKIKGFAU09DA,裕民段,121.00,都市：住,1,1,全筆移轉,02220000
RPSNMLKLJIKGFCU66DA,民北段,2740.20,非都市：一般農業區 ; 非都市編定：農牧用地,1,1,全筆移轉,06370000
RPSNMLKLJIKGFCU66DA,民北段,1809.52,非都市：一般農業區 ; 非都市編定：農牧用地,1,1,全筆移轉,06390000
RPSNMLKLJIKGFCU66DA,民北段,921.29,非都市：一般農業區 ; 非都市編定：農牧用地,1,1,全筆移轉,06400000
RPSNMLKLJIKGFCU66DA,民北段,970.64,非都市：一般農業區 ; 非都市編定：農牧用地,1,1,全筆移轉,06640000
RPPNMLQLKIKGFAU86DA,北濱段,10.00,都市：商,1,1,全筆移轉,08970000
RPPNMLQLKIKGFAU86DA,北濱段,20.00,都市：商,1,1,全筆移轉,08980000
RPPOMLKMKIKGFAU09DA,北濱段,3.00,都市：其他:道路用地,1,1,全筆移轉,10310001
RPTNMLTLKIKGFAU57DA,碧雲段,193.00,都市：住,1,1,全筆移轉,04670000
RPUOMLKMKIKGFAU96DA,富國段,93.00,都市：住,1,1,全筆移轉,04970003
RPPOMLKMKIKGFAU09DA,北濱段,7.00,都市：其他:道路用地,1,1,全筆移轉,10320001
RPPOMLKMKIKGFAU09DA,林森段,3.69,都市：其他:道路用地,19176,188,持分移轉,36940000
RPRNMLMJJHLGFAU98DA,福興段,105.00,都市：住,1,1,全筆移轉,07080005
RPRNMLPJKIKGFCU96DA,玉璞段,59.00,都市：其他:住宅區,1,1,全筆移轉,18750000
RPRNMLPJKIKGFCU96DA,玉璞段,33.00,都市：其他:住宅區,1,1,全筆移轉,18800002
RPPNMLPJJHLGFCU66DA,石平段,11022.00,非都市：山坡地保育區 ; 非都市編定：農牧用地,1,1,全筆移轉,00680032
RPPNMLPJJHLGFCU66DA,石平段,4633.00,非都市：山坡地保育區 ; 非都市編定：農牧用地,1,1,全筆移轉,00680034
RPPNMLPJJHLGFCU66DA,石平段,1653.00,非都市：山坡地保育區 ; 非都市編定：農牧用地,1,1,全筆移轉,00680097
RPSNMLMKJHLGFAU56DA,福德段,442.00,都市：農,1,1,全筆移轉,05200000
RPSNMLMKJHLGFAU56DA,福德段,1.00,都市：農,1,1,全筆移轉,05200001
RPXNMLPJJHLGFAU27DA,萬豐段,888.64,非都市：一般農業區 ; 非都市編定：農牧用地,1,1,全筆移轉,06450000
RPXNMLPJJHLGFAU27DA,萬豐段,1057.01,非都市：一般農業區 ; 非都市編定：農牧用地,1,1,全筆移轉,06460000
RPQNMLKLJIKGFAU88DA,廣安段,71.35,非都市：鄉村區 ; 非都市編定：乙種建築用地,1,1,全筆移轉,11240004
RPXNMLPJJHLGFAU27DA,萬豐段,1000.73,非都市：一般農業區 ; 非都市編定：農牧用地,1,1,全筆移轉,06470000
RPXNMLPJJHLGFAU27DA,萬豐段,961.52,非都市：一般農業區 ; 非都市編定：農牧用地,1,1,全筆移轉,06480000
RPXNMLPJJHLGFAU27DA,萬豐段,930.93,非都市：一般農業區 ; 非都市編定：農牧用地,1,1,全筆移轉,06490000
RPOOMLMKJHLGFAU88DA,永興段,91.25,非都市：特定農業區 ; 非都市編定：甲種建築用地,1,1,全筆移轉,02090000
RPQNMLKLJIKGFAU88DA,廣安段,9.16,非都市：鄉村區 ; 非都市編定：交通用地,1,1,全筆移轉,11330000
RPVNMLNLKIKGFAU17DA,仁禮段,154.00,都市：其他:道路用地,1,1,全筆移轉,00930000
RPQNMLTLKIKGFBU37DA,大榮段,3924.94,非都市：一般農業區 ; 非都市編定：農牧用地,1,1,全筆移轉,07720000
RPWNMLPJJHLGFAU17DA,北濱段,12.94,都市：其他:住宅區,31000,1294,持分移轉,13560000
RPUNMLMKJHLGFAU76DA,福德段,835.00,都市：農,1,1,全筆移轉,05280000
RPUNMLMKJHLGFAU76DA,福德段,4.00,都市：農,1,1,全筆移轉,05280001
RPUNMLNKJHLGFAU86DA,樹人段,98.00,都市：商,1,1,全筆移轉,06110010
RPSPMLMJKIKGFAU76DA,興海段,198.00,都市：住,1,1,全筆移轉,09750003
RPSPMLMJKIKGFAU76DA,興海段,1.24,都市：其他:道路用地,1,1,全筆移轉,09770000
RPSPMLMJKIKGFAU76DA,興海段,1333.24,都市：住,1,1,全筆移轉,09780000
RPSPMLMJKIKGFAU76DA,興海段,14.27,都市：其他:道路用地,1,1,全筆移轉,09790000
RPSPMLMJKIKGFAU76DA,興海段,121.99,都市：其他:道路用地,1,1,全筆移轉,09800000
RPRNMLPJKIKGFAU76DA,東明段,300.00,非都市：風景區 ; 非都市編定：農牧用地,1,1,全筆移轉,01660004
RPQNMLPKJHLGFCU86DA,富安段,41.52,都市：其他:住宅區,4,1,持分移轉,00500000
RPTNMLMLJHLGFAU76DA,五十甲段,212.50,非都市：一般農業區 ; 非都市編定：農牧用地,8,2,持分移轉,07450000
RPQNMLPKJHLGFCU86DA,富安段,7.53,都市：其他:住宅區,4,1,持分移轉,00500001
RPQNMLPKJHLGFCU86DA,富安段,.01,都市：其他:住宅區,4,1,持分移轉,00500002
RPPNMLQLJHLGFCU96DA,瑞美段,831.00,都市：其他:住宅區,1,1,全筆移轉,10400000
RPXOMLNLJHLGFAU37DA,裕民段,28.37,都市：住,100000,2869,持分移轉,04390000
RPWNMLLLJIKGFAU96DA,碧雲段,174.00,都市：住,1,1,全筆移轉,04660000
RPWNMLLLJIKGFAU96DA,碧雲段,21.00,都市：住,1,1,全筆移轉,04660001
RPOOMLTKKIKGFAU07DA,民享段,138.00,都市：商,1,1,全筆移轉,03990000
RPVNMLLLJHLGFAU86DA,忠孝段,366.30,都市：農,1,1,全筆移轉,03380003
RPPNMLKMJHLGFBU09EA,浴海段,398.92,都市：其他:農業區,1,1,全筆移轉,04060000
RPUOMLOJKHLGFAU07DA,國風段,61.00,都市：住,1,1,全筆移轉,02280000
RPPPMLPJKHLGFAU76DA,富國段,4.32,都市：住,10000,36,持分移轉,01900000
RPQOMLOJKHLGFAU66DA,民勤段,44.00,都市：住,8,1,持分移轉,13430003
RPTPMLPJKHLGFAU17DA,新興段,34.09,都市：住,835,22,持分移轉,01300004
RPQOMLOJKHLGFAU66DA,民勤段,8.38,都市：其他:住宅區,8,1,持分移轉,13440006
RPPNMLKKKIKGFAU78DA,宜昌段,96.00,都市：商,1,1,全筆移轉,08390001
RPUNMLSLJIKGFAU47DA,宜昌段,69.00,都市：住,1,1,全筆移轉,01200008
RPPNMLRLJIKGFBU96DA,北林段,1699.63,非都市：特定農業區 ; 非都市編定：農牧用地,1,1,全筆移轉,07130000
RPWNMLKKKIKGFAU86DA,宜安段,22.39,都市：住,10000,103,持分移轉,05890000
RPPNMLRLJIKGFBU96DA,北林段,1114.96,非都市：特定農業區 ; 非都市編定：農牧用地,1,1,全筆移轉,07150000
RPXNMLNLKIKGFAU37DA,仁義段,3.00,都市：其他:道路用地,1,1,全筆移轉,06800004
RPRNMLMKKIKGFAU56DA,樹林段,84.44,非都市：一般農業區 ; 非都市編定：甲種建築用地,1,1,全筆移轉,03320000
RPPNMLLMKIKGFAU09DA,鹽寮段,3107.71,非都市：風景區 ; 非都市編定：農牧用地,1,1,全筆移轉,04040000
RPRNMLMKJIKGFAU09DA,民心段,735.15,都市：其他:工業區,130420,14703,持分移轉,05260007
RPRNMLMKJIKGFAU09DA,民心段,7860.00,,1,1,全筆移轉,05260067
RPWNMLOLKIKGFAU37DA,吉興段,368.26,,1,1,全筆移轉,08200004
RPPNMLLMKIKGFCU66DA,卓樂段,280.00,非都市：鄉村區 ; 非都市編定：乙種建築用地,1,1,全筆移轉,05150000
RPXNMLMKJHLGFAU07DA,萬壽段一小段,602.00,非都市：鄉村區 ; 非都市編定：乙種建築用地,1,1,全筆移轉,01470036
RPPNMLMJJHLGFCU09EA,玉昌段玉昌一小段,335.23,都市：其他:住宅區,1,1,全筆移轉,00050000
RPXNMLMKJHLGFAU07DA,萬壽段一小段,25.00,非都市：鄉村區 ; 非都市編定：乙種建築用地,1,1,全筆移轉,01470038
RPPNMLMLKIKGFCU76EA,永良段,285.36,非都市：山坡地保育區 ; 非都市編定：農牧用地,64,6,持分移轉,09060000
TPPNMLMLKIKGFCU96EA,永良段,2547.43,非都市：山坡地保育區 ; 非都市編定：農牧用地,1,1,全筆移轉,09060015
RPVNMLTKJHLGFAU57DA,慶豐段,84.00,都市：住,1,1,全筆移轉,19840000
SPPNMLMLKIKGFCU86EA,永良段,2547.43,非都市：山坡地保育區 ; 非都市編定：農牧用地,1,1,全筆移轉,09060011
RPVNMLTKJHLGFAU57DA,慶豐段,23.00,都市：其他:道路用地,1,1,全筆移轉,19840001
RPRNMLLLJHLGFAU09DA,仁義段,83.00,都市：住,1,1,全筆移轉,06730000
RPPPMLOJJIKGFAU56DA,民享段,150.00,都市：住,1,1,全筆移轉,13020000
RPPNMLQKKIKGFAU76DA,宜安段,45.22,都市：住,100000,1083,持分移轉,06410000
RPPNMLSLJIKGFBU07DA,水廣段,6514.84,非都市：山坡地保育區 ; 非都市編定：林業用地,1,1,全筆移轉,00010000
RPPNMLSLJIKGFBU07DA,水廣段,1968.63,非都市：山坡地保育區 ; 非都市編定：農牧用地,1,1,全筆移轉,00030000
RPRNMLSLJHLGFAU17DA,民孝段,49.17,都市：住,100000,698,持分移轉,00690000
RPPNMLMLKIKGFBU66EA,萬利段,5767.04,非都市：山坡地保育區 ; 非都市編定：林業用地,1,1,全筆移轉,08240000
RPSNMLMJJHLGFAU09DA,光輝段,828.46,非都市：一般農業區 ; 非都市編定：農牧用地,1,1,全筆移轉,05180000
RPRNMLLLJHLGFCU66DA,新舞鶴段,929.49,非都市：山坡地保育區 ; 非都市編定：農牧用地,1,1,全筆移轉,12370000
RPRNMLLLJHLGFCU66DA,新舞鶴段,2655.26,非都市：山坡地保育區 ; 非都市編定：農牧用地,1,1,全筆移轉,12380000
RPSNMLTLKIKGFAU47DA,慶豐段,853.00,都市：住,1,1,全筆移轉,20120000
RPSNMLTLKIKGFAU47DA,慶豐段,35.00,都市：其他:道路用地,1,1,全筆移轉,20120001
RPUNMLMLKIKGFAU96DA,民勤段,130.00,都市：其他:住宅區,1,1,全筆移轉,01330000
RPQNMLMJKHLGFBU09DA,大安段,58.00,,1,1,全筆移轉,04030002
RPTOMLMKJHLGFAU76DA,吉興段,866.34,都市：農,1,1,全筆移轉,07850000
RPPNMLOJKHLGFAU09DA,民德段,191.00,都市：住,1,1,全筆移轉,04000002
RPPOMLNLKHLGFAU66DA,新興段,35.36,都市：住,835,22,持分移轉,01300000
RPSNMLOKJHLGFAU76DA,池南段,1695.78,都市：農,1,1,全筆移轉,04110000
RPPNMLMJKIKGFBU98DA,馬佛段,1714.73,非都市：一般農業區 ; 非都市編定：農牧用地,1,1,全筆移轉,03180000
RPUNMLMJLHLGFAU86DA,民德段,53.38,都市：住,10000,922,持分移轉,05770003
RPSOMLOJKIKGFAU86DA,慶豐段,291.00,都市：其他:道路用地,1,1,全筆移轉,09050004
RPSOMLOJKIKGFAU86DA,慶豐段,317.00,都市：其他:道路用地,1,1,全筆移轉,09050017
RPXOMLOJKHLGFAU37DA,加灣段,1646.49,非都市：一般農業區 ; 非都市編定：農牧用地,1,1,全筆移轉,13210000
RPVNMLTJJHLGFAU47DA,北濱段,18.79,都市：其他:住宅區,100000,6456,持分移轉,00950003
RPRNMLLJKHLGFAU98DA,北濱段,10.47,都市：住,100000,3598,持分移轉,00950003
RPVNMLTJJHLGFAU47DA,北濱段,18.01,都市：其他:住宅區,100000,6456,持分移轉,00950004
RPRNMLLJKHLGFAU98DA,北濱段,10.04,都市：住,100000,3598,持分移轉,00950004
RPPNMLTKJHLGFAU07EA,樹人段,11.44,都市：住,32,1,持分移轉,00740000
RPTNMLMJLHLGFAU76DA,民德段,41.51,都市：住,10000,717,持分移轉,05770003
RPUNMLMJKHLGFAU76DA,吉興段,116.86,都市：住,1,1,全筆移轉,08670002
RPUNMLMJKHLGFAU76DA,吉興段,116.86,都市：住,1,1,全筆移轉,08670004
RPUNMLMJKHLGFAU76DA,吉興段,116.86,都市：住,1,1,全筆移轉,08670005
RPUNMLMJKHLGFAU76DA,吉興段,116.86,都市：住,1,1,全筆移轉,08670006
RPUNMLMJKHLGFAU76DA,吉興段,116.85,都市：住,1,1,全筆移轉,08670007
RPQNMLOLKIKGFAU76DA,富國段,27.51,都市：住,10000,407,持分移轉,00770000
RPQOMLQLJHLGFAU96DA,新興段,34.09,都市：住,835,22,持分移轉,01300004
RPXNMLSJKIKGFAU67DA,慶豐段,66.00,都市：住,1,1,全筆移轉,10640032
RPXNMLTKJHLGFAU77DA,宜安段,32.73,都市：住,100000,784,持分移轉,06410000
RPPNMLTKJIKGFBU07DA,長橋段,736.57,非都市：鄉村區 ; 非都市編定：乙種建築用地,1,1,全筆移轉,09950000
RPVOMLNLKHLGFAU27DA,新興段,35.36,都市：住,835,22,持分移轉,01300000
RPSNMLKMJHLGFAU56DA,民德段,33.35,都市：住,10000,576,持分移轉,05770003
RPTNMLMKKHLGFAU76DA,新興段,35.36,都市：住,835,22,持分移轉,01300000
RPSNMLPJKHLGFAU86DA,新興段,34.09,都市：住,835,22,持分移轉,01300004
RPOPMLNLJHLGFAU56DA,新興段,35.36,都市：住,835,22,持分移轉,01300000
RPROMLNLJHLGFAU76DA,新興段,35.36,都市：住,835,22,持分移轉,01300000
RPRNMLQKJHLGFAU86DA,福興段,103.00,都市：住,1,1,全筆移轉,03200004
RPQNMLNLJHLGFAU56DA,福興段,108.00,都市：住,1,1,全筆移轉,03200006
RPQNMLRLKHLGFAU07DA,碧雲段,14.06,都市：住,10000,642,持分移轉,03580000
RPPPMLSLJHLGFAU17DA,北濱段,11.93,都市：住,100000,4099,持分移轉,00950003
RPPPMLSLJHLGFAU17DA,北濱段,11.44,都市：住,100000,4099,持分移轉,00950004
RPPNMLTJKHLGFAU96DA,福興段,103.00,都市：住,1,1,全筆移轉,03200003
RPRNMLNKKHLGFAU66DA,福興段,122.00,都市：住,1,1,全筆移轉,03200008
RPWNMLQLKHLGFAU57DA,北濱段,18.79,都市：住,100000,6456,持分移轉,00950003
RPTNMLPJJHLGFAU86DA,裕民段,16.33,都市：住,100000,2467,持分移轉,05800000
RPWNMLQLKHLGFAU57DA,北濱段,18.01,都市：住,100000,6456,持分移轉,00950004
RPVPMLPJKHLGFAU37DA,福興段,125.00,都市：住,1,1,全筆移轉,03200007
RPSNMLQLJIKGFAU07DA,裕民段,32.52,都市：住,100000,4912,持分移轉,05800000
RPUNMLNLKHLGFAU07DA,新興段,26.34,都市：住,835,17,持分移轉,01300004
RPSNMLNJKIKGFAU66DA,裕民段,16.40,都市：住,100000,2477,持分移轉,05800000
RPRPMLMJKIKGFAU66DA,裕民段,18.25,都市：住,100000,2757,持分移轉,05800000
RPPNMLPKKIKGFAU66DA,裕民段,34.00,都市：住,100000,5136,持分移轉,05800000
RPWNMLNJKIKGFAU07DA,裕民段,16.35,都市：住,100000,2470,持分移轉,05800000
RPQOMLNJKIKGFAU56DA,裕民段,16.34,都市：住,100000,2468,持分移轉,05800000
RPPOMLNJLHLGFAU56DA,裕民段,16.35,都市：住,100000,2470,持分移轉,05800000
RPOOMLNJKIKGFAU98DA,裕民段,16.40,都市：住,100000,2477,持分移轉,05800000
RPRNMLSJKIKGFAU07DA,裕民段,16.39,都市：住,100000,2476,持分移轉,05800000
RPVNMLMKKIKGFAU96DA,裕民段,16.33,都市：住,100000,2467,持分移轉,05800000
RPVNMLPKKIKGFAU27DA,裕民段,16.38,都市：住,100000,2475,持分移轉,05800000
RPPOMLRJJHLGFAU76DA,福興段,118.00,都市：住,1,1,全筆移轉,03200000
RPTNMLLMKIKGFAU86DA,裕民段,16.32,都市：住,100000,2465,持分移轉,05800000
RPOOMLLLJHLGFAU88DA,裕民段,18.25,都市：住,100000,2757,持分移轉,05800000
RPTNMLSJJHLGFAU17DA,福興段,103.00,都市：住,1,1,全筆移轉,03200005
RPQNMLMLJHLGFAU09DA,裕民段,16.33,都市：住,100000,2467,持分移轉,05800000
RPPNMLMJJHLGFAU78DA,裕民段,16.33,都市：住,100000,2467,持分移轉,05800000
RPVNMLQKJHLGFAU27DA,裕民段,16.28,都市：住,100000,2459,持分移轉,05800000
RPSNMLSLJHLGFAU27DA,新興段,34.09,都市：住,835,22,持分移轉,01300004
RPPNMLRLKHLGFAU96DA,碧雲段,14.50,都市：住,10000,662,持分移轉,03580000
RPRNMLLMKIKGFAU66DA,裕民段,16.33,都市：住,100000,2467,持分移轉,05800000
RPPNMLMJLHLGFAU98DA,碧雲段,14.06,都市：住,10000,642,持分移轉,03580000
RPXNMLPKKIKGFAU47DA,宜安段,26.68,都市：住,100000,639,持分移轉,06410000
RPPOMLMJLHLGFAU09DA,碧雲段,13.34,都市：住,10000,609,持分移轉,03580000
RPUOMLPJKHLGFAU17DA,新興段,35.36,都市：住,835,22,持分移轉,01300000
RPUNMLLJKHLGFAU66DA,北濱段,12.13,都市：住,100000,4167,持分移轉,00950003
RPVNMLPJKHLGFAU17DA,新興段,34.09,都市：住,835,22,持分移轉,01300004
RPUNMLLJKHLGFAU66DA,北濱段,11.63,都市：住,100000,4167,持分移轉,00950004
RPSNMLLJKHLGFAU09DA,北濱段,11.65,都市：住,100000,4003,持分移轉,00950003
RPSNMLLJKHLGFAU09DA,北濱段,11.17,都市：住,100000,4003,持分移轉,00950004
RPROMLNLKHLGFAU86DA,新興段,35.36,都市：住,835,22,持分移轉,01300000
RPQNMLTLKIKGFAU27DA,嘉南段,115.28,都市：住,100000,30100,持分移轉,04380013
RPXOMLPKKIKGFAU57DA,宜安段,24.09,都市：住,100000,577,持分移轉,06410000
RPROMLKLJHLGFAU09DA,嘉南段,84.00,都市：住,1,1,全筆移轉,04380003
RPQNMLSLJHLGFAU07DA,新興段,35.36,都市：住,835,22,持分移轉,01300000
RPUOMLNLKHLGFAU17DA,新興段,27.32,都市：住,835,17,持分移轉,01300000
RPPOMLRLJHLGFAU96DA,嘉南段,81.00,都市：住,1,1,全筆移轉,04380000
RPUNMLTJJHLGFAU37DA,北濱段,17.69,都市：其他:住宅區,200000,12158,持分移轉,00950003
RPUNMLTJJHLGFAU37DA,北濱段,16.96,都市：其他:住宅區,200000,12158,持分移轉,00950004
RPSNMLNKKHLGFAU76DA,新興段,35.36,都市：住,835,22,持分移轉,01300000
RPVNMLNLKHLGFAU17DA,新興段,34.09,都市：住,835,22,持分移轉,01300004
RPPOMLQJKHLGFAU76DA,新興段,35.36,都市：住,835,22,持分移轉,01300000
RPPOMLPJKHLGFAU66DA,新興段,34.09,都市：住,835,22,持分移轉,01300004
RPRNMLQKKIKGFAU96DA,宜安段,32.73,都市：住,100000,784,持分移轉,06410000
RPWNMLMKKHLGFAU07DA,新興段,35.36,都市：住,835,22,持分移轉,01300000
RPPOMLQLJHLGFAU86DA,新興段,35.36,都市：住,835,22,持分移轉,01300000
RPQOMLRLJHLGFAU07DA,新興段,34.09,都市：住,835,22,持分移轉,01300004
RPROMLQLJHLGFAU07DA,新興段,35.36,都市：住,835,22,持分移轉,01300000
RPXOMLSLJHLGFAU87DA,北濱段,11.93,都市：住,100000,4099,持分移轉,00950003
RPXOMLSLJHLGFAU87DA,北濱段,11.44,都市：住,100000,4099,持分移轉,00950004
RPUOMLQJKHLGFAU27DA,裕民段,8.78,都市：商,100000,2887,持分移轉,04550000
RPUNMLPJKHLGFAU07DA,新興段,27.89,都市：住,835,18,持分移轉,01300004
RPOOMLQJKHLGFAU66DA,新興段,35.36,都市：住,835,22,持分移轉,01300000
RPTOMLNJJIKGFAU76DA,仁恥段,116.00,都市：其他:道路用地,1,1,全筆移轉,03280000
RPTOMLNJJIKGFAU76DA,仁恥段,163.00,都市：其他:兒童遊樂場用地,1,1,全筆移轉,03290000
RPROMLPJKHLGFAU86DA,新興段,34.09,都市：住,835,22,持分移轉,01300004
RPSOMLPJKHLGFAU96DA,新興段,34.09,都市：住,835,22,持分移轉,01300004
RPTOMLQLJHLGFAU27DA,新興段,35.36,都市：住,835,22,持分移轉,01300000
RPTOMLRLJHLGFAU37DA,新興段,34.09,都市：住,835,22,持分移轉,01300004
RPOOMLSLJHLGFAU96DA,新興段,34.09,都市：住,835,22,持分移轉,01300004
RPRNMLKMKIKGFAU56DA,宜安段,26.68,都市：住,100000,639,持分移轉,06410000
RPUNMLQJKHLGFAU17DA,新興段,35.36,都市：住,835,22,持分移轉,01300000
RPQOMLQJKHLGFAU86DA,新興段,34.09,都市：住,835,22,持分移轉,01300004
RPVNMLNKJHLGFAU96DA,嘉南段,84.00,都市：住,1,1,全筆移轉,04380007
RPPNMLOLKHLGFAU66DA,新興段,35.36,都市：住,835,22,持分移轉,01300000
RPVNMLMKKHLGFAU96DA,新興段,34.09,都市：住,835,22,持分移轉,01300004
RPVOMLNLJHLGFAU17DA,嘉南段,84.00,都市：住,1,1,全筆移轉,04380011
RPSOMLQJKHLGFAU07DA,嘉南段,84.00,都市：住,1,1,全筆移轉,04380004
RPPNMLKMJHLGFAU88DA,嘉南段,84.00,都市：住,1,1,全筆移轉,04380008
RPRNMLTKJHLGFAU17DA,嘉南段,86.00,都市：住,1,1,全筆移轉,04380010
RPPNMLQJKHLGFAU66DA,北濱段,10.33,都市：住,100000,3549,持分移轉,00950003
RPSOMLKLJHLGFAU56DA,嘉南段,86.00,都市：住,1,1,全筆移轉,04380009
RPPNMLQJKHLGFAU66DA,北濱段,9.90,都市：住,100000,3549,持分移轉,00950004
RPPOMLKMJHLGFAU98DA,民德段,41.51,都市：住,10000,717,持分移轉,05770003
RPVNMLKMJHLGFAU86DA,民德段,41.51,都市：住,10000,717,持分移轉,05770003
RPRNMLMJLHLGFAU56DA,民德段,41.51,都市：住,10000,717,持分移轉,05770003
RPQNMLQLJHLGFAU86DA,宜安段,25.72,都市：住,100000,616,持分移轉,06410000
RPROMLPKKIKGFAU96DA,宜安段,34.28,都市：住,100000,821,持分移轉,06410000
RPPNMLOJKIKGFBU56DA,東興段,1362.70,非都市：風景區 ; 非都市編定：農牧用地,1,1,全筆移轉,03600001
RPQNMLOJKHLGFCU76DA,玉城段,16.99,都市：其他:住宅區,10000,526,持分移轉,13510000
RPQNMLOJKHLGFCU76DA,玉城段,8.68,都市：其他:住宅區,10000,526,持分移轉,13510005
RPPNMLOJLHLGFCU76DA,玉城段,24.84,都市：其他:住宅區,10000,769,持分移轉,13510000
RPPNMLOJLHLGFCU76DA,玉城段,12.69,都市：其他:住宅區,10000,769,持分移轉,13510005
RPSNMLMJLHLGFAU66DA,民德段,41.51,都市：住,10000,717,持分移轉,05770003
RPSOMLMKJHLGFAU66DA,嘉南段,100.00,都市：住,1,1,全筆移轉,04380006
RPTNMLKMJHLGFAU66DA,民德段,41.51,都市：住,10000,717,持分移轉,05770003
RPOPMLPKKIKGFAU76DA,宜安段,45.22,都市：住,100000,1083,持分移轉,06410000
RPQOMLSLJHLGFAU17DA,嘉南段,91.00,都市：住,1,1,全筆移轉,04380012
RPSNMLOJKHLGFCU96DA,玉城段,24.81,都市：其他:住宅區,10000,768,持分移轉,13510000
RPSNMLOJKHLGFCU96DA,玉城段,12.67,都市：其他:住宅區,10000,768,持分移轉,13510005
RPVNMLSLJHLGFAU57DA,嘉南段,84.00,都市：住,1,1,全筆移轉,04380002
RPWNMLOKJHLGFAU17DA,嘉南段,84.00,都市：住,1,1,全筆移轉,04380005
RPPNMLKMKIKGFAU98DA,宜安段,44.09,都市：住,100000,1056,持分移轉,06410000
RPRPMLPKKIKGFAU07DA,宜安段,45.93,都市：住,100000,1100,持分移轉,06410000
RPUOMLKMJHLGFAU86DA,民德段,53.38,都市：住,10000,922,持分移轉,05770003
RPVOMLKMJHLGFAU96DA,民德段,53.38,都市：住,10000,922,持分移轉,05770003
RPQNMLKMKIKGFAU09DA,宜安段,45.93,都市：住,100000,1100,持分移轉,06410000
RPTOMLPKKIKGFAU17DA,宜安段,82.71,都市：住,100000,1981,持分移轉,06410000
RPQOMLMKKIKGFAU56DA,宜安段,19.50,都市：住,100000,467,持分移轉,06410000
RPROMLMKKIKGFAU66DA,宜安段,26.68,都市：住,100000,639,持分移轉,06410000
RPXNMLKMKIKGFAU17DA,宜安段,82.71,都市：住,100000,1981,持分移轉,06410000
RPSOMLPKKIKGFAU07DA,宜安段,32.73,都市：住,100000,784,持分移轉,06410000
RPQNMLQKKIKGFAU86DA,宜安段,26.68,都市：住,100000,639,持分移轉,06410000
RPRNMLRLJHLGFAU07DA,宜安段,45.93,都市：住,100000,1100,持分移轉,06410000
RPSNMLLKKHLGFAU56DA,光學段,998.95,非都市：一般農業區 ; 非都市編定：農牧用地,1,1,全筆移轉,08670000
