鄉鎮市區,交易標的,土地位置建物門牌,土地移轉總面積平方公尺,都市土地使用分區,非都市土地使用分區,非都市土地使用編定,交易年月日,交易筆棟數,移轉層次,總樓層數,建物型態,主要用途,主要建材,建築完成年月,建物移轉總面積平方公尺,建物現況格局-房,建物現況格局-廳,建物現況格局-衛,建物現況格局-隔間,有無管理組織,總價元,單價元平方公尺,車位類別,車位移轉總面積平方公尺,車位總價元,備註,編號,主建物面積,附屬建物面積,陽台面積,電梯,移轉編號
The villages and towns urban district,transaction sign,land sector position building sector house number plate,land shifting total area square meter,the use zoning or compiles and checks,the non-metropolis land use district,non-metropolis land use,transaction year month and day,transaction pen number,shifting level,total floor number,building state,main use,main building materials,construction to complete the years,building shifting total area,Building present situation pattern - room,building present situation pattern - hall,building present situation pattern - health,building present situation pattern - compartmented,Whether there is manages the organization,total price NTD,the unit price (NTD / square meter),the berth category,berth shifting total area square meter,the berth total price NTD,the note,serial number,main building area,auxiliary building area,balcony area,elevator,transaction number
馬公市,房地(土地+建物),澎湖縣馬公市文山路３５８巷３８號,54.73,住,,,1150202,土地2建物1車位0,一層，二層，三層,五層,公寓(5樓含以下無電梯),住家用,鋼筋混凝土造,0801012,138.57,4,1,3,有,無,5350000,38609,,0.0,0,,RPRNMLPJKHLGFAX07DA,138.57,0.0,0.0,無,001
馬公市,土地,後寮中段727地號,360.01,,一般農業區,甲種建築用地,1150205,土地1建物0車位0,,,其他,,,,0.0,0,0,0,無,無,1260000,3500,,0.0,0,親友、員工、共有人或其他特殊關係間之交易；,RPTNMLNLKHLGFAX27DA,0.0,0.0,0.0,無,
白沙鄉,土地,鳥嶼新段550地號,22.1,,鄉村區,乙種建築用地,1150213,土地1建物0車位0,,,其他,,,,0.0,0,0,0,無,無,142000,6425,,0.0,0,政府機關標讓售；,RPSNMLNLKHLGFAX17DA,0.0,0.0,0.0,無,
馬公市,土地,北極段1174地號,25.98,住,,,1150203,土地2建物0車位0,,,其他,,,,0.0,0,0,0,無,無,846169,32570,,0.0,0,政府機關標讓售；,RPQNMLMKKHLGFAX76DA,0.0,0.0,0.0,無,
湖西鄉,土地,尖山南段867地號,1405.47,,一般農業區,農牧用地,1150204,土地1建物0車位0,,,其他,,,,0.0,0,0,0,無,無,6800000,4838,,0.0,0,,RPPNMLOJLHLGFAX86DA,0.0,0.0,0.0,無,
湖西鄉,土地,湖西北段789地號,556.84,,一般農業區,農牧用地,1150202,土地1建物0車位0,,,其他,,,,0.0,0,0,0,無,無,2688000,4827,,0.0,0,地清或未辦繼承標售；,RPUNMLOJLHLGFAX37DA,0.0,0.0,0.0,無,
馬公市,土地,西澳段940地號,63.31,住,,,1150224,土地1建物0車位0,,,其他,,,,0.0,0,0,0,無,無,4998958,78960,,0.0,0,政府機關標讓售；,RPQNMLOJLHLGFAX96DA,0.0,0.0,0.0,無,
馬公市,土地,北極段309地號,8.86,住,,,1150211,土地1建物0車位0,,,其他,,,,0.0,0,0,0,無,無,240815,27180,,0.0,0,政府機關標讓售；,RPPNMLQJLHLGFAX07DA,0.0,0.0,0.0,無,
西嶼鄉,土地,竹灣段1779地號,3415.17,,一般農業區,農牧用地,1150105,土地2建物0車位0,,,其他,,,,0.0,0,0,0,無,無,1600000,468,,0.0,0,土地為農業用地檢附農業用地作農業使用證明書依土地稅法第39條之2第1項規定不課徵土地增值稅親友、員工、共有人或其他特殊關係間之交易；,RPRNMLSJJHLGFAX27DA,0.0,0.0,0.0,無,002
馬公市,房地(土地+建物),澎湖縣馬公市惠民一路８號,76.0,商,,,1150106,土地3建物1車位0,全,二層,透天厝,住商用,鋼筋加強造,0661126,87.04,2,2,2,有,無,10600000,121783,,0.0,0,,RPTNMLSJJHLGFAX47DA,87.04,0.0,0.0,無,003
湖西鄉,土地,湖西南段121地號,39.9,,鄉村區,乙種建築用地,1150112,土地1建物0車位0,,,其他,,,,0.0,0,0,0,無,無,480000,12030,,0.0,0,,RPPNMLNKJHLGFAX76EA,0.0,0.0,0.0,無,
馬公市,房地(土地+建物),澎湖縣馬公市水源路２之１號四樓之二,3.31,商,,,1150106,土地1建物1車位0,四層,十二層,住宅大樓(11層含以上有電梯),辦公用,鋼筋混凝土造,0850828,34.19,1,1,1,有,無,1600000,46797,,0.0,0,,RPQNMLQJJHLGFAX96DA,20.87,4.19,0.0,有,004
馬公市,房地(土地+建物),澎湖縣馬公市文林街３６號,68.32,住,,,1150106,土地1建物1車位0,全,二層,透天厝,住商用,鋼筋混凝土加強磚造,0670823,73.75,4,1,2,有,無,6120000,82983,,0.0,0,,RPPNMLSJJHLGFAX07DA,73.75,0.0,0.0,無,
馬公市,土地,西澳段406地號,72.94,住,,,1150108,土地2建物0車位0,,,其他,,,,0.0,0,0,0,無,無,1800000,24678,,0.0,0,親友、員工、共有人或其他特殊關係間之交易；,RPPNMLKLJHLGFAX09DA,0.0,0.0,0.0,無,
馬公市,土地,文光段1000地號,230.32,住,,,1150108,土地1建物0車位0,,,其他,,,,0.0,0,0,0,無,無,25600000,111150,,0.0,0,,RPVNMLSJJHLGFAX67DA,0.0,0.0,0.0,無,
西嶼鄉,房地(土地+建物),澎湖縣西嶼鄉小門１７之１號,267.57,,鄉村區,乙種建築用地,1150107,土地2建物1車位0,全,二層,透天厝,住家用,鋼筋混凝土加強磚造,0700200,166.16,4,2,2,有,無,3500000,21064,,0.0,0,親友、員工、共有人或其他特殊關係間之交易；,RPTNMLRJJHLGFAX37DA,166.16,0.0,0.0,無,
湖西鄉,土地,中西段393地號,354.03,,一般農業區,農牧用地,1150113,土地1建物0車位0,,,其他,,,,0.0,0,0,0,無,無,1600000,4519,,0.0,0,,RPQNMLNLJHLGFAX86DA,0.0,0.0,0.0,無,
馬公市,土地,五德西段197地號,238.06,,鄉村區,乙種建築用地,1150117,土地2建物0車位0,,,其他,,,,0.0,0,0,0,無,無,2736380,11494,,0.0,0,,RPPNMLQLJHLGFAX07DA,0.0,0.0,0.0,無,005
白沙鄉,土地,城前新段257地號,72.94,,一般農業區,農牧用地,1150105,土地1建物0車位0,,,其他,,,,0.0,0,0,0,無,無,96000,1316,,0.0,0,地清或未辦繼承標售；,RPSNMLNLJHLGFAX07DA,0.0,0.0,0.0,無,
西嶼鄉,土地,二崁南段336地號,277.34,都市：其他:菜宅專用區,,,1150116,土地1建物0車位0,,,其他,,,,0.0,0,0,0,無,無,2000000,7211,,0.0,0,本案為賣方賣清案件。,RPQNMLRLJHLGFAX27DA,0.0,0.0,0.0,無,
湖西鄉,房地(土地+建物),澎湖縣湖西鄉鼎灣６１號,644.94,,一般農業區,農牧用地,1150112,土地22建物1車位0,全,一層,透天厝,住家用,造,,11.96,0,0,0,無,無,1000000,83612,,0.0,0,親友、員工、共有人或其他特殊關係間之交易；,RPUNMLPKJHLGFAX37DA,10.66,1.3,0.0,無,
湖西鄉,土地,城北段674地號,800.4,,一般農業區,交通用地,1150105,土地1建物0車位0,,,其他,,,,0.0,0,0,0,無,無,2421200,3025,,0.0,0,,RPRNMLRLJHLGFAX37DA,0.0,0.0,0.0,無,
湖西鄉,土地,城北段675地號,1585.02,,一般農業區,交通用地,1150105,土地1建物0車位0,,,其他,,,,0.0,0,0,0,無,無,4794600,3025,,0.0,0,,SPRNMLRLJHLGFAX47DA,0.0,0.0,0.0,無,
湖西鄉,土地,城北段661地號,734.28,,一般農業區,交通用地,1150105,土地1建物0車位0,,,其他,,,,0.0,0,0,0,無,無,2221100,3025,,0.0,0,,TPRNMLRLJHLGFAX57DA,0.0,0.0,0.0,無,
白沙鄉,土地,赤崁北段119地號,86.09,,鄉村區,乙種建築用地,1150115,土地1建物0車位0,,,其他,,,,0.0,0,0,0,無,無,480000,5576,,0.0,0,,RPPNMLRLJHLGFAX17DA,0.0,0.0,0.0,無,
馬公市,房地(土地+建物),澎湖縣馬公市林森路３６號四樓之二,18.55,,,,1150119,土地2建物1車位0,四層,八層,華廈(10層含以下有電梯),住家用,鋼筋混凝土造,0850202,132.56,3,2,2,有,有,6100000,46017,,0.0,0,,RPUNMLRLJHLGFAX67DA,91.84,0.0,10.81,有,
西嶼鄉,土地,橫礁新段656地號,92.29,,鄉村區,乙種建築用地,1150105,土地1建物0車位0,,,其他,,,,0.0,0,0,0,無,無,306899,3325,,0.0,0,地清或未辦繼承標售；,RPRNMLTLJHLGFAX67EA,0.0,0.0,0.0,無,
湖西鄉,土地,南寮南段794地號,2013.19,,一般農業區,農牧用地,1150116,土地1建物0車位0,,,其他,,,,0.0,0,0,0,無,無,3029000,1505,,0.0,0,,RPPNMLKMJHLGFAX56DA,0.0,0.0,0.0,無,
馬公市,土地,風櫃西段858地號,97.84,,一般農業區,甲種建築用地,1150106,土地1建物0車位0,,,其他,,,,0.0,0,0,0,無,無,1200000,12265,,0.0,0,共有人買賣未登記建物5房3廳2衛親友、員工、共有人或其他特殊關係間之交易；未登記建物；急買急賣；,RPPNMLTLJHLGFAX47EA,0.0,0.0,0.0,無,
馬公市,土地,光榮段755地號,94.79,住,,,1150106,土地3建物0車位0,,,其他,,,,0.0,0,0,0,無,無,8840000,93259,,0.0,0,親友、員工、共有人或其他特殊關係間之交易；,RPPNMLKMJHLGFAX66EA,0.0,0.0,0.0,無,006
馬公市,土地,烏崁新段581地號,805.43,,一般農業區,農牧用地,1150120,土地1建物0車位0,,,其他,,,,0.0,0,0,0,無,無,1949000,2420,,0.0,0,,RPQNMLSLJHLGFAX37DA,0.0,0.0,0.0,無,
馬公市,土地,中衛段849地號,56.57,農,,,1150129,土地1建物0車位0,,,其他,,,,0.0,0,0,0,無,無,605299,10700,,0.0,0,協議價購；,RPRNMLOJKHLGFAX96DA,0.0,0.0,0.0,無,007
白沙鄉,土地,講美段812地號,139.06,,一般農業區,甲種建築用地,1150113,土地1建物0車位0,,,其他,,,,0.0,0,0,0,無,無,340000,2445,,0.0,0,地清或未辦繼承標售；,RPPNMLMJKHLGFAX66EA,0.0,0.0,0.0,無,
馬公市,土地,烏崁新段600地號,2124.04,,一般農業區,農牧用地,1150126,土地3建物0車位0,,,其他,,,,0.0,0,0,0,有,無,5000000,2354,,0.0,0,親友、員工、共有人或其他特殊關係間之交易；,RPTNMLPJKHLGFAX27DA,0.0,0.0,0.0,無,
馬公市,土地,中山段272地號,42.87,住,,,1150124,土地1建物0車位0,,,其他,,,,0.0,0,0,0,無,無,2334272,54450,,0.0,0,親友、員工、共有人或其他特殊關係間之交易；,RPWNMLPJKHLGFAX57DA,0.0,0.0,0.0,無,008
馬公市,土地,風櫃西段300地號,9508.29,,一般農業區,農牧用地,1150116,土地8建物0車位0,,,其他,,,,0.0,0,0,0,無,無,7800000,820,,0.0,0,,RPPNMLQJKHLGFAX07EA,0.0,0.0,0.0,無,009
湖西鄉,土地,尖山中段551-1地號,1240.95,,一般農業區,農牧用地,1150125,土地1建物0車位0,,,其他,,,,0.0,0,0,0,無,無,4500000,3626,,0.0,0,,RPPNMLQJKHLGFAX96DA,0.0,0.0,0.0,無,
馬公市,房地(土地+建物),澎湖縣馬公市大仁街３１號,30.0,商,,,1150130,土地1建物1車位0,全,四層,透天厝,住商用,鋼筋混凝土加強磚造,0690107,123.7,4,1,3,有,無,4000000,32336,,0.0,0,親友、員工、共有人或其他特殊關係間之交易；,RPQNMLQJKHLGFAX17EA,123.7,0.0,0.0,無,
馬公市,房地(土地+建物),澎湖縣馬公市大賢街１５６號五樓,52.53,住,,,1150105,土地1建物1車位0,五層,五層,公寓(5樓含以下無電梯),住家用,鋼筋混凝土造,0840119,118.83,3,2,2,有,無,4550000,38290,,0.0,0,,RPSNMLKLJHLGFAX76DA,97.68,12.74,0.0,無,
西嶼鄉,土地,大池段2908地號,142.96,,鄉村區,乙種建築用地,1150115,土地2建物0車位0,,,其他,,,,0.0,0,0,0,無,無,640000,4477,,0.0,0,地清或未辦繼承標售；,RPQNMLTJKHLGFAX47EA,0.0,0.0,0.0,無,
馬公市,土地,五福段1475-1地號,158.36,,鄉村區,乙種建築用地,1150103,土地2建物0車位0,,,其他,,,,0.0,0,0,0,無,無,4300000,27153,,0.0,0,,RPSNMLRJJHLGFAX27DA,0.0,0.0,0.0,無,
馬公市,房地(土地+建物),澎湖縣馬公市東文澳１０７之２３號,69.39,,鄉村區,乙種建築用地,1150105,土地1建物1車位0,全,二層,透天厝,住家用,鋼筋混凝土加強磚造,0721118,92.7,5,3,1,有,無,4640000,50054,,0.0,0,親友、員工、共有人或其他特殊關係間之交易；,RPSNMLSLJHLGFAX57DA,92.7,0.0,0.0,無,
七美鄉,土地,七美一段1地號,340.5,,一般農業區,農牧用地,1150119,土地1建物0車位0,,,其他,,,,0.0,0,0,0,無,無,377100,1107,,0.0,0,地清或未辦繼承標售；,RPPNMLTJKHLGFAX27DA,0.0,0.0,0.0,無,
馬公市,土地,案山段178地號,102.05,住,,,1150128,土地1建物0車位0,,,其他,,,,0.0,0,0,0,無,無,3395700,33275,,0.0,0,親友、員工、共有人或其他特殊關係間之交易；,RPQNMLTJKHLGFAX37DA,0.0,0.0,0.0,無,
馬公市,土地,興仁段654地號,664.42,,一般農業區,農牧用地,1150128,土地2建物0車位0,,,其他,,,,0.0,0,0,0,無,無,9500000,14298,,0.0,0,,RPUNMLPJKHLGFAX37DA,0.0,0.0,0.0,無,
馬公市,土地,興仁段655地號,22.93,,一般農業區,交通用地,1150128,土地1建物0車位0,,,其他,,,,0.0,0,0,0,無,無,200000,8722,,0.0,0,,RPVNMLPJKHLGFAX47DA,0.0,0.0,0.0,無,010
湖西鄉,土地,西溪新段728地號,1562.47,,一般農業區,農牧用地,1150122,土地1建物0車位0,,,其他,,,,0.0,0,0,0,無,無,1576880,1009,,0.0,0,,RPPNMLNLKHLGFAX96EA,0.0,0.0,0.0,無,
馬公市,房地(土地+建物),澎湖縣馬公市林森路１００巷８號,60.89,住,,,1150116,土地1建物1車位0,全,二層,透天厝,住家用,鋼筋混凝土加強磚造,0661004,74.04,3,2,3,有,無,6380000,86170,,0.0,0,其他增建；,RPSNMLPLKHLGFAX37DA,74.04,0.0,0.0,無,
馬公市,房地(土地+建物),澎湖縣馬公市前寮３５５之５２號,181.46,,一般農業區,甲種建築用地,1150102,土地2建物1車位0,全,三層,透天厝,住家用,鋼筋混凝土造,1140618,222.28,4,2,5,有,無,11100000,49937,,0.0,0,,RPQNMLPLKHLGFAX17DA,205.02,17.26,0.0,無,
馬公市,房地(土地+建物),澎湖縣馬公市文昌街３６號,100.36,住,,,1150108,土地2建物1車位0,全,三層,透天厝,住家用,鋼筋混凝土造,0811015,226.34,5,3,3,有,無,9800000,43298,,0.0,0,,RPTNMLPLKHLGFAX47DA,223.72,2.62,0.0,無,011
馬公市,土地,文寮段366-2地號,424.03,,一般農業區,農牧用地,1150126,土地2建物0車位0,,,其他,,,,0.0,0,0,0,無,無,2800000,6603,,0.0,0,親友、員工、共有人或其他特殊關係間之交易；,RPRNMLQLKHLGFAX37DA,0.0,0.0,0.0,無,
馬公市,房地(土地+建物),澎湖縣馬公市朝陽路１０６巷７號,75.07,住,,,1150122,土地1建物1車位0,全,二層,透天厝,住家用,鋼筋混凝土加強磚造,0660216,83.0,3,2,2,有,無,5600000,67470,,0.0,0,其他增建；,RPQNMLPLKHLGFAX27EA,83.0,0.0,0.0,無,
馬公市,土地,五德東段61地號,151.6,農,,,1141201,土地1建物0車位0,,,其他,,,,0.0,0,0,0,無,無,2000000,13193,,0.0,0,,RPQNMLSJKIKGFAX27DA,0.0,0.0,0.0,無,012
馬公市,房地(土地+建物),澎湖縣馬公市雞母塢１３０號,886.57,農,,,1141201,土地2建物1車位0,全,四層,透天厝,農業用,鋼筋混凝土造,0990517,254.74,8,1,9,有,無,11000000,43181,,0.0,0,含部分未保存建物,RPRNMLSJKIKGFAX37DA,254.74,0.0,0.0,無,013
馬公市,土地,馬公段240-1地號,2.0,住,,,1141209,土地1建物0車位0,,,其他,,,,0.0,0,0,0,無,無,308000,154000,,0.0,0,政府機關標讓售；,RPQNMLTJKIKGFAX37DA,0.0,0.0,0.0,無,
湖西鄉,土地,潭邊新段221地號,161.93,,一般農業區,農牧用地,1141204,土地1建物0車位0,,,其他,,,,0.0,0,0,0,無,無,4080000,25196,,0.0,0,,RPRNMLTJKIKGFAX47DA,0.0,0.0,0.0,無,014
西嶼鄉,房地(土地+建物),澎湖縣西嶼鄉外垵１４９之１０號,112.8,,鄉村區,乙種建築用地,1141201,土地1建物1車位0,全,二層,透天厝,住家用,加強磚造,0920120,136.17,3,1,2,有,無,1000000,7344,,0.0,0,親友、員工、共有人或其他特殊關係間之交易；,RPPNMLTKKIKGFAX47EA,128.6,7.57,0.0,無,
馬公市,房地(土地+建物),澎湖縣馬公市五福路１３８巷６５號,112.24,,一般農業區,甲種建築用地,1141202,土地2建物1車位0,全,三層,透天厝,住家用,鋼筋混凝土造,0870525,188.56,5,1,3,有,無,6400000,33941,,0.0,0,,RPQNMLRKKIKGFAX27DA,162.09,26.47,0.0,無,
西嶼鄉,土地,內垵二段1190地號,17.1,,鄉村區,乙種建築用地,1141201,土地1建物0車位0,,,其他,,,,0.0,0,0,0,無,無,53000,3099,,0.0,0,未登記建物；,RPSNMLTKKIKGFAX67DA,0.0,0.0,0.0,無,
馬公市,房地(土地+建物),澎湖縣馬公市石泉１之１１０號,47.53,,鄉村區,乙種建築用地,1141206,土地1建物1車位0,全,三層,透天厝,住家用,鋼筋混凝土造,0720118,100.62,3,2,4,有,無,3300000,32797,,0.0,0,,RPPNMLTJKIKGFAX27DA,100.62,0.0,0.0,無,015
西嶼鄉,土地,池東段537地號,119.08,,鄉村區,乙種建築用地,1141202,土地1建物0車位0,,,其他,,,,0.0,0,0,0,無,無,305000,2561,,0.0,0,地清或未辦繼承標售；,RPPNMLSKKIKGFAX37EA,0.0,0.0,0.0,無,
湖西鄉,土地,城北段67地號,3036.3,,一般農業區,農牧用地,1141210,土地1建物0車位0,,,其他,,,,0.0,0,0,0,無,無,4251000,1400,,0.0,0,,RPSNMLKKKIKGFAX76DA,0.0,0.0,0.0,無,
馬公市,房地(土地+建物),澎湖縣馬公市裡１２１號,65.98,,風景區,丙種建築用地,1141217,土地1建物1車位0,全,三層,透天厝,住家用,鋼筋混凝土加強磚造,0720414,94.5,3,2,2,有,無,2400000,25397,,0.0,0,,RPRNMLSKKIKGFAX47DA,94.5,0.0,0.0,無,
馬公市,土地,山水北段4地號,317.49,,一般農業區,農牧用地,1141202,土地2建物0車位0,,,其他,,,,0.0,0,0,0,無,無,570454,1797,,0.0,0,地清或未辦繼承標售；,RPPNMLQLKIKGFAX27EA,0.0,0.0,0.0,無,
七美鄉,房地(土地+建物),澎湖縣七美鄉古合３１號,148.38,,鄉村區,乙種建築用地,1141202,土地1建物1車位0,全,一層,透天厝,住家用,石造,,10.01,4,2,1,有,無,209780,20957,,0.0,0,建物有單獨價格2000元。地清或未辦繼承標售；,RPQNMLQLKIKGFAX37EA,10.01,0.0,0.0,無,
馬公市,房地(土地+建物),澎湖縣馬公市文明路７ ５號,85.75,住,,,1141209,土地1建物1車位0,全,三層,透天厝,住家用,鋼筋混凝土造,0880306,186.01,4,2,5,有,無,6800000,36557,,0.0,0,,RPRNMLKMKIKGFAX86DA,178.85,7.16,0.0,無,
馬公市,土地,西澳段530地號,53.02,住,,,1141205,土地1建物0車位0,,,其他,,,,0.0,0,0,0,無,無,1800000,33949,,0.0,0,地清或未辦繼承標售；,RPTNMLKMKIKGFAX07DA,0.0,0.0,0.0,無,
湖西鄉,土地,沙港南段101地號,418.25,,一般農業區,農牧用地,1141224,土地1建物0車位0,,,其他,,,,0.0,0,0,0,無,無,1000000,2391,,0.0,0,,RPRNMLQLKIKGFAX37DA,0.0,0.0,0.0,無,
馬公市,土地,文東段1466地號,262.94,,一般農業區,農牧用地,1141219,土地1建物0車位0,,,其他,,,,0.0,0,0,0,無,無,14580000,55450,,0.0,0,土地交易案件之價格含未來興建房屋成本；,RPRNMLTLKIKGFAX67DA,0.0,0.0,0.0,無,016
馬公市,土地,中衛段423地號,1107.05,工,,,1141209,土地1建物0車位0,,,其他,,,,0.0,0,0,0,無,無,21460000,19385,,0.0,0,,RPSNMLKMKIKGFAX96DA,0.0,0.0,0.0,無,017
馬公市,土地,雙湖段1110-14地號,310.69,,一般農業區,農牧用地,1141205,土地1建物0車位0,,,其他,,,,0.0,0,0,0,無,無,5000000,16093,,0.0,0,買方另支付土增稅119121元。親友、員工、共有人或其他特殊關係間之交易；,RPPNMLMJJHLGFAX09DA,0.0,0.0,0.0,無,018
湖西鄉,土地,尖山南段1130地號,1242.21,,一般農業區,農牧用地,1141223,土地1建物0車位0,,,其他,,,,0.0,0,0,0,無,無,1800000,1449,,0.0,0,,RPQNMLMJJHLGFAX56DA,0.0,0.0,0.0,無,
湖西鄉,土地,林投北段603地號,884.18,,一般農業區,農牧用地,1141215,土地5建物0車位0,,,其他,,,,0.0,0,0,0,無,無,1149437,1300,,0.0,0,親友、員工、共有人或其他特殊關係間之交易；,RPPNMLMJJHLGFAX56EA,0.0,0.0,0.0,無,
馬公市,土地,烏崁新段588地號,1911.13,,一般農業區,農牧用地,1141209,土地1建物0車位0,,,其他,,,,0.0,0,0,0,無,無,3468600,1815,,0.0,0,,RPTNMLTLKIKGFAX87DA,0.0,0.0,0.0,無,
西嶼鄉,土地,赤馬一段344地號,180.03,,一般農業區,農牧用地,1141212,土地1建物0車位0,,,其他,,,,0.0,0,0,0,無,無,146600,814,,0.0,0,地清或未辦繼承標售；,RPPNMLPJJHLGFAX86EA,0.0,0.0,0.0,無,
馬公市,土地,興仁南段132地號,1115.98,,風景區,農牧用地,1141201,土地1建物0車位0,,,其他,,,,0.0,0,0,0,無,無,13503000,12100,,0.0,0,,RPQNMLTLKIKGFAX57DA,0.0,0.0,0.0,無,
湖西鄉,土地,湖西南段1618地號,87.96,,鄉村區,乙種建築用地,1141211,土地2建物0車位0,,,其他,,,,0.0,0,0,0,無,無,600000,6821,,0.0,0,,RPUNMLTLKIKGFAX97DA,0.0,0.0,0.0,無,
馬公市,房地(土地+建物)+車位,澎湖縣馬公市貿商街１２３號,28.45,住,,,1141208,土地2建物1車位1,一層,七層,華廈(10層含以下有電梯),住家用,鋼筋混凝土造,0950710,173.18,3,2,2,有,有,3700000,21365,坡道平面,0.0,0,親友、員工、共有人或其他特殊關係間之交易；,RPPNMLQJJHLGFAX86DA,95.69,0.0,10.23,有,019
馬公市,房地(土地+建物),澎湖縣馬公市西文澳６３之５６號,382.4,住,,,1141221,土地2建物2車位0,全,三層,透天厝,住家用,鋼筋混凝土造,0960409,711.04,29,2,28,有,無,30000000,42192,,0.0,0,,RPVNMLKMKIKGFAX27DA,711.04,0.0,0.0,無,
馬公市,房地(土地+建物),澎湖縣馬公市鎖管港１２３３號,95.36,住,,,1141217,土地1建物1車位0,全,三層,透天厝,住家用,鋼筋混凝土造,0771210,159.4,4,2,3,有,無,6500000,40778,,0.0,0,,RPPNMLRJJHLGFAX96DA,159.4,0.0,0.0,無,
馬公市,房地(土地+建物),澎湖縣馬公市民族路３７巷２號,83.0,住,,,1141210,土地2建物1車位0,全,二層,透天厝,住家用,筋加強紅磚造,0580100,105.32,4,2,2,有,無,4500000,42727,,0.0,0,,RPRNMLKKKIKGFAX66DA,105.32,0.0,0.0,無,
馬公市,土地,東澳段404地號,230.5,住,,,1141226,土地1建物0車位0,,,其他,,,,0.0,0,0,0,無,無,18330000,79523,,0.0,0,,RPQNMLSJJHLGFAX17DA,0.0,0.0,0.0,無,
望安鄉,土地,花宅一段1666地號,98.07,,鄉村區,乙種建築用地,1141218,土地1建物0車位0,,,其他,,,,0.0,0,0,0,無,無,200885,2048,,0.0,0,地清或未辦繼承標售；,RPPNMLSJJHLGFAX17EA,0.0,0.0,0.0,無,
望安鄉,土地,水垵一段434地號,294.79,,森林區,農牧用地,1141216,土地3建物0車位0,,,其他,,,,0.0,0,0,0,無,無,280000,950,,0.0,0,親友、員工、共有人或其他特殊關係間之交易；,RPQNMLRJJHLGFAX07DA,0.0,0.0,0.0,無,
馬公市,房地(土地+建物),澎湖縣馬公市樂群街５號,51.61,住,,,1141226,土地2建物1車位0,全,二層,透天厝,住家用,鋼筋混凝土加強磚造,0680423,65.94,3,1,1,有,無,3000000,45496,,0.0,0,親友、員工、共有人或其他特殊關係間之交易；,RPPNMLMKJHLGFAX56DA,65.94,0.0,0.0,無,
白沙鄉,土地,城前新段853地號,145.53,,風景區,農牧用地,1141219,土地1建物0車位0,,,其他,,,,0.0,0,0,0,無,無,190000,1306,,0.0,0,地清或未辦繼承標售；,RPRNMLRJJHLGFAX17DA,0.0,0.0,0.0,無,
白沙鄉,土地,講美段298地號,89.62,,鄉村區,乙種建築用地,1141222,土地1建物0車位0,,,其他,,,,0.0,0,0,0,無,無,274850,3067,,0.0,0,地清或未辦繼承標售；,RPUNMLSJJHLGFAX57DA,0.0,0.0,0.0,無,
白沙鄉,土地,港子新段644地號,87.1,,鄉村區,乙種建築用地,1141202,土地1建物0車位0,,,其他,,,,0.0,0,0,0,無,無,450000,5166,,0.0,0,,RPWNMLSJJHLGFAX77DA,0.0,0.0,0.0,無,
湖西鄉,土地,青螺新段1349地號,138.01,,一般農業區,農牧用地,1141224,土地1建物0車位0,,,其他,,,,0.0,0,0,0,無,無,152000,1101,,0.0,0,地清或未辦繼承標售；,RPRNMLNKJHLGFAX86DA,0.0,0.0,0.0,無,
湖西鄉,土地,潭邊新段749地號,632.02,,一般農業區,農牧用地,1141224,土地1建物0車位0,,,其他,,,,0.0,0,0,0,無,無,1200000,1899,,0.0,0,地清或未辦繼承標售；,RPSNMLNKJHLGFAX96DA,0.0,0.0,0.0,無,
湖西鄉,土地,北寮新段284地號,216.0,,風景區,農牧用地,1141216,土地1建物0車位0,,,其他,,,,0.0,0,0,0,無,無,380000,1759,,0.0,0,地清或未辦繼承標售；,RPQNMLOKJHLGFAX86DA,0.0,0.0,0.0,無,
馬公市,土地,山水北段836地號,199.62,,一般農業區,農牧用地,1141219,土地1建物0車位0,,,其他,,,,0.0,0,0,0,無,無,310885,1557,,0.0,0,地清或未辦繼承標售；,RPQNMLTJJHLGFAX37EA,0.0,0.0,0.0,無,
湖西鄉,房地(土地+建物),澎湖縣湖西鄉大城北６１號,131.6,,鄉村區,乙種建築用地,1141216,土地1建物1車位0,全,一層,透天厝,住家用,造,,53.53,1,1,1,有,無,500000,9341,,0.0,0,親友、員工、共有人或其他特殊關係間之交易；未登記建物；,RPRNMLPKJHLGFAX07DA,53.53,0.0,0.0,無,
馬公市,土地,烏崁新段1721地號,604.07,,一般農業區,農牧用地,1141217,土地1建物0車位0,,,其他,,,,0.0,0,0,0,無,無,400000,662,,0.0,0,,RPQNMLMKJHLGFAX66DA,0.0,0.0,0.0,無,
白沙鄉,土地,城前新段396地號,621.25,,一般農業區,農牧用地,1141229,土地3建物0車位0,,,其他,,,,0.0,0,0,0,無,無,1860000,2994,,0.0,0,,RPPNMLQKJHLGFAX07EA,0.0,0.0,0.0,無,
馬公市,土地,興仁南段79地號,879.0,,風景區,農牧用地,1141223,土地1建物0車位0,,,其他,,,,0.0,0,0,0,無,無,2659000,3025,,0.0,0,,RPPNMLNKJHLGFAX66DA,0.0,0.0,0.0,無,
湖西鄉,建物,澎湖縣湖西鄉西溪３號,0.0,,,,1141217,土地0建物1車位0,全,一層,透天厝,住家用,造,,43.8,1,0,0,有,無,9555,218,,0.0,0,建物坐落地號：西溪新段328地號；地清或未辦繼承標售；,RPPNMLTKJHLGFAX37EA,43.8,0.0,0.0,無,
馬公市,房地(土地+建物),澎湖縣馬公市五福路６１巷３弄１８號,81.18,,鄉村區,乙種建築用地,1141223,土地1建物1車位0,全,三層,透天厝,住家用,鋼筋混凝土造,0830502,159.57,5,2,3,有,無,8000000,50135,,0.0,0,,RPRNMLMKJHLGFAX76DA,147.41,12.16,0.0,無,
馬公市,土地,雙湖段969地號,145.2,,一般農業區,農牧用地,1141224,土地2建物0車位0,,,其他,,,,0.0,0,0,0,無,無,1760000,12121,,0.0,0,親友、員工、共有人或其他特殊關係間之交易；,RPRNMLKLJHLGFAX66DA,0.0,0.0,0.0,無,020
馬公市,土地,興仁段358地號,1597.79,,一般農業區,農牧用地,1141209,土地2建物0車位0,,,其他,,,,0.0,0,0,0,無,無,2890000,1809,,0.0,0,親友、員工、共有人或其他特殊關係間之交易；,RPPNMLNLKIKGFAX86DA,0.0,0.0,0.0,無,
馬公市,房地(土地+建物),澎湖縣馬公市永安街１５巷１之１號,73.0,住,,,1141206,土地1建物1車位0,全,三層,透天厝,住家用,鋼筋混凝土造,0931108,148.65,3,3,2,有,無,9300000,62563,,0.0,0,,RPSNMLRLJHLGFAX47DA,148.65,0.0,0.0,無,
馬公市,房地(土地+建物),澎湖縣馬公市中山路３巷１號,39.0,商,,,1141231,土地1建物1車位0,全,二層,透天厝,住家用,造,,70.34,0,2,0,有,無,2350000,33409,,0.0,0,,RPTNMLRLJHLGFAX57DA,70.34,0.0,0.0,無,
湖西鄉,房地(土地+建物),澎湖縣湖西鄉港子尾１５２之３號,175.14,,一般農業區,甲種建築用地,1141226,土地2建物1車位0,全,三層,透天厝,住家用,鋼筋混凝土造,1091130,209.83,5,2,6,有,無,9800000,46704,,0.0,0,,RPQNMLTLJHLGFAX47DA,200.78,9.05,0.0,無,021
湖西鄉,土地,葉新段1566地號,635.06,,一般農業區,農牧用地,1141225,土地1建物0車位0,,,其他,,,,0.0,0,0,0,無,無,4000000,6299,,0.0,0,,RPRNMLSLJHLGFAX47DA,0.0,0.0,0.0,無,
馬公市,房地(土地+建物),澎湖縣馬公市鐵線尾１７１號,189.13,,一般農業區,甲種建築用地,1141210,土地1建物1車位0,全,三層,透天厝,住家用,鋼筋混凝土造,1071112,247.73,5,2,5,有,無,11000000,44403,,0.0,0,,RPPNMLMJKHLGFAX56DA,237.49,10.24,0.0,無,
馬公市,建物,澎湖縣馬公市西文澳３７之３號,0.0,,,,1141201,土地0建物1車位0,全,二層,透天厝,住家用,鋼筋混凝土加強磚造,0780823,35.85,3,2,2,有,無,2685000,74895,,0.0,0,建物坐落地號：文化段231-4地號；親友、員工、共有人或其他特殊關係間之交易；,RPUNMLKMKIKGFAX17DA,35.85,0.0,0.0,無,
西嶼鄉,房地(土地+建物),小池角１０９號之１,0.0,,,,1141201,土地0建物1車位0,一層,一層,公寓(5樓含以下無電梯),住家用,筋加強空心磚造,0560930,21.66,3,2,1,有,無,5000,231,,0.0,0,建物坐落地號：池東段2492地號；親友、員工、共有人或其他特殊關係間之交易；,SPUNMLKMKIKGFAX27DA,21.66,0.0,0.0,無,
馬公市,房地(土地+建物),澎湖縣馬公市西衛８３之５號,77.41,,鄉村區,乙種建築用地,1141231,土地1建物1車位0,全,三層,透天厝,住家用,鋼筋混凝土加強磚造,0740306,105.84,3,3,2,有,無,5800000,54800,,0.0,0,,RPPNMLMKKHLGFAX66DA,105.84,0.0,0.0,無,
湖西鄉,土地,湖西南段1476地號,213.34,,一般農業區,農牧用地,1141231,土地1建物0車位0,,,其他,,,,0.0,0,0,0,無,無,277342,1300,,0.0,0,親友、員工、共有人或其他特殊關係間之交易；,RPPNMLMKKHLGFAX76EA,0.0,0.0,0.0,無,
馬公市,房地(土地+建物)+車位,澎湖縣馬公市東文澳２之８號三樓之１,37.81,住,,,1141231,土地1建物1車位1,三層,五層,華廈(10層含以下有電梯),住家用,鋼筋混凝土造,1101207,134.64000000000001,3,2,2,有,有,8150000,60532,坡道平面,15.01,0,其他增建；,RPPNMLSLJHLGFAX27DA,79.03,8.15,0.0,有,022
馬公市,房地(土地+建物)+車位,澎湖縣馬公市朝陽路７９號三樓,24.62,住,,,1141224,土地4建物1車位1,三層,七層,華廈(10層含以下有電梯),住家用,鋼筋混凝土造,0830509,141.14,3,2,2,有,有,5800000,41094,坡道機械,0.0,0,,RPSNMLOLKHLGFAX27DA,98.34,6.37,0.0,有,
湖西鄉,土地,葉新段1401地號,718.18,,一般農業區,農牧用地,1141218,土地1建物0車位0,,,其他,,,,0.0,0,0,0,無,無,1565000,2179,,0.0,0,地清或未辦繼承標售；,RPRNMLMJLHLGFAX86DA,0.0,0.0,0.0,無,
湖西鄉,土地,沙港東段280地號,181.79,,一般農業區,農牧用地,1141218,土地1建物0車位0,,,其他,,,,0.0,0,0,0,無,無,338889,1864,,0.0,0,地清或未辦繼承標售；,RPPNMLMJLHLGFAX76EA,0.0,0.0,0.0,無,
馬公市,房地(土地+建物),澎湖縣馬公市大賢街１８８巷２０號,79.0,住,,,1141213,土地1建物1車位0,全,四層,透天厝,住商用,鋼筋混凝土造,0840530,173.25,3,2,3,有,無,9580000,55296,,0.0,0,一樓廚房、前車庫其他增建；,RPUNMLOLKHLGFAX47DA,159.74,13.51,0.0,無,
西嶼鄉,土地,池東段598地號,306.2,,鄉村區,乙種建築用地,1141126,土地1建物0車位0,,,其他,,,,0.0,0,0,0,無,無,2130000,6956,,0.0,0,,RPPNMLRLJIKGFAX17DA,0.0,0.0,0.0,無,023
馬公市,房地(土地+建物),澎湖縣馬公市文明路６２號五樓,26.88,住,,,1141103,土地3建物1車位0,五層,七層,華廈(10層含以下有電梯),住家用,鋼筋混凝土造,0841208,112.85,3,2,2,有,有,4000000,35445,,0.0,0,親友、員工、共有人或其他特殊關係間之交易；,RPPNMLKKKIKGFAX56EA,85.72,0.0,3.5,有,
馬公市,房地(土地+建物),澎湖縣馬公市坡南路７之７號,148.81,,一般農業區,甲種建築用地,1141117,土地2建物1車位0,全,三層,透天厝,住家用,鋼筋混凝土造,0880305,225.47,4,2,3,有,無,10500000,46569,,0.0,0,,RPRNMLSLJIKGFAX47DA,216.6,2.25,6.62,無,
湖西鄉,土地,潭邊新段221地號,167.61,,一般農業區,農牧用地,1141104,土地1建物0車位0,,,其他,,,,0.0,0,0,0,無,無,3780000,22552,,0.0,0,,TPRNMLTJKIKGFAX67DA,0.0,0.0,0.0,無,014
湖西鄉,土地,潭邊新段221地號,176.13,,一般農業區,農牧用地,1141104,土地1建物0車位0,,,其他,,,,0.0,0,0,0,無,無,3720000,21121,,0.0,0,,UPRNMLTJKIKGFAX77DA,0.0,0.0,0.0,無,014
馬公市,房地(土地+建物),澎湖縣馬公市鎖港一路４５巷１６８號,170.25,,一般農業區,甲種建築用地,1141107,土地2建物1車位0,全,三層,透天厝,住家用,鋼筋混凝土造,1110217,237.76,6,2,7,有,無,10600000,44583,,0.0,0,其他增建；,RPTNMLTKJIKGFAX67DA,221.09,16.67,0.0,無,026
馬公市,房地(土地+建物),澎湖縣馬公市宅嶼９３之２３號,254.3,,一般農業區,甲種建築用地,1141106,土地2建物1車位0,全,三層,透天厝,住家用,鋼筋混凝土造,1060116,255.33,5,2,6,有,無,8000000,31332,,0.0,0,親友、員工、共有人或其他特殊關係間之交易；,RPPNMLNKJIKGFAX66DA,239.66,15.67,0.0,無,
望安鄉,房地(土地+建物),澎湖縣望安鄉東安７３之９號,975.51,,一般農業區,甲種建築用地,1141105,土地1建物1車位0,全,二層,透天厝,住家用,鋼筋混凝土加強磚造,0690614,413.94,16,1,18,有,無,10200000,24641,,0.0,0,,RPPNMLSKKIKGFAX27DA,413.94,0.0,0.0,無,027
湖西鄉,土地,湖東新段881地號,384.32,,一般農業區,農牧用地,1141125,土地1建物0車位0,,,其他,,,,0.0,0,0,0,無,無,1047900,2727,,0.0,0,,RPTNMLTKKIKGFAX77DA,0.0,0.0,0.0,無,
馬公市,房地(土地+建物),澎湖縣馬公市頭掛３１６之１號,233.34,,一般農業區,甲種建築用地,1141110,土地2建物1車位0,全,三層,透天厝,住家用,鋼筋混凝土造,1071217,257.36,5,1,4,有,無,8000000,31085,,0.0,0,親友、員工、共有人或其他特殊關係間之交易；,RPUNMLTKKIKGFAX87DA,241.29,16.07,0.0,無,
白沙鄉,土地,講美段291地號,56.67,,鄉村區,乙種建築用地,1141128,土地1建物0車位0,,,其他,,,,0.0,0,0,0,無,無,171998,3035,,0.0,0,地清或未辦繼承標售；,RPPNMLPKKIKGFAX96DA,0.0,0.0,0.0,無,
馬公市,房地(土地+建物),澎湖縣馬公市風櫃尾６２之３號,79.42,,一般農業區,甲種建築用地,1141127,土地1建物1車位0,全,三層,透天厝,住家用,鋼筋混凝土加強磚造,0720919,115.77,5,1,2,有,無,1000000,8638,,0.0,0,,RPQNMLNLKIKGFAX96DA,115.77,0.0,0.0,無,
馬公市,房地(土地+建物)+車位,澎湖縣馬公市文光路８５號六樓之一,16.59,,,,1141116,土地10建物1車位1,六層,十層,華廈(10層含以下有電梯),住家用,鋼筋混凝土造,0870723,172.04,4,2,3,有,有,7800000,45338,坡道機械,0.0,0,,RPSNMLMJJHLGFAX76DA,128.32,5.71,0.0,有,
馬公市,房地(土地+建物),澎湖縣馬公市六合路６００巷１０弄２８號,174.24,,一般農業區,甲種建築用地,1141103,土地2建物1車位0,全,三層,透天厝,住家用,鋼筋混凝土造,1091020,267.96,5,2,5,有,無,19600000,73145,,0.0,0,,RPQNMLRLJIKGFAX27DA,250.78,17.18,0.0,無,
馬公市,房地(土地+建物),澎湖縣馬公市石泉１３２號,102.13,,一般農業區,甲種建築用地,1141104,土地1建物1車位0,全,三層,透天厝,住家用,鋼筋混凝土造,0890517,204.07,4,3,3,有,無,10200000,49983,,0.0,0,,RPRNMLMJJHLGFAX66DA,193.72,10.35,0.0,無,028
馬公市,土地,山水南段583地號,145.49,,鄉村區,乙種建築用地,1141113,土地1建物0車位0,,,其他,,,,0.0,0,0,0,無,無,1019990,7011,,0.0,0,地清或未辦繼承標售；,RPPNMLOJKHLGFAX86EA,0.0,0.0,0.0,無,
白沙鄉,土地,上瓦硐段127地號,129.0,,一般農業區,農牧用地,1141113,土地1建物0車位0,,,其他,,,,0.0,0,0,0,無,無,268320,2080,,0.0,0,地清或未辦繼承標售；,RPPNMLKKKHLGFAX56EA,0.0,0.0,0.0,無,
湖西鄉,土地,紅羅段2521地號,3275.52,,一般農業區,農牧用地,1141107,土地13建物0車位0,,,其他,,,,0.0,0,0,0,無,無,4800000,1465,,0.0,0,親友、員工、共有人或其他特殊關係間之交易；,RPRNMLOLKHLGFAX17DA,0.0,0.0,0.0,無,
馬公市,土地,山水南段582地號,70.6,,鄉村區,乙種建築用地,1141113,土地1建物0車位0,,,其他,,,,0.0,0,0,0,無,無,430710,6101,,0.0,0,地清或未辦繼承標售；,RPQNMLMJLHLGFAX76DA,0.0,0.0,0.0,無,
馬公市,土地,東衛段1767地號,81.45,,鄉村區,乙種建築用地,1141016,土地1建物0車位0,,,其他,,,,0.0,0,0,0,有,無,1500000,18416,,0.0,0,,RPTNMLPJKIKGFAX27DA,0.0,0.0,0.0,無,
馬公市,房地(土地+建物)+車位,澎湖縣馬公市三多路５３號六樓,31.86,住,,,1141014,土地2建物1車位1,六層,十層,華廈(10層含以下有電梯),住家用,鋼筋混凝土造,0850215,206.29000000000002,4,2,2,有,有,7200000,34902,坡道平面,0.0,0,,RPTNMLKKKIKGFAX86DA,119.87,15.63,0.0,有,
馬公市,房地(土地+建物),澎湖縣馬公市林森路７８之４號,16.02,住,,,1141021,土地1建物1車位0,五層,七層,華廈(10層含以下有電梯),住家用,鋼筋混凝土造,0811230,80.12,3,2,2,有,有,3400000,42436,,0.0,0,親友、員工、共有人或其他特殊關係間之交易；,RPPNMLLJKIKGFAX09DA,55.52,0.0,0.0,有,029
湖西鄉,土地,潭邊新段221地號,158.14,,一般農業區,農牧用地,1141031,土地1建物0車位0,,,其他,,,,0.0,0,0,0,無,無,3590000,22701,,0.0,0,,SPRNMLTJKIKGFAX57DA,0.0,0.0,0.0,無,014
馬公市,土地,國宅段99地號,1004.82,,一般農業區,農牧用地,1141006,土地1建物0車位0,,,其他,,,,0.0,0,0,0,無,無,4200000,4180,,0.0,0,,RPPNMLLKKIKGFAX56DA,0.0,0.0,0.0,無,
馬公市,房地(土地+建物)+車位,澎湖縣馬公市東文澳１６３之１１號三樓,48.85,,鄉村區,乙種建築用地,1141003,土地1建物1車位1,三層,六層,華廈(10層含以下有電梯),住家用,鋼筋混凝土造,0890219,153.9,4,2,2,有,有,6000000,38986,一樓平面,0.0,0,,RPRNMLTKKIKGFAX57DA,105.37,11.04,0.0,有,031
馬公市,土地,鎖港西段1008地號,137.18,住,,,1141009,土地1建物0車位0,,,其他,,,,0.0,0,0,0,無,無,1745550,12725,,0.0,0,地清或未辦繼承標售；,RPQNMLSKKIKGFAX47EA,0.0,0.0,0.0,無,
望安鄉,房地(土地+建物),澎湖縣望安鄉１３８號,112.01,,鄉村區,乙種建築用地,1141029,土地1建物1車位0,全,一層,透天厝,住家用,造,,106.22,0,0,0,無,無,1196199,11262,,0.0,0,地清或未辦繼承標售；,RPQNMLPLJIKGFAX07DA,106.22,0.0,0.0,無,032
望安鄉,房地(土地+建物),澎湖縣望安鄉１３８號,112.01,,鄉村區,乙種建築用地,1141029,土地1建物1車位0,全,一層,透天厝,住家用,造,,106.22,0,0,0,無,無,3800,36,,0.0,0,地清或未辦繼承標售；,SPQNMLPLJIKGFAX17DA,106.22,0.0,0.0,無,032
馬公市,房地(土地+建物)+車位,澎湖縣馬公市貿商街１４２號二樓之一,30.6,住,,,1141029,土地2建物1車位1,二層,十四層,住宅大樓(11層含以上有電梯),住家用,鋼筋混凝土造,0950710,186.5,3,2,2,有,有,6650000,35657,坡道平面,0.0,0,,RPUNMLSJKIKGFAX67DA,102.51,0.0,11.64,有,034
湖西鄉,土地,南寮南段909地號,1611.61,,一般農業區,農牧用地,1141022,土地1建物0車位0,,,其他,,,,0.0,0,0,0,無,無,3260000,2023,,0.0,0,,RPPNMLNLIIKGFAX66DA,0.0,0.0,0.0,無,035
馬公市,土地,雙湖段266地號,40.51,,鄉村區,乙種建築用地,1141009,土地1建物0車位0,,,其他,,,,0.0,0,0,0,無,無,436200,10768,,0.0,0,地清或未辦繼承標售；,RPPNMLTLKIKGFAX57EA,0.0,0.0,0.0,無,
馬公市,土地,東澳段123地號,125.18,住,,,1141024,土地1建物0車位0,,,其他,,,,0.0,0,0,0,無,無,12796680,102226,,0.0,0,,RPPNMLOLKIKGFAX96DA,0.0,0.0,0.0,無,036
西嶼鄉,土地,二崁南段767地號,1480.38,,一般農業區,農牧用地,1141011,土地5建物0車位0,,,其他,,,,0.0,0,0,0,無,無,335850,227,,0.0,0,,RPRNMLPJKIKGFAX07DA,0.0,0.0,0.0,無,
馬公市,房地(土地+建物),澎湖縣馬公市朝陽路２巷９號,93.8,住,,,1141013,土地1建物1車位0,全,二層,透天厝,住家用,鋼筋混凝土加強磚造,0680512,96.41,3,2,1,有,無,8280000,85883,,0.0,0,,RPPNMLPJJHLGFAX76DA,96.41,0.0,0.0,無,
馬公市,土地,雙湖段240地號,58.02,,鄉村區,乙種建築用地,1141009,土地1建物0車位0,,,其他,,,,0.0,0,0,0,無,無,470000,8101,,0.0,0,地清或未辦繼承標售；,RPPNMLRJJHLGFAX07EA,0.0,0.0,0.0,無,
湖西鄉,房地(土地+建物),澎湖縣湖西鄉港子尾２３之８號,283.78,,一般農業區,甲種建築用地,1141017,土地2建物1車位0,全,三層,透天厝,住家用,鋼筋混凝土造,1140801,275.36,5,2,5,有,無,11850000,43035,,0.0,0,,RPPNMLQKJHLGFAX96DA,248.78,26.58,0.0,無,
七美鄉,土地,七美六段2293地號,37.05,,一般農業區,甲種建築用地,1141028,土地1建物0車位0,,,其他,,,,0.0,0,0,0,無,無,74200,2003,,0.0,0,地清或未辦繼承標售；,RPPNMLMKKIKGFAX76EA,0.0,0.0,0.0,無,037
七美鄉,土地,七美二段145地號,538.25,,鄉村區,乙種建築用地,1141031,土地1建物0車位0,,,其他,,,,0.0,0,0,0,無,無,1723900,3203,,0.0,0,地清或未辦繼承標售；,RPPNMLTJKHLGFAX37EA,0.0,0.0,0.0,無,
馬公市,土地,海堤段67-2地號,203.62,,一般農業區,甲種建築用地,1140908,土地2建物0車位0,,,其他,,,,0.0,0,0,0,無,無,10800000,53040,,0.0,0,土地交易案件之價格含未來興建房屋成本；,RPQNMLLKKIKGFAX66DA,0.0,0.0,0.0,無,
馬公市,土地,文寮段1331地號,282.0,,一般農業區,農牧用地,1140920,土地1建物0車位0,,,其他,,,,0.0,0,0,0,無,無,6400000,22695,,0.0,0,,RPQNMLOLKIKGFAX07DA,0.0,0.0,0.0,無,038
馬公市,土地,文寮段1331地號,227.02,,一般農業區,農牧用地,1140920,土地1建物0車位0,,,其他,,,,0.0,0,0,0,無,無,5340000,23522,,0.0,0,,SPQNMLOLKIKGFAX17DA,0.0,0.0,0.0,無,038
馬公市,建物,澎湖縣馬公市光榮街８６號,0.0,,,,1140925,土地0建物1車位0,全,一層,透天厝,商業用,鋼骨構造,1110919,239.07,0,1,1,有,無,3500000,14640,,0.0,0,此交易價格含馬公市埕西段839、840地號，文光段983、983-1、983-2、984、984-1、984-2地號等8筆國有土地標租租賃權。；建物坐落地號：文光段984-1地號；,RPPNMLRKKIKGFAX17DA,239.07,0.0,0.0,無,
馬公市,建物,澎湖縣馬公市光榮街８８號,0.0,,,,1140925,土地0建物1車位0,全,一層,透天厝,商辦用,鋼骨構造,1110919,696.99,1,1,1,有,無,10200000,14634,,0.0,0,此交易價格含馬公市埕西段839、840地號，文光段983、983-1、983-2、984、984-1、984-2地號等8筆國有土地標租租賃權。；建物坐落地號：文光段983-1地號；,SPPNMLRKKIKGFAX27DA,696.99,0.0,0.0,無,
馬公市,建物,澎湖縣馬公市光榮街９０號,0.0,,,,1140925,土地0建物1車位0,全,一層,透天厝,商辦用,鋼骨構造,1110919,530.25,1,1,1,有,無,7800000,14710,,0.0,0,此交易價格含馬公市埕西段839、840地號，文光段983、983-1、983-2、984、984-1、984-2地號等8筆國有土地標租租賃權。；建物坐落地號：文光段983地號；,TPPNMLRKKIKGFAX37DA,530.25,0.0,0.0,無,
馬公市,土地,四維段335-6地號,183.98,,一般農業區,甲種建築用地,1140927,土地3建物0車位0,,,其他,,,,0.0,0,0,0,無,無,13580000,73812,,0.0,0,農變建之起造人變更土地交易案件之價格含未來興建房屋成本；,RPRNMLPJJHLGFAX96DA,0.0,0.0,0.0,無,
白沙鄉,土地,講美段1237地號,446.17,,一般農業區,農牧用地,1140904,土地1建物0車位0,,,其他,,,,0.0,0,0,0,無,無,691000,1549,,0.0,0,地清或未辦繼承標售；,RPPNMLPLKHLGFAX17EA,0.0,0.0,0.0,無,
馬公市,房地(土地+建物),澎湖縣馬公市中正路三橫巷４號,105.0,商,,,1140829,土地1建物1車位0,全,二層,透天厝,商業用,造,,169.46,0,0,0,無,無,10400000,61371,,0.0,0,,RPTNMLSJKIKGFAX57DA,169.46,0.0,0.0,無,
馬公市,房地(土地+建物),澎湖縣馬公市後窟潭７６之２號,268.72,,鄉村區,乙種建築用地,1140806,土地1建物1車位0,全,一層,透天厝,住家用,加強磚造,0570101,70.96,3,2,1,有,無,6400000,90192,,0.0,0,,RPPNMLOLJIKGFAX86DA,70.96,0.0,0.0,無,
馬公市,房地(土地+建物),澎湖縣馬公市文昌街３０巷１９之３號,99.17,住,,,1140819,土地1建物1車位0,全,四層,透天厝,住家用,鋼筋混凝土造,1140701,267.58,6,2,7,有,無,23000000,85956,,0.0,0,,RPPNMLQLKIKGFAX17DA,255.49,12.09,0.0,有,
馬公市,房地(土地+建物),澎湖縣馬公市光復路３３之１６號,70.0,商,,,1140802,土地1建物1車位0,全,一層,透天厝,住家用,空心磚造,0651119,45.08,0,0,0,無,無,3600000,79858,,0.0,0,,RPPNMLNLJHLGFAX76DA,45.08,0.0,0.0,無,
西嶼鄉,土地,池東段719地號,230.3,,一般農業區,甲種建築用地,1140712,土地1建物0車位0,,,其他,,,,0.0,0,0,0,無,無,1225000,5319,,0.0,0,,RPQNMLSLJIKGFAX37DA,0.0,0.0,0.0,無,
馬公市,房地(土地+建物),澎湖縣馬公市北辰街１７巷５弄１０之２號,43.26,住,,,1140709,土地2建物1車位0,三層,五層,公寓(5樓含以下無電梯),住家用,鋼筋混凝土造,0730629,86.25,3,2,2,有,無,4500000,52174,,0.0,0,,RPQNMLTKKIKGFAX47DA,86.25,0.0,0.0,無,
馬公市,土地,山水東段547地號,366.54,,一般農業區,農牧用地,1140731,土地1建物0車位0,,,其他,,,,0.0,0,0,0,無,無,1649000,4499,,0.0,0,親友、員工、共有人或其他特殊關係間之交易；,RPPNMLOKJHLGFAX76DA,0.0,0.0,0.0,無,040
馬公市,土地,安宅段1261地號,114.72,,鄉村區,乙種建築用地,1140731,土地1建物0車位0,,,其他,,,,0.0,0,0,0,無,無,831967,7252,,0.0,0,地清或未辦繼承標售；,RPPNMLSKJHLGFAX17DA,0.0,0.0,0.0,無,041
馬公市,土地,安宅段1261地號,38.24,,鄉村區,乙種建築用地,1140731,土地1建物0車位0,,,其他,,,,0.0,0,0,0,無,無,277757,7264,,0.0,0,地清或未辦繼承標售；,SPPNMLSKJHLGFAX27DA,0.0,0.0,0.0,無,041
馬公市,土地,安宅段1261地號,28.68,,鄉村區,乙種建築用地,1140731,土地1建物0車位0,,,其他,,,,0.0,0,0,0,無,無,207798,7245,,0.0,0,地清或未辦繼承標售；,TPPNMLSKJHLGFAX37DA,0.0,0.0,0.0,無,041
馬公市,土地,鐵線段509-7地號,164.76,,一般農業區,甲種建築用地,1140717,土地1建物0車位0,,,其他,,,,0.0,0,0,0,無,無,3890000,23610,,0.0,0,,RPQNMLNKJHLGFAX76DA,0.0,0.0,0.0,無,
湖西鄉,土地,成功南段1073-3地號,208.66,,一般農業區,甲種建築用地,1140602,土地2建物0車位0,,,其他,,,,0.0,0,0,0,無,無,8880000,42557,,0.0,0,農變建之起造人變更土地交易案件之價格含未來興建房屋成本；,RPPNMLTLKIKGFAX47DA,0.0,0.0,0.0,無,
馬公市,土地,五福段1384-1地號,1054.67,,一般農業區,農牧用地,1140628,土地1建物0車位0,,,其他,,,,0.0,0,0,0,無,無,14000000,13274,,0.0,0,,RPPNMLPLJIKGFAX96DA,0.0,0.0,0.0,無,
白沙鄉,房地(土地+建物),澎湖縣白沙鄉中屯２５號,1397.28,,一般農業區,農牧用地,1140607,土地13建物1車位0,全,三層,透天厝,住家用,鋼筋混凝土造,1010924,80.62,7,3,8,有,無,3200000,39692,,0.0,0,兄弟間買賣親友、員工、共有人或其他特殊關係間之交易；,RPQNMLOJKHLGFAX86DA,79.23,1.39,0.0,無,
馬公市,土地,馬公段2532地號,25.0,住,,,1140530,土地1建物0車位0,,,其他,,,,0.0,0,0,0,無,無,1180000,47200,,0.0,0,依土地法34-1辦理買賣。,RPSNMLNJJIKGFAX86DA,0.0,0.0,0.0,無,
馬公市,土地,馬公段2532-1地號,197.0,都市：其他:道路用地,,,1140530,土地1建物0車位0,,,其他,,,,0.0,0,0,0,無,無,8900000,45178,,0.0,0,依土地法34-1辦理買賣。,SPSNMLNJJIKGFAX96DA,0.0,0.0,0.0,無,
白沙鄉,土地,講美段475地號,456.37,,鄉村區,乙種建築用地,1140410,土地2建物0車位0,,,其他,,,,0.0,0,0,0,無,無,2360000,5171,,0.0,0,,RPRNMLLLJHLGFAX76DA,0.0,0.0,0.0,無,
馬公市,土地,鐵線段509-5地號,174.93,,一般農業區,甲種建築用地,1140416,土地1建物0車位0,,,其他,,,,0.0,0,0,0,無,無,4790000,27382,,0.0,0,,RPTNMLNKJHLGFAX07DA,0.0,0.0,0.0,無,
馬公市,土地,五福段613地號,211.81,,一般農業區,甲種建築用地,1130621,土地2建物0車位0,,,其他,,,,0.0,0,0,0,無,無,10700000,50517,,0.0,0,,RPQNMLRJJIKGFAX07DA,0.0,0.0,0.0,無,
馬公市,房地(土地+建物),澎湖縣馬公市西衛３７６之８號,215.98,,一般農業區,甲種建築用地,1130522,土地2建物1車位0,全,三層,透天厝,住家用,鋼筋混凝土造,1140123,230.35,5,1,6,有,無,13200000,57304,,0.0,0,,RPQNMLQLKIKGFAX27DA,216.71,13.64,0.0,無,
馬公市,土地,四維段894地號,331.72,,鄉村區,乙種建築用地,1120118,土地1建物0車位0,,,其他,,,,0.0,0,0,0,無,無,10350000,31201,,0.0,0,親友、員工、共有人或其他特殊關係間之交易；,RPPNMLKMKIKGFAX76EA,0.0,0.0,0.0,無,044
馬公市,房地(土地+建物)+車位,澎湖縣馬公市五福路３６３號二樓之二,22.28,,鄉村區,乙種建築用地,1110903,土地3建物1車位1,二層,六層,華廈(10層含以下有電梯),住家用,鋼筋混凝土造,1141020,101.22,2,2,2,有,有,6560000,70372,坡道平面,20.79,900000,預售屋、或土地及建物分件登記案件；,RPPNMLOKKHLGFAX86DA,50.09,6.36,0.0,有,
馬公市,房地(土地+建物),澎湖縣馬公市五福路３６３號二樓之三,20.8,,鄉村區,乙種建築用地,1110831,土地3建物1車位0,二層,六層,華廈(10層含以下有電梯),住家用,鋼筋混凝土造,1141020,75.2,2,2,2,有,有,5000000,66489,,0.0,0,預售屋、或土地及建物分件登記案件；,RPQNMLOKKHLGFAX96DA,49.01,3.76,0.0,有,
馬公市,房地(土地+建物),澎湖縣馬公市五福路３６３號二樓之五,20.86,,鄉村區,乙種建築用地,1110818,土地3建物1車位0,二層,六層,華廈(10層含以下有電梯),住家用,鋼筋混凝土造,1141020,75.36,2,2,2,有,有,5050000,67012,,0.0,0,預售屋、或土地及建物分件登記案件；,RPRNMLOKKHLGFAX07DA,49.17,3.76,0.0,有,
馬公市,房地(土地+建物),澎湖縣馬公市石泉４０７之３號,198.05,,一般農業區,甲種建築用地,1110714,土地2建物1車位0,全,三層,透天厝,住家用,鋼筋混凝土造,1140826,231.46,5,1,5,有,無,7780000,33613,,0.0,0,,RPPNMLOLKHLGFAX96DA,226.88,4.58,0.0,無,
